run,kimg,ada_p,g_loss,d_loss,d_score_real,d_score_fake,r1_penalty,sec_per_kimg,peak_gpu_mem_gb,total_hours,fid50k_full,fid50k_full_eval_count,kid50k_full,pr50k3_full_precision,pr50k3_full_recall,kid50k_full_eval_count,pr50k3_full_precision_eval_count,pr50k3_full_recall_eval_count
E1,0,0.0,0.2912329826503992,3.4949525594711304,-1.2386623173952103,2.1167374923825264,0.0003428864074521698,247.2246551513672,17.658164978027344,0.01337758544832468,309.2155540500527,1,,,,,,
E1,4,0.0030719998758286238,7.732306689097886,0.7493923515458369,1.2834833319665808,-6.769849478385397,0.0011654318344274845,11.663389205932617,9.841800689697266,0.09065105766057968,,,,,,,,
E1,8,0.009728001430630684,8.233988835225029,0.36326256017237607,2.935989973899811,-7.697136886913093,0.005145602362972568,11.87775993347168,3.22822904586792,0.10395634919404984,,,,,,,,
E1,12,0.017920004203915596,5.314526463548343,0.36811433139392025,4.331356911294496,-4.927658900884645,0.028600819379789755,11.8367280960083,3.230619430541992,0.11721955984830856,,,,,,,,
E1,16,0.019968004897236824,3.5408096066194483,1.167833608285051,2.2679959958725013,-2.3728223144231984,0.011978932710917434,11.893345832824707,3.2384653091430664,0.13055092096328735,,,,,,,,
E1,20,0.025088006630539894,3.4518175586939805,0.6447389287770622,2.7412326206355844,-2.8608504610047456,0.014126607849902939,11.739034652709961,3.2315258979797363,0.1437097042798996,,,,,,,,
E1,24,0.029696008190512657,3.8109989852186232,0.49053292093606343,3.052822342281466,-3.24764954989096,0.01716527253302047,11.865838050842285,3.2344765663146973,0.15700165927410126,,,,,,,,
E1,28,0.03584000840783119,3.5343591511426937,0.6375541413158533,3.431794492166434,-2.8736647475503445,0.014612168008170556,11.894994735717773,3.230724334716797,0.1703268438577652,,,,,,,,
E1,32,0.04096001014113426,4.27318649946682,0.83579633747124,2.763486358948719,-3.1317924365238654,0.00902119897364173,11.881514549255371,3.231945037841797,0.1836361587047577,,,,,,,,
E1,36,0.047104012221097946,3.062616967256107,0.5556652209581068,3.087506576427328,-2.5706029581423433,0.016763521824032068,11.799714088439941,3.2336015701293945,0.196857288479805,,,,,,,,
E1,40,0.04761601239442825,2.655100884536902,0.8892747710739809,1.9148273537519263,-1.8462245439230982,0.016080427478300408,11.895857810974121,3.2480311393737793,0.21018247306346893,,,,,,,,
E1,44,0.050688013434410095,2.6617377591984615,0.7151620539555711,2.4345236132894432,-2.0284018812494145,0.04267112768138759,11.87082576751709,3.238717555999756,0.22348491847515106,,,,,,,,
E1,48,0.05171201378107071,4.501819092957747,1.0389684134473403,2.2553616196973554,-3.000023959041943,0.023522295930888504,11.822189331054688,3.2334628105163574,0.23673014342784882,,,,,,,,
E1,52,0.05478401482105255,2.247482471936752,0.6467837707272598,3.0601464977293316,-1.773232358359983,0.023483550343371462,11.74876594543457,3.288567066192627,0.24989522993564606,,,,,,,,
E1,57,0.05324801430106163,2.210984316610155,0.8856674221506904,1.762526507273928,-1.6094630181748746,0.0207773914153222,11.866933822631836,3.236989974975586,0.26318827271461487,,,,,,,,
E1,61,0.05632001534104347,4.534440992799189,0.8972254614123986,2.5727066211402416,-3.252542187252806,0.053115505492314696,11.756162643432617,3.2451114654541016,0.2763573229312897,,,,,,,,
E1,65,0.059392016381025314,2.1451458106674846,0.66409327673711,2.7700599190542725,-1.7306438743669008,0.04709108264069073,11.78982925415039,3.232611656188965,0.2895657420158386,,,,,,,,
E1,69,0.06451200693845749,2.7130105325153897,0.5458887765804926,3.6914952694240846,-2.2721772468501023,0.04234230929675201,11.763442993164062,3.244128704071045,0.30274495482444763,,,,,,,,
E1,73,0.06809598207473755,2.2973821003522192,0.6840561108427152,2.872781724210328,-1.7740091526999124,0.053182371659204364,11.899764060974121,3.2733898162841797,0.31607475876808167,,,,,,,,
E1,77,0.0711679607629776,2.281068132037208,0.7418473226624349,2.4773144761183814,-1.7243932211912045,0.05966182459087577,11.848536491394043,3.2398605346679688,0.3293513357639313,,,,,,,,
E1,81,0.07219195365905762,2.380224893253947,0.709561489685069,2.6049376654424776,-1.8408944140380574,0.06760508724255487,11.891450881958008,3.237361431121826,0.3426799178123474,,,,,,,,
E1,85,0.07321594655513763,2.242481501743434,0.7745554347241682,2.3973422240354676,-1.7031396019479468,0.045093466847902164,11.789058685302734,3.254998207092285,0.35589799284935,,,,,,,,
E1,89,0.07372794300317764,2.6928854154215918,0.6923079357319881,2.270366312713543,-2.0632892669666383,0.07663353500538506,11.848108291625977,3.272110939025879,0.3691699802875519,,,,,,,,
E1,93,0.07577592879533768,2.235214377797785,0.7119402747956061,2.2981582910322875,-1.7643184246835373,0.0413639459584374,11.893956184387207,3.264045238494873,0.3824975788593292,,,,,,,,
E1,97,0.07987190037965775,2.4105542458830373,0.6594267320627022,2.5558493881305653,-1.8903253757660943,0.06113085693505127,11.94921588897705,3.24444580078125,0.3958864212036133,,,,,,,,
E1,100,,,,,,,,,,317.9307460754882,1,,,,,,
E1,101,0.08089589327573776,3.220876281933179,0.8709419473473515,2.1623552257278518,-2.2651555526572915,0.03015842044260353,11.845293045043945,3.2700328826904297,0.409158855676651,,,,,,,,
E1,105,0.08447986841201782,2.5302817576106578,0.7038852210112271,2.892729400726619,-2.0183975959847134,0.04505574738141149,11.82486343383789,3.241170883178711,0.45798370242118835,,,,,,,,
E1,109,0.08447986841201782,1.8486701991586458,0.7778801819871343,1.9564461180134052,-1.3814279765836777,0.048487661115359515,11.87467098236084,3.246896743774414,0.47128957509994507,,,,,,,,
E1,113,0.08755184710025787,2.591873515456442,0.7031741481096971,2.717593116935954,-1.9571338861234604,0.04289030728978105,11.946510314941406,3.24722957611084,0.4846756160259247,,,,,,,,
E1,117,0.08755184710025787,2.2285543612781025,0.7424739235420785,2.4872440073583553,-1.7304745810549884,0.05021575785940513,11.81663703918457,3.247559070587158,0.4979299008846283,,,,,,,,
E1,121,0.08806384354829788,2.8400913459795807,0.8194258338993504,2.2368616352010684,-2.070592520717857,0.03196720057167113,11.919942855834961,3.243192195892334,0.5112823247909546,,,,,,,,
E1,125,0.09113582223653793,2.0803805273913203,0.7809196314848368,2.6989446170489066,-1.6365669094218267,0.03723381846793927,11.903779029846191,3.2473840713500977,0.5246222019195557,,,,,,,,
E1,129,0.08601585775613785,1.6612529846883954,0.9279277683013961,1.439849084347431,-1.139982706763678,0.046702676569111645,11.843688011169434,3.24733304977417,0.5378892421722412,,,,,,,,
E1,133,0.08089589327573776,1.8125022029474613,0.9200485749318014,1.5360245446984966,-1.2470258801754208,0.03866882350606223,11.720090866088867,3.2651124000549316,0.5510270595550537,,,,,,,,
E1,137,0.07321594655513763,1.6926591972273493,0.9843239542392511,1.2546174266000292,-1.1114705958595825,0.04607120557921007,11.893290519714355,3.240434169769287,0.5643497109413147,,,,,,,,
E1,141,0.06809598207473755,1.7785710719606234,0.9579564367849676,1.1947314306579309,-1.1850434169284112,0.0657356059527956,11.865028381347656,3.265965461730957,0.5776815414428711,,,,,,,,
E1,145,0.06195201724767685,1.4934989011713438,1.045523785586868,0.8783003324086764,-0.9189169309397657,0.031786623716470785,11.841985702514648,3.2410154342651367,0.5909873843193054,,,,,,,,
E1,149,0.05478401482105255,1.4870344414597465,1.1089177161809944,0.8811610091630536,-0.8704968138250507,0.06992402975447476,11.81434440612793,3.243399143218994,0.6042698621749878,,,,,,,,
E1,153,0.0512000136077404,1.6815553293932999,1.0137370357969924,1.0107972609615927,-1.0781362417638154,0.06086693663382903,11.817822456359863,3.247110366821289,0.6175073385238647,,,,,,,,
E1,157,0.044032011181116104,1.5803306630206486,1.0737072199228264,0.8197431396136978,-0.9514482211402898,0.038325368717778474,11.57072925567627,3.2509121894836426,0.6305083632469177,,,,,,,,
E1,161,0.038912009447813034,1.7193906774360037,0.9476620854425525,1.2219189522968632,-1.1572705830506507,0.05673511320492253,11.762516021728516,3.233471393585205,0.6437227725982666,,,,,,,,
E1,165,0.03276800736784935,1.515937949131642,1.0907662512645835,0.7718771759615238,-0.8947119427741401,0.051287242909893394,11.755163192749023,3.2600350379943848,0.6568933129310608,,,,,,,,
E1,169,0.027136005461215973,1.5228512727078938,1.0359171840643127,0.918384691234678,-0.934940127611515,0.056523339182604104,11.912257194519043,3.2339768409729004,0.6702371835708618,,,,,,,,
E1,173,0.022016003727912903,1.6378738724050068,1.0916713926172446,0.8338342984276477,-0.9883148826691988,0.030098163901129737,11.875592231750488,3.233968734741211,0.6835434436798096,,,,,,,,
E1,177,0.01382400095462799,1.5428679194005708,1.09279811021591,0.8184309349562139,-0.920229149274602,0.0420992792933248,11.894487380981445,3.2362308502197266,0.6968744397163391,,,,,,,,
E1,182,0.00870399922132492,1.6830148612932554,1.0053538450054706,1.0818738947108166,-1.0882854019661272,0.05657757824519649,11.824819564819336,3.232357978820801,0.7101224064826965,,,,,,,,
E1,186,0.0010239980183541775,1.4725340915814278,1.1304244160179109,0.7058132230512687,-0.8364292017538988,0.03319225553423166,11.928232192993164,3.233064651489258,0.7234841585159302,,,,,,,,
E1,190,0.0010240001138299704,2.660085906052873,0.9119239542633295,1.588801793274539,-1.8177439641495723,0.04487811797298491,11.870159149169922,3.2302465438842773,0.7367871403694153,,,,,,,,
E1,194,0.0005119999987073243,1.9415136807494693,0.87901655111521,1.550854972848641,-1.3720204576827764,0.05857058783294633,11.920516014099121,3.2119665145874023,0.7501406669616699,,,,,,,,
E1,198,0.0,1.7783198952674721,0.9833496733908615,1.099889048996071,-1.175225372987962,0.04934284160844982,11.719491958618164,3.216244697570801,0.7632712721824646,,,,,,,,
E1,201,,,,,,,,,,265.7403531393519,1,,,,,,
E1,202,0.0005120001151226461,1.9629594509800274,0.9500852486207372,1.3334323001274866,-1.3274387020750769,0.06060587812680751,11.887435913085938,3.2306017875671387,0.7765871286392212,,,,,,,,
E1,206,0.0,1.6879870798143128,1.0278029790709888,0.9339424491818271,-1.0737430002200343,0.0635357319843024,10.779614448547363,3.2172303199768066,0.8249034881591797,,,,,,,,
E1,210,0.0,1.4363970176449843,1.1058907932232296,0.7621609338197801,-0.8236832505106808,0.0308985126321204,11.76828384399414,3.2112250328063965,0.8381113409996033,,,,,,,,
E1,214,0.0,1.7136760694640023,1.0031099177542186,0.9521678404764398,-1.0971767368933394,0.10144999687327072,11.727446556091309,3.213376522064209,0.8512481451034546,,,,,,,,
E1,218,0.0,1.870095853590303,0.9691892826249675,1.0864640460488624,-1.2415468441063746,0.06073012307751924,11.871330261230469,3.214087963104248,0.864546000957489,,,,,,,,
E1,222,0.0,1.7228436554589914,1.0415921864055453,0.9163305588525289,-1.0981641436912237,0.029601682763313875,11.898696899414062,3.2117557525634766,0.8778828382492065,,,,,,,,
E1,226,0.002047999994829297,2.189087215397093,0.9351875221445447,1.2393278614131373,-1.4980091176897523,0.094802244391758,11.875276565551758,3.2136802673339844,0.8911899924278259,,,,,,,,
E1,230,0.0020480002276599407,2.3159267989889023,0.7824407305258015,1.6751744966926192,-1.7506310310222148,0.0927696413709782,11.763612747192383,3.23370361328125,0.9043672680854797,,,,,,,,
E1,234,0.0,1.5780437025758955,1.0626123386716086,0.9882458914088696,-0.970604824967542,0.04211665934417397,11.874070167541504,3.213609218597412,0.917667806148529,,,,,,,,
E1,238,0.0010239999974146485,1.5283763109455033,1.0540742819744444,0.7949668609662287,-0.9377337413718037,0.05485377029981464,11.907732009887695,3.21242618560791,0.9310117363929749,,,,,,,,
E1,242,0.0,1.7739163818103927,0.9851301002597052,1.0749855484994155,-1.184831398620551,0.045805306115653366,11.939105033874512,3.2155542373657227,0.9444027543067932,,,,,,,,
E1,246,0.0,1.6138624903110286,1.0483121452705255,0.8475862343121431,-0.99803360893635,0.04405426315497607,11.827192306518555,3.2109928131103516,0.9576551914215088,,,,,,,,
E1,250,0.0,1.8343684641378266,1.004866781393214,0.9978032098499252,-1.1812201280013792,0.05948736210120842,11.883936882019043,3.212858200073242,0.9709672927856445,,,,,,,,
E1,254,0.0,1.8553851249199065,0.9482642533405433,1.0741946738797115,-1.2603118084740663,0.09174416423775256,11.871294975280762,3.235860824584961,0.9842679500579834,,,,,,,,
E1,258,0.004095999989658594,2.208743739991434,0.8732142239395115,1.3334737876430154,-1.5814825301797735,0.09653926177998073,11.868255615234375,3.2202858924865723,0.9975646138191223,,,,,,,,
E1,262,0.0020480002276599407,1.887505315066803,0.9161757783047737,1.1253469294840188,-1.3105796210519556,0.08135270249719422,11.70308780670166,3.219189167022705,1.0106762647628784,,,,,,,,
E1,266,0.0015360002871602774,1.7265408421674417,0.9561098431429219,0.9783357399265602,-1.163612326998855,0.12454467365751043,11.894926071166992,3.219780921936035,1.024000644683838,,,,,,,,
E1,270,0.0015360002871602774,1.8539345311148772,0.8801944860745043,1.2333207909476513,-1.3023837343974423,0.08533835178241134,11.892252922058105,3.2207117080688477,1.0373269319534302,,,,,,,,
E1,274,0.0005120003479532897,2.0322382784197255,0.9130036573088358,1.1994843934940647,-1.4280614509572467,0.10550394072197378,11.925553321838379,3.2274837493896484,1.050692081451416,,,,,,,,
E1,278,0.0010239999974146485,1.73772730087004,0.9816326918819595,0.8632781260799783,-1.1579646650121533,0.11133435659576207,11.807944297790527,3.2137370109558105,1.0639235973358154,,,,,,,,
E1,282,0.0,1.904494092104927,0.9176457070168995,1.1602494970742445,-1.3297375508617344,0.11229287751484662,11.904054641723633,3.23146915435791,1.0772581100463867,,,,,,,,
E1,286,1.1641532182693481e-10,1.7315742045877471,0.9397636312873118,1.0446142389425146,-1.183122536899256,0.1483245079871267,11.862467765808105,3.2126407623291016,1.0905510187149048,,,,,,,,
E1,290,0.0005119999987073243,1.68140340022861,0.917091985543569,1.1487215667921327,-1.1539582218605255,0.11512557207606733,11.889101028442383,3.2189717292785645,1.1038726568222046,,,,,,,,
E1,294,0.0005119999987073243,1.7273317731562114,0.9697003217325324,1.0378481447696686,-1.1577419724337579,0.09725705638993531,11.743566513061523,3.210010528564453,1.117031216621399,,,,,,,,
E1,298,0.0,1.892982529446719,1.014021176283085,0.931891657363401,-1.2375912793379809,0.08444734441582114,11.910605430603027,3.2259230613708496,1.1303733587265015,,,,,,,,
E1,302,0.0010239999974146485,1.47771875424281,1.041017413908054,0.7916765821951706,-0.8994686874451988,0.058886780170723796,11.858867645263672,3.210184097290039,1.1436622142791748,155.49380609351695,1,,,,,,
E1,306,0.0,1.580214599177005,1.0682348269555304,0.6929418099905128,-0.9554809850773641,0.10845839645480737,11.733036041259766,3.2132763862609863,1.1930241584777832,,,,,,,,
E1,311,0.0,1.748898571386697,1.0185272677964161,0.8535735796817314,-1.1035897056387354,0.07049874670337886,11.847346305847168,3.2101845741271973,1.2063333988189697,,,,,,,,
E1,315,0.0025599999353289604,2.532629061135508,0.8013062591901019,1.7055055356042377,-1.878293552713114,0.19093072484247386,11.880147933959961,3.2203283309936523,1.2196412086486816,,,,,,,,
E1,319,0.0005120001151226461,1.7958276249941378,0.9451816191394178,0.9327391322924575,-1.2323827482944738,0.13315534620778635,11.972320556640625,3.2353553771972656,1.2330522537231445,,,,,,,,
E1,323,0.0,1.2531608402847298,1.1311701262399319,0.4864371298715027,-0.6608138443839308,0.06252610380761325,11.845785140991211,3.2243781089782715,1.2463352680206299,,,,,,,,
E1,327,0.0,1.457477542083888,1.0762341017169612,0.6730358311077439,-0.8618697620566107,0.06316057639196515,11.736128807067871,3.211977481842041,1.2594852447509766,,,,,,,,
E1,331,0.0,1.6411266744964652,0.9911069203582075,0.8922144750953277,-1.0557663245459221,0.09905679908115417,11.855463027954102,3.2112488746643066,1.2727653980255127,,,,,,,,
E1,335,0.0,1.9119695438633835,0.9995208678264467,0.9038645787227121,-1.2579465995169437,0.14879444445250556,11.871663093566895,3.230851650238037,1.2860686779022217,,,,,,,,
E1,339,0.0,1.4602168620460563,1.0697623548644877,0.6423121002057929,-0.8451405403163609,0.04877867380855605,11.779627799987793,3.210771083831787,1.2992666959762573,,,,,,,,
E1,343,0.0010240001138299704,1.755996248196988,1.0082536698688591,0.8491290340603176,-1.1187942755770766,0.09682839550077915,11.804863929748535,3.228343963623047,1.3124945163726807,,,,,,,,
E1,347,0.0,1.693969828741891,0.989832859841131,0.855202785029368,-1.1072265788550593,0.09111996734282002,11.79239273071289,3.2355270385742188,1.3257040977478027,,,,,,,,
E1,351,0.0005120001151226461,2.0629064935067345,0.9901329903966851,0.9567338373345226,-1.3834919596297874,0.08067581412615255,11.8375883102417,3.21866512298584,1.3389657735824585,,,,,,,,
E1,355,0.0005120001151226461,1.7866655355762868,0.9697850665284528,0.9511988939953717,-1.198097841777203,0.10530414641834795,11.808584213256836,3.230705738067627,1.3521981239318848,,,,,,,,
E1,359,0.0005119999987073243,1.6127036431774733,1.010838619359429,0.7983065632401285,-1.0365005899848978,0.05401161345071159,11.786656379699707,3.2146100997924805,1.3654040098190308,,,,,,,,
E1,363,1.1641532182693481e-10,1.9128455413239343,0.9295475832704041,1.0587002442551972,-1.304000013677906,0.10394116735551506,11.840152740478516,3.2236480712890625,1.3786672353744507,,,,,,,,
E1,367,0.0010239999974146485,1.5832257224986004,1.0357244257770835,0.7073102361494814,-0.9829919317899833,0.1323448002221994,11.925951957702637,3.2324533462524414,1.3920305967330933,,,,,,,,
E1,371,0.0005119999987073243,1.573744810999386,1.0206981306038205,0.7765938241152899,-0.9900688649291941,0.12280242401175201,11.87637710571289,3.2121362686157227,1.4053400754928589,,,,,,,,
E1,375,0.0010239999974146485,1.5808343186619735,1.0474540340521978,0.6988913796967201,-0.9721332587290644,0.07439480512402952,11.80497932434082,3.2244033813476562,1.41856849193573,,,,,,,,
E1,379,0.0,1.6199354544755011,1.049818526480406,0.6922814787587902,-1.0096790727508802,0.10325767402537167,11.904618263244629,3.2137441635131836,1.4319037199020386,,,,,,,,
E1,383,0.0005119999987073243,1.8336689308995293,0.9324477931395883,0.9402732668347212,-1.2407471591288903,0.13312018872238696,11.846978187561035,3.2121667861938477,1.4451782703399658,,,,,,,,
E1,387,0.0,1.530029667038766,1.079903475999359,0.6516036863904446,-0.904669668421977,0.1212469480233267,11.857752799987793,3.214120864868164,1.458461046218872,,,,,,,,
E1,391,0.0005120001151226461,1.6386650740982047,1.0165449892954221,0.8114070671956253,-1.033234844590345,0.07900410238653421,11.67833423614502,3.211143970489502,1.4715566635131836,,,,,,,,
E1,395,0.0,1.8120416260309635,0.9660437307542279,0.9127198610830107,-1.1845416486566325,0.0953676326898858,11.866595268249512,3.2150959968566895,1.484849452972412,,,,,,,,
E1,399,0.0,1.4149582319789462,1.162302567431378,0.4104284043250077,-0.7756920102263047,0.07977168977959082,11.867814064025879,3.215881824493408,1.4981435537338257,,,,,,,,
E1,403,0.0015360000543296337,1.759050681654896,0.9992612340738849,0.8468687184808303,-1.1349897266953208,0.059928555914666504,11.914987564086914,3.2278318405151367,1.5114938020706177,108.36321764947576,1,,,,,,
E1,407,0.0,1.6579308879990426,1.0452428861624665,0.7567207310904762,-1.0459144673539356,0.1282650487846695,11.785886764526367,3.229672431945801,1.5609331130981445,,,,,,,,
E1,411,0.0,1.4661557666720852,1.0729972606613523,0.6725558298153441,-0.8595067445772685,0.06427144765621051,11.85765266418457,3.211913585662842,1.5742155313491821,,,,,,,,
E1,415,0.0,1.658590332560596,1.010580869480258,0.7868305568013396,-1.0604923870377538,0.09477579838130623,11.897186279296875,3.2124409675598145,1.5875474214553833,,,,,,,,
E1,419,0.0,1.6455937651178194,1.0120236344990277,0.7453648446461381,-1.0271869733456582,0.11163425259292126,11.849395751953125,3.226552963256836,1.6008213758468628,,,,,,,,
E1,423,0.0010239999974146485,1.7047597376245356,0.9405013214619387,0.850319164980606,-1.1428379978031098,0.12960403913166374,11.773666381835938,3.2112555503845215,1.614013671875,,,,,,,,
E1,427,0.0005119999987073243,1.6360328841422285,1.015588082846195,0.8138015679876084,-1.0508945894183679,0.09999338735360652,11.838349342346191,3.2150135040283203,1.6272746324539185,,,,,,,,
E1,431,0.0,1.7854711742746452,1.052879688699567,0.7560114720210767,-1.12738634225735,0.11178556614322588,11.888426780700684,3.2172365188598633,1.6405918598175049,,,,,,,,
E1,436,0.0,1.469123670624362,1.0646975070592903,0.6519858340572899,-0.8655721818998693,0.07154157944023609,11.818418502807617,3.211256504058838,1.6538331508636475,,,,,,,,
E1,440,0.0,1.7420461750811054,0.9950974674097129,0.8231519944965839,-1.1263861797162376,0.10477788432035595,11.756427764892578,3.211914539337158,1.667002558708191,,,,,,,,
E1,444,0.0,1.8429582050986706,1.004564782486312,0.887724080109107,-1.2114925052589989,0.0740215188707225,11.850858688354492,3.224087715148926,1.680277705192566,,,,,,,,
E1,448,0.0,1.794559739470955,1.0067768956697176,0.8184210142370925,-1.1759524806254795,0.097959203296341,11.925541877746582,3.2300314903259277,1.693636417388916,,,,,,,,
E1,452,0.0,1.5831951939515652,1.0100651515263415,0.7315635468755195,-0.9972837059370553,0.1276145908050239,11.840638160705566,3.2112574577331543,1.706902027130127,,,,,,,,
E1,456,0.0005120001151226461,1.6782823365832131,1.0057179108557721,0.8941848306073525,-1.0798213529097478,0.06872865138575435,11.678936958312988,3.2119154930114746,1.719988465309143,,,,,,,,
E1,460,0.0,1.4870583077981359,1.0816546034600054,0.619048441016574,-0.8796911154068001,0.11132713116239756,11.782716751098633,3.2119860649108887,1.733187198638916,,,,,,,,
E1,464,0.0,1.6447372949489998,1.0307745096820689,0.774690296490496,-1.0298982572904418,0.19306116830557585,11.796104431152344,3.2155327796936035,1.7464009523391724,,,,,,,,
E1,468,0.0,1.338497966350544,1.1440449241134856,0.49197063773675864,-0.7108704033621868,0.052273552922997624,11.734676361083984,3.2129735946655273,1.7595460414886475,,,,,,,,
E1,472,0.0,1.5002605025730436,1.0724265335334673,0.5927411469686499,-0.8791097447253942,0.09627082908991724,11.803861618041992,3.2119154930114746,1.772768497467041,,,,,,,,
E1,476,0.0010239999974146485,1.8415482371217675,0.9936223075326,0.9520810840324735,-1.2192763482582651,0.06877477635862306,11.778572082519531,3.2122445106506348,1.785962462425232,,,,,,,,
E1,480,0.0,1.5829474006498616,1.0063809132173893,0.7256891393908925,-1.0018520175298262,0.0994072362082079,11.743998527526855,3.2112574577331543,1.799117922782898,,,,,,,,
E1,484,0.0,1.6295776481311472,1.0212048612061948,0.789757869456575,-1.015601960999433,0.11554152017924935,11.813471794128418,3.213817596435547,1.812351107597351,,,,,,,,
E1,488,0.0015360000543296337,1.6660525280213545,0.9400954469447098,0.874548550201719,-1.1180505517090389,0.10276895621791482,11.757599830627441,3.232950210571289,1.8255256414413452,,,,,,,,
E1,492,0.0,1.5592023198685003,1.0616719901916527,0.634207519438507,-0.9540684083809278,0.15745641372632235,11.858592987060547,3.2112579345703125,1.8388093709945679,,,,,,,,
E1,496,0.0,1.5415847147741015,1.0410322844982147,0.8071074490122664,-0.9409815344667535,0.056046907731797546,11.841296195983887,3.211027145385742,1.8520772457122803,,,,,,,,
E1,500,0.0010239999974146485,1.7471818571525908,0.9847553947733508,0.8766994362266095,-1.1423898063422668,0.08009358629351482,11.846776962280273,3.211916446685791,1.8653488159179688,,,,,,,,
E1,504,0.0010239999974146485,1.6562834962138109,1.0234224103272906,0.742252709656787,-1.0424350989291384,0.11541273898910731,11.764999389648438,3.2315406799316406,1.8785383701324463,72.56515375856202,1,,,,,,
E1,508,0.0,1.7060480785984842,1.0035270093570625,0.7945238845561867,-1.0999587657417924,0.11675873160129413,11.812750816345215,3.214815616607666,1.9267557859420776,,,,,,,,
E1,512,0.0,1.6472704198861878,1.0194112414878511,0.7865200915804772,-1.0306174469213667,0.07230759249068797,11.83011245727539,3.214303970336914,1.9400076866149902,,,,,,,,
E1,516,0.0,1.7690651238201156,0.9783378326821894,0.8691185375800662,-1.1602222557320068,0.09910710676922463,11.771328926086426,3.2135658264160156,1.9531967639923096,,,,,,,,
E1,520,0.0,1.773106459942129,0.9774777924730664,0.8280540276953782,-1.167937296878783,0.08551518331902723,11.716683387756348,3.232024669647217,1.9663233757019043,,,,,,,,
E1,524,0.0,1.7125811249845557,0.9746569000657589,0.8321811364713445,-1.1297946460729849,0.14322811516467482,11.933857917785645,3.2123522758483887,1.9796912670135498,,,,,,,,
E1,528,0.0,1.6625437831121779,0.9718364551072083,0.8209743123265234,-1.0881745251235626,0.14589273906312883,11.907891273498535,3.227543354034424,1.993037462234497,,,,,,,,
E1,532,1.1641532182693481e-10,1.5291225066970264,1.0180125039011714,0.6894614597393284,-0.9320547181174218,0.13911252189427614,11.94529914855957,3.2173242568969727,2.006422996520996,,,,,,,,
E1,536,0.0005119999987073243,1.8419430665376166,0.9740165951587851,0.921401982466732,-1.1954969395347501,0.07839542021974921,11.717442512512207,3.2313690185546875,2.0195488929748535,,,,,,,,
E1,540,0.002047999994829297,1.8890467907582957,0.9488391830098062,0.9582004841736782,-1.2693687669733273,0.10207691288087517,11.884710311889648,3.214719295501709,2.0328617095947266,,,,,,,,
E1,544,0.002047999994829297,1.876864973840023,0.9409121769879546,0.9510821312971747,-1.2667950612903085,0.11406123521737754,11.914780616760254,3.2330737113952637,2.046215057373047,,,,,,,,
E1,548,1.1641532182693481e-10,1.829305905493952,0.9642258187726377,0.8868859709073692,-1.2258964156184995,0.13545172510202974,11.864029884338379,3.224855422973633,2.059507131576538,,,,,,,,
E1,552,0.0010239999974146485,1.8306536586984756,0.9104240851269828,0.9616142941235718,-1.2421887260529079,0.1193310646340251,11.781876564025879,3.2105579376220703,2.072709560394287,,,,,,,,
E1,556,0.0,1.6783096826975308,1.026861147984626,0.7490979533906637,-1.0593617920290739,0.1116335904225707,11.895002365112305,3.230741500854492,2.0860347747802734,,,,,,,,
E1,561,0.0,1.7185058528705248,1.0021741330505363,0.8348105079007905,-1.107950358415052,0.08670301816891879,11.889974594116211,3.2101993560791016,2.0993573665618896,,,,,,,,
E1,565,0.0005120001151226461,1.9088475489249779,0.9671818579709719,0.9195594149641693,-1.2774513307219697,0.10183834924828261,11.830806732177734,3.213846206665039,2.112626552581787,,,,,,,,
E1,569,0.0,1.5646135563415193,0.994454935606983,0.6974535240346927,-0.9959775700921282,0.1550611569546163,11.763225555419922,3.2125887870788574,2.1258060932159424,,,,,,,,
E1,573,0.0,1.665976504425681,0.9972189434818806,0.8214101678823857,-1.0718478697632987,0.18252900789957494,11.870721817016602,3.2101993560791016,2.139103412628174,,,,,,,,
E1,577,0.0005119999987073243,1.5634282695513868,1.019161323588046,0.7896566318014442,-0.9564242425692518,0.08170908025931567,11.875113487243652,3.2226881980895996,2.1524064540863037,,,,,,,,
E1,581,0.0,1.696295482949132,0.9995334618503139,0.8162055536409589,-1.0894383002841284,0.10839513910468668,11.868881225585938,3.211207866668701,2.1657028198242188,,,,,,,,
E1,585,0.0,1.7491902017758951,0.9968164365088182,0.7965000801310508,-1.1312276720557184,0.11045944473395745,11.684189796447754,3.2139062881469727,2.178795099258423,,,,,,,,
E1,589,0.0005119999987073243,1.8779750688681527,0.917544660646291,0.9956001961714963,-1.281486019469975,0.11031327280215919,11.85078239440918,3.210200309753418,2.1920700073242188,,,,,,,,
E1,593,0.0005119999987073243,1.806808037343361,0.9537788200236502,0.8890296141269491,-1.2245356972100183,0.12997768947388977,11.857597351074219,3.2251830101013184,2.205352783203125,,,,,,,,
E1,597,0.0,1.648489548750813,0.9907371683844498,0.7839936849230261,-1.058345405200112,0.14917664555832744,11.835808753967285,3.2110371589660645,2.218611240386963,,,,,,,,
E1,601,0.0,1.6382962710091047,1.0091545743838188,0.7778923899880541,-1.0360125521574879,0.08293638832401484,11.826730728149414,3.210200786590576,2.2318592071533203,,,,,,,,
E1,604,,,,,,,,,,46.79189833627055,1,,,,,,
E1,605,0.0,1.8131147314395224,0.957941484711473,0.90501612343881,-1.2014640959696696,0.12043439853005111,11.849380493164062,3.2166600227355957,2.2451326847076416,,,,,,,,
E1,609,0.0010240001138299704,1.8391345669589345,0.9715448245997467,0.8531130953108086,-1.2194630733306802,0.09637981164269149,11.636563301086426,3.2145280838012695,2.29445481300354,,,,,,,,
E1,613,0.0,1.7598707091122392,0.9968757476243708,0.83267771109327,-1.148562947428593,0.10367589630186558,11.861780166625977,3.2161970138549805,2.307742118835449,,,,,,,,
E1,617,0.0,1.855933623772765,0.9334798895768703,0.9257899760511884,-1.2515733362755752,0.10463532817084342,11.797127723693848,3.219674587249756,2.320960521697998,,,,,,,,
E1,621,0.0010239999974146485,1.8304192400167858,0.9403524386386076,0.9265107322039444,-1.2309056734462964,0.1700854180380702,11.867500305175781,3.2306270599365234,2.334254264831543,,,,,,,,
E1,625,0.0,1.8335632844458496,0.9420790411531925,0.9552296069520179,-1.2390207552447146,0.08158941508736461,11.843118667602539,3.212998390197754,2.347522020339966,,,,,,,,
E1,629,0.0,1.63511124253273,1.035368716078145,0.73518866305448,-1.0219557543713895,0.16569474362768233,11.84898853302002,3.209951877593994,2.3608248233795166,,,,,,,,
E1,633,0.0,1.6021496040953531,0.9650722021857897,0.752893063847893,-1.039465566893803,0.1150663907174021,11.763345718383789,3.2279539108276367,2.374035596847534,,,,,,,,
E1,637,0.0,1.7502761099428412,0.9456058453827624,0.979361787577396,-1.1760077848088084,0.11811794142704457,11.873897552490234,3.2102017402648926,2.3873367309570312,,,,,,,,
E1,641,0.0,1.6716760459636886,1.022430825475899,0.7370857649913697,-1.052818032310507,0.12878450157586485,11.8641939163208,3.219282627105713,2.4006307125091553,,,,,,,,
E1,645,0.0,1.616104880318282,0.9850512213177152,0.7898443415830496,-1.026459274089171,0.1445809027645737,11.877114295959473,3.226922035217285,2.4139366149902344,,,,,,,,
E1,649,0.0005119999987073243,1.833654606212226,0.9754636857422099,0.890131104511745,-1.2330447254713537,0.11847571842372417,11.696138381958008,3.2117719650268555,2.42704176902771,,,,,,,,
E1,653,0.002047999994829297,1.6490553346654726,0.9393428642125357,0.8366423811652323,-1.0832729888451655,0.13968480797484517,11.844355583190918,3.2241764068603516,2.440309762954712,,,,,,,,
E1,657,0.0005119999987073243,1.6732694191473818,0.9781784962803598,0.7890159945462399,-1.0884226546604334,0.1398191056214273,11.839381217956543,3.229564666748047,2.4535751342773438,,,,,,,,
E1,661,0.0,1.6758313229869282,0.9694602192630843,0.8102318459058375,-1.0830473243000194,0.13734861824195832,11.892786979675293,3.2316341400146484,2.4669034481048584,,,,,,,,
E1,665,0.0,1.6463392427161572,0.9808891555146565,0.751746459579123,-1.0552336547582868,0.16288238251581788,11.768425941467285,3.2110867500305176,2.4800896644592285,,,,,,,,
E1,669,0.0015360000543296337,1.8585359283264666,0.9359080232384186,0.9628648663759788,-1.252005479742019,0.08522267930675298,11.900978088378906,3.229431629180908,2.4934208393096924,,,,,,,,
E1,673,0.003583999816328287,1.678218923509121,0.9806831607979442,0.8280576562036329,-1.089951574491958,0.14471616502851248,11.860482215881348,3.2291884422302246,2.5067081451416016,,,,,,,,
E1,677,0.0025599999353289604,1.5891784821592627,1.0116329592844797,0.7973280651494861,-0.9987924512852693,0.12382512190379202,11.836181640625,3.231842517852783,2.5199670791625977,,,,,,,,
E1,681,0.0005120001151226461,1.6896651504295213,0.9716765167457717,0.8515890799879805,-1.1093151381734523,0.1301855358760804,11.770362854003906,3.2199010848999023,2.5331578254699707,,,,,,,,
E1,686,0.0,1.7668560421064732,0.9605906081223299,0.955915555809694,-1.1546736637681043,0.07935070595704019,11.854137420654297,3.2096924781799316,2.5464367866516113,,,,,,,,
E1,690,0.0,1.7606910280883312,0.9935683633481699,0.7994143169428876,-1.1481792310821928,0.11618600401561707,11.847062110900879,3.217175006866455,2.559711456298828,,,,,,,,
E1,694,0.0,1.4684789257035369,1.0381992080263676,0.6889155702700199,-0.8876917967036928,0.13194381794892251,11.846936225891113,3.210207462310791,2.5729894638061523,,,,,,,,
E1,698,0.0,1.7116982650070909,0.964435356950003,0.8957135666634387,-1.1368007465627872,0.14082098589278758,11.808564186096191,3.2166614532470703,2.5862209796905518,,,,,,,,
E1,702,0.0,1.6314735048347049,0.9446782267519406,0.8419740341687157,-1.0697000669906773,0.15229553077369928,11.85794448852539,3.22244930267334,2.599503755569458,,,,,,,,
E1,705,,,,,,,,,,34.44808748333004,1,,,,,,
E1,706,0.0010240001138299704,1.7692279817447776,0.9503474424755762,0.9526839550313498,-1.186613247245698,0.10839668137487024,11.888663291931152,3.219200611114502,2.612823009490967,,,,,,,,
E1,710,0.002047999994829297,1.8725859322954739,0.8513736609546911,1.1268674887563865,-1.3352740559697387,0.14597202697768807,11.53561019897461,3.230100631713867,2.6604597568511963,,,,,,,,
E1,714,0.0005120001151226461,1.8173319302972346,0.9171249927391135,0.9914416625220893,-1.2326754981518857,0.14183050207793713,11.729719161987305,3.22943115234375,2.6736013889312744,,,,,,,,
E1,718,0.0,1.4802368318750745,1.0051633748151954,0.7255911755778673,-0.9137835432202481,0.19863985455594957,11.893945693969727,3.212188243865967,2.686924695968628,,,,,,,,
E1,722,0.0010240001138299704,1.7776580185939868,0.9502241512730955,0.9435706535778217,-1.181508160151896,0.09271547547541559,11.890181541442871,3.2135653495788574,2.7002437114715576,,,,,,,,
E1,726,0.0010239999974146485,1.7558714630939658,0.9474623684017431,0.8628493427479668,-1.173693848492962,0.18126749200746417,11.858260154724121,3.2316131591796875,2.713531970977783,,,,,,,,
E1,730,0.0010239999974146485,1.7368429314404252,0.9413152637167109,0.9189632878319096,-1.1463219694135385,0.1126214035321027,11.751852989196777,3.2138686180114746,2.7267017364501953,,,,,,,,
E1,734,0.0005119999987073243,1.7968988300907234,0.9244375742735371,0.9415370293323007,-1.2298909696299465,0.13406536704860628,11.8577880859375,3.2304582595825195,2.7399845123291016,,,,,,,,
E1,738,0.0,1.650437493291166,0.9643971336384615,0.8484130250290036,-1.0894897465967381,0.1399477389641106,11.833514213562012,3.211026668548584,2.7532432079315186,,,,,,,,
E1,742,0.0010239999974146485,1.731262640820609,0.9068428959165301,0.9464347819839396,-1.173708846655837,0.13063122821040452,11.848934173583984,3.2302188873291016,2.766519069671631,,,,,,,,
E1,746,0.0,1.8567319139838219,0.9142114165874701,1.0215680199716963,-1.2684330979384304,0.12333185970783234,11.801265716552734,3.2117748260498047,2.7797389030456543,,,,,,,,
E1,750,0.0,1.9997954329712286,0.8878622129263859,1.2005035672823328,-1.4098883876540063,0.11943830689415336,11.867668151855469,3.227180004119873,2.793032646179199,,,,,,,,
E1,754,0.002047999994829297,1.7474706129185738,0.8825844608483806,0.9408670194592994,-1.216054810418023,0.20503443386405706,11.878670692443848,3.2301712036132812,2.8063435554504395,,,,,,,,
E1,758,0.0,1.7845273801968211,0.9286988732951974,0.9492201531625617,-1.2180191170320742,0.14441549615003169,11.88283634185791,3.2265424728393555,2.8196568489074707,,,,,,,,
E1,762,0.0,1.7348818253903162,0.9269219623316848,0.9191122992214427,-1.1716618233079474,0.15314982295967638,11.738945007324219,3.2122960090637207,2.832813024520874,,,,,,,,
E1,766,0.0005119999987073243,1.7143509457153934,0.9193139978285346,0.9799601292522596,-1.1563029954901025,0.1365044373087585,11.875921249389648,3.2166881561279297,2.846116065979004,,,,,,,,
E1,770,0.0005119999987073243,1.8096801303327084,0.9112143333232592,1.0050560339326178,-1.2445898864359137,0.12665634287986904,11.852984428405762,3.215259552001953,2.8594002723693848,,,,,,,,
E1,774,0.0005119999987073243,1.7282126490322371,0.9204845524259976,0.9041598391121448,-1.1730181450534256,0.18439741362817585,11.91508960723877,3.230337619781494,2.8727543354034424,,,,,,,,
E1,778,0.0015360000543296337,1.8620126713362952,0.8987725334508079,1.0710767433682287,-1.2766050771784245,0.11231308057904243,11.637351989746094,3.229919910430908,2.88580322265625,,,,,,,,
E1,782,0.002047999994829297,1.8145534834927983,0.8841257417308432,1.0809483684029486,-1.2761783354198708,0.151335874106735,11.888630867004395,3.2214202880859375,2.899120569229126,,,,,,,,
E1,786,0.002047999994829297,1.840652978727742,0.8734908565169289,1.1260871567290778,-1.2851009037463912,0.15218861773610115,11.813615798950195,3.2320351600646973,2.9123568534851074,,,,,,,,
E1,790,0.002047999994829297,1.8187840187123843,0.888066831443991,0.9923005522847342,-1.2705061310894847,0.16148072946816683,11.83676815032959,3.2306747436523438,2.925616502761841,,,,,,,,
E1,794,0.002047999994829297,1.6845966384169602,0.9502527230079212,0.8726331283678926,-1.1243272187772193,0.14964066701941192,11.755326271057129,3.219658374786377,2.9387876987457275,,,,,,,,
E1,798,0.0015360000543296337,1.8588577869629104,0.8663410037046387,1.0460603284552248,-1.3186483794974813,0.14832041272893548,11.85036849975586,3.2252554893493652,2.9520623683929443,,,,,,,,
E1,802,0.0005120001151226461,1.8953569210947505,0.8580702768254375,1.1753007837209795,-1.3577000147788711,0.16769335349090397,11.825723648071289,3.2284750938415527,2.9653115272521973,,,,,,,,
E1,806,0.0,1.7479217847188313,0.9071218354243135,0.9499958191977452,-1.1918846107982395,0.18753258092328906,11.927986145019531,3.2129502296447754,2.978672981262207,30.588202598927374,1,,,,,,
E1,810,0.002047999994829297,1.853952649744257,0.8270715071804939,1.157197513273542,-1.332168526252702,0.14576676860451698,11.459222793579102,3.217771053314209,3.026015281677246,,,,,,,,
E1,815,0.0035840000491589308,1.8139223615446733,0.8841660522988865,1.1390849643720509,-1.2743340014324833,0.11030190426390618,11.886030197143555,3.2295069694519043,3.039329767227173,,,,,,,,
E1,819,0.006656000856310129,2.008074329160745,0.854901912429976,1.2113550800913528,-1.4315600406991997,0.13587383890990168,11.94658374786377,3.2346577644348145,3.052716016769409,,,,,,,,
E1,823,0.005632000043988228,1.7997256281770884,0.97343833933747,0.9164941782868509,-1.2120944725918688,0.18876585795078427,11.88308334350586,3.2299137115478516,3.066030263900757,,,,,,,,
E1,827,0.004607999697327614,1.6610917382770114,0.9275319434347606,0.9364563858470143,-1.114377897256793,0.146731665590778,11.797847747802734,3.23260498046875,3.079251289367676,,,,,,,,
E1,831,0.007168000563979149,1.774939141753647,0.8724149842229154,1.0178615258964918,-1.2495001597100839,0.16821926180273294,11.826003074645996,3.237511157989502,3.092498302459717,,,,,,,,
E1,835,0.005119999870657921,1.8015975956878965,0.90841602637536,0.9962192606389412,-1.2526444883440577,0.16775181889533997,11.836770057678223,3.2326440811157227,3.105757474899292,,,,,,,,
E1,839,0.00307199964299798,1.717665873349659,0.8901735897811632,0.9803190981385423,-1.1833602312549447,0.1543781366199255,11.824438095092773,3.234076976776123,3.1190030574798584,,,,,,,,
E1,843,0.004095999523997307,1.8289209494278544,0.8662154294018235,1.1063478771865256,-1.291113032161125,0.14596660590420166,11.718713760375977,3.2292494773864746,3.1321322917938232,,,,,,,,
E1,847,0.005632000043988228,1.9485866051344645,0.875371453064006,1.0843933929911633,-1.3714580933770373,0.15369130787439644,11.913778305053711,3.2347869873046875,3.145477771759033,,,,,,,,
E1,851,0.004607999697327614,1.6836162796687513,0.9370329222449708,0.9222984452481702,-1.1437789103781273,0.17452707467600703,11.901369094848633,3.231390953063965,3.158812999725342,,,,,,,,
E1,855,0.0035839995834976435,1.7735716847791558,0.8769125569138735,1.0487895440657748,-1.2385139506594796,0.1681423052214086,11.872499465942383,3.236144542694092,3.172112464904785,,,,,,,,
E1,859,0.0035839995834976435,1.8750306607357092,0.8581590191830718,1.0984581760617333,-1.335962122019809,0.17019627382978797,11.72303295135498,3.2316651344299316,3.18524432182312,,,,,,,,
E1,863,0.004095999523997307,1.771714779119643,0.8620160449118841,1.107985040569094,-1.2402233460785024,0.16445570765063167,11.858362197875977,3.23388671875,3.1985278129577637,,,,,,,,
E1,867,0.00307199964299798,1.7093336592827524,0.92376782209982,0.955790474232453,-1.1579969304554638,0.14740426000207663,11.897674560546875,3.228832244873047,3.211857557296753,,,,,,,,
E1,871,0.00307199964299798,1.9400714672510586,0.8464004578334945,1.1460289348458954,-1.3955262549302823,0.14153681206516922,11.870524406433105,3.2303404808044434,3.2251548767089844,,,,,,,,
E1,875,0.005119999870657921,2.0362412412724797,0.7944335636963683,1.3687926194658364,-1.5137700463149932,0.11276815377641469,11.835134506225586,3.231635570526123,3.238412380218506,,,,,,,,
E1,879,0.0035839995834976435,1.7998039496559946,0.9302199331245252,1.0245549066701154,-1.2437710037107566,0.1694179514888674,11.890313148498535,3.2323837280273438,3.2517313957214355,,,,,,,,
E1,883,0.00307199964299798,1.7701529486193543,0.8602096585645562,1.0823089038508373,-1.2632841708818598,0.1848264136351645,11.912942886352539,3.231369972229004,3.265076160430908,,,,,,,,
E1,887,0.006144000217318535,1.8824776623043276,0.8227050542713158,1.1827096420604346,-1.359183934136545,0.18775075348094106,11.839030265808105,3.2327017784118652,3.278339147567749,,,,,,,,
E1,891,0.006144000217318535,1.8888349615865283,0.858594309804695,1.1543906639545545,-1.350239904578923,0.1348510319367051,11.680829048156738,3.2319507598876953,3.291424036026001,,,,,,,,
E1,895,0.007680000737309456,1.8984479009513817,0.8262935860289468,1.2644022577581233,-1.3854409853580394,0.1237981237936765,11.747552871704102,3.2267417907714844,3.3045833110809326,,,,,,,,
E1,899,0.006656000390648842,1.7639467601501753,0.8891288305204066,0.9780688296322391,-1.2270748567257432,0.21434298646636307,11.869297981262207,3.229933261871338,3.3178789615631104,,,,,,,,
E1,903,0.007680000737309456,1.8115567272262914,0.8464294424250959,1.1442048071480508,-1.2847388458386477,0.1833261710125953,11.889187812805176,3.2363758087158203,3.331200122833252,,,,,,,,
E1,907,0.005632000043988228,1.8491456882643795,0.8672239718337854,1.2357550769494,-1.3130506566385665,0.1247769333422184,11.72348403930664,3.2296462059020996,3.344337224960327,27.59164896152029,1,,,,,,
E1,911,0.004095999523997307,1.8249384707638197,0.840393612545634,1.0836897767009908,-1.3114645095349895,0.18229710101149976,11.592138290405273,3.2322845458984375,3.3918259143829346,,,,,,,,
E1,915,0.00307199964299798,1.8511788392705577,0.843257980923804,1.1601026526951135,-1.3321419150738547,0.17760401125997305,11.951687812805176,3.2334184646606445,3.405238151550293,,,,,,,,
E1,919,0.004607999697327614,2.0855564677289555,0.7932769835941376,1.3482654389313686,-1.5465797484401496,0.12156770285218954,11.869019508361816,3.2164206504821777,3.41854190826416,,,,,,,,
E1,923,0.00870400108397007,2.1195647268600406,0.7871849437850336,1.407590366274452,-1.5802733941070204,0.11968964338302612,11.745527267456055,3.233163356781006,3.4317054748535156,,,,,,,,
E1,927,0.010240001603960991,1.9769308354173387,0.8561559196502443,1.2482485495396514,-1.4475458116595825,0.1363103366456926,11.920394897460938,3.232025146484375,3.4450583457946777,,,,,,,,
E1,931,0.011264001950621605,1.8990236846286626,0.8208022021525909,1.162036255377331,-1.391402750974521,0.2364745440427214,11.885885238647461,3.2348756790161133,3.4583802223205566,,,,,,,,
E1,935,0.010240001603960991,1.7478691139036702,0.8542620305799775,1.0538487759029576,-1.2355942007242924,0.17862345604225993,11.883652687072754,3.230790138244629,3.471700668334961,,,,,,,,
E1,940,0.009216001257300377,1.9290235849126938,0.8316056157151858,1.2331537698923762,-1.4034504962286778,0.15318310353904963,11.760293960571289,3.237257480621338,3.484875202178955,,,,,,,,
E1,944,0.011776002123951912,1.9602358043193817,0.7889308890120851,1.27283267623314,-1.4552274906808245,0.1827535885386169,11.916182518005371,3.235383987426758,3.498223304748535,,,,,,,,
E1,948,0.010752001777291298,1.8195548873572123,0.8712340342620063,1.0383299563580484,-1.2913345271751049,0.1703597391024232,11.883073806762695,3.235353469848633,3.5115387439727783,,,,,,,,
E1,952,0.011776002123951912,1.790450263117987,0.8547244972534596,1.0921393133727695,-1.2712701153497965,0.18431879370473325,11.87483024597168,3.232423782348633,3.5248467922210693,,,,,,,,
E1,956,0.010752001777291298,1.9501883525342223,0.8660068067588976,1.274768946880002,-1.3968230263655266,0.11744620883837342,11.768318176269531,3.233825206756592,3.5380327701568604,,,,,,,,
E1,960,0.013312002643942833,2.0059078548635756,0.8286875400041777,1.2526646743097634,-1.463364034000459,0.1714957415824756,11.856688499450684,3.2341837882995605,3.55131459236145,,,,,,,,
E1,964,0.009216001257300377,1.8561377516459852,0.8299983618633141,1.073951806449123,-1.350361321742336,0.18996553495526314,11.790904998779297,3.237504482269287,3.5645272731781006,,,,,,,,
E1,968,0.009216001257300377,1.9749421667721536,0.8506369634220997,1.1598661128334256,-1.4199898522347212,0.13164361950475723,11.82906723022461,3.232818603515625,3.5777812004089355,,,,,,,,
E1,972,0.010240001603960991,1.8630435914983825,0.8525261935142298,1.123137879298266,-1.326250603374478,0.22090473026037216,11.66259479522705,3.2339000701904297,3.5908472537994385,,,,,,,,
E1,976,0.009728001430630684,1.8144841921471415,0.8246009428468015,1.1305594372757668,-1.3188979069791025,0.19797222362831235,11.988031387329102,3.233922004699707,3.604275941848755,,,,,,,,
E1,980,0.010752001777291298,1.9623074463553845,0.8234474921805991,1.2340403408395932,-1.4214830331814785,0.15744816296501085,11.841755867004395,3.233765125274658,3.6175427436828613,,,,,,,,
E1,984,0.011776002123951912,1.9417069517667331,0.7935949496274429,1.2808564757691947,-1.436056062941336,0.17517265980131924,11.866389274597168,3.2325148582458496,3.6308350563049316,,,,,,,,
E1,988,0.01382400281727314,2.01662510201808,0.8368880875290386,1.249329914311086,-1.463967958339564,0.13886898499913514,11.737797737121582,3.2355551719665527,3.6439871788024902,,,,,,,,
E1,992,0.014336002990603447,1.973480861929674,0.8071397025847719,1.2649355093712238,-1.466413202407282,0.14206576929427683,11.88298225402832,3.2350807189941406,3.6572980880737305,,,,,,,,
E1,996,0.015360003337264061,1.890939773252559,0.8237017121698175,1.1356637277362396,-1.3982475869032363,0.17350439121946692,11.832219123840332,3.2384181022644043,3.6705574989318848,,,,,,,,
E1,1000,0.013312002643942833,1.8044806090848786,0.8127027428930714,1.2196138907682652,-1.3178791020837952,0.22441217582672834,11.828444480895996,3.2334890365600586,3.6838130950927734,,,,,,,,
E1,1004,0.013312002643942833,1.8566778873995182,0.8280550660122008,1.1265625185055186,-1.3491883518965175,0.18547558598220348,11.762994766235352,3.233315944671631,3.696995735168457,,,,,,,,
E1,1008,0.01382400281727314,1.9017517794337537,0.8538319681076303,1.2187488601793215,-1.3740568030588625,0.12437283934559673,11.864544868469238,3.233262062072754,3.7102856636047363,24.999257989860595,1,,,,,,
E1,1012,0.015872003510594368,1.9482087729469177,0.7530572846650131,1.3788213912057066,-1.4677877103104182,0.17992413067258894,11.746526718139648,3.234992027282715,3.757446050643921,,,,,,,,
E1,1016,0.015872003510594368,1.9383791064222653,0.8406294505924933,1.1747543983953768,-1.4002441698426589,0.19608303857967257,11.790253639221191,3.2353334426879883,3.7706663608551025,,,,,,,,
E1,1020,0.015872003510594368,1.9118975361897832,0.8473636138119868,1.2243416046779325,-1.389563829571541,0.1634951534215361,11.766087532043457,3.239821434020996,3.783846378326416,,,,,,,,
E1,1024,0.01740800403058529,1.8106523748073313,0.8151197441750102,1.160637827763862,-1.316802263562937,0.20998496422544122,11.831618309020996,3.234760284423828,3.7970998287200928,,,,,,,,
E1,1028,0.016384003683924675,1.7530647506789556,0.8481547006716331,1.116443873348354,-1.256730681769402,0.17927706590853631,11.796184539794922,3.235201358795166,3.8103137016296387,,,,,,,,
E1,1032,0.015360003337264061,1.943482779380348,0.8151256324693797,1.3283905134529377,-1.43204936174868,0.10908070532605052,11.674838066101074,3.251664161682129,3.8233957290649414,,,,,,,,
E1,1036,0.015360003337264061,2.027578386167685,0.7887835166757069,1.3277517400089314,-1.5287538200417268,0.14200132774809995,11.633075714111328,3.2575221061706543,3.8364291191101074,,,,,,,,
E1,1040,0.016384003683924675,1.9685690752452327,0.7773490879270766,1.2783031228429347,-1.4740471815402132,0.21686774818226695,11.769545555114746,3.2348012924194336,3.8496129512786865,,,,,,,,
E1,1044,0.01740800403058529,2.123906956837764,0.7752851133959161,1.487046092380283,-1.6109251553739703,0.14063530997373164,11.838854789733887,3.2382798194885254,3.8628785610198975,,,,,,,,
E1,1048,0.019456004723906517,1.8777580971696548,0.808447518193769,1.191129461459037,-1.379288925837341,0.17633627518080175,11.934033393859863,3.2355384826660156,3.8762519359588623,,,,,,,,
E1,1052,0.02252800576388836,1.8768139691757304,0.8248497786976042,1.2057343592985408,-1.3808014735557317,0.1993950167670846,11.796009063720703,3.240830421447754,3.889469861984253,,,,,,,,
E1,1056,0.02406400628387928,1.8217116880511481,0.7982467785477638,1.2193727071758416,-1.338585182318523,0.23730248492211103,11.838399887084961,3.244241237640381,3.9027304649353027,,,,,,,,
E1,1060,0.023040005937218666,1.8546024418421208,0.862970914928213,1.1385578728044656,-1.332073370364332,0.16760777845047414,11.836161613464355,3.254920482635498,3.9159905910491943,,,,,,,,
E1,1065,0.02406400628387928,1.821015674886959,0.936984624181475,1.0420722097728345,-1.258787779861854,0.12365636433241889,11.775321006774902,3.2374391555786133,3.929187536239624,,,,,,,,
E1,1069,0.027136007323861122,1.8239835886846458,0.8351072270777964,1.2287192074303974,-1.3150593362238614,0.13064366683829576,11.790596008300781,3.235368251800537,3.942394971847534,,,,,,,,
E1,1073,0.02764800749719143,1.9809745393456921,0.8010543826080504,1.3228504872019056,-1.4825704260211852,0.13048050249926746,11.8842134475708,3.234799861907959,3.955707311630249,,,,,,,,
E1,1077,0.026624007150530815,1.8924260733737832,0.8110009962249369,1.242177865725122,-1.3945717991233642,0.23639808758161962,11.936569213867188,3.235175609588623,3.9690849781036377,,,,,,,,
E1,1081,0.024576006457209587,1.8180259791099362,0.8341982477595882,1.180266020131478,-1.3128611285069456,0.17200677085202187,11.907604217529297,3.2402772903442383,3.982429265975952,,,,,,,,
E1,1085,0.0256000068038702,1.8935035404468339,0.8175316966833577,1.1803808412097616,-1.3846806256056188,0.1813043502625078,11.769055366516113,3.2381653785705566,3.995617151260376,,,,,,,,
E1,1089,0.028160007670521736,1.8424862470655214,0.8231163106799598,1.2065546792834552,-1.3444174794472814,0.199145347927697,11.86311149597168,3.2338972091674805,4.00890588760376,,,,,,,,
E1,1093,0.02918400801718235,1.8840987464146954,0.8413170271567882,1.2691409159034712,-1.3694884143141468,0.11260318872518837,11.870147705078125,3.2421045303344727,4.022202491760254,,,,,,,,
E1,1097,0.02918400801718235,1.9684601254347298,0.8263657144492581,1.2973293864390631,-1.4589047275320997,0.142600545194,11.818591117858887,3.2380905151367188,4.035455703735352,,,,,,,,
E1,1101,0.03225600719451904,2.0309530782794196,0.7776459725130171,1.31496430725339,-1.5188147784912929,0.1308836822087566,11.718987464904785,3.249459743499756,4.048585891723633,,,,,,,,
E1,1105,0.033792007714509964,1.9575935153970643,0.7992534326418997,1.2583095282455212,-1.4605943721696912,0.2076659167651087,11.876194953918457,3.2416539192199707,4.061889171600342,,,,,,,,
E1,1108,,,,,,,,,,22.288627231196195,1,,,,,,
E1,1109,0.036864008754491806,1.8680287875412476,0.8161140173555367,1.2434953214016868,-1.3733423868127699,0.19290751940570772,11.88283634185791,3.2354531288146973,4.075200080871582,,,,,,,,
E1,1113,0.036864008754491806,1.9212380288139221,0.7703988341880696,1.2611672280759398,-1.4435633163869617,0.22146657248958945,11.80467700958252,3.235340118408203,4.1224188804626465,,,,,,,,
E1,1117,0.03481600806117058,1.8074364853756768,0.8369175645685385,1.1375998781034862,-1.3074528061681323,0.20119526563212276,11.758979797363281,3.237487316131592,4.135600566864014,,,,,,,,
E1,1121,0.0363520085811615,1.9169471548899772,0.8263011384932768,1.2491554385329138,-1.4029813430138998,0.15939902467653155,11.788810729980469,3.2391624450683594,4.148806095123291,,,,,,,,
E1,1125,0.03840000927448273,1.8778567561318005,0.7928744364707243,1.1793259632871,-1.387463193172441,0.19791177450679243,11.772384643554688,3.2560229301452637,4.161993503570557,,,,,,,,
E1,1129,0.04147201031446457,1.8029854638531568,0.8208145326269525,1.1728786296704645,-1.3139269946601302,0.21063517988659441,11.456244468688965,3.2360806465148926,4.174826622009277,,,,,,,,
E1,1133,0.04249601066112518,1.7810055459184306,0.8554050356504463,1.1716795603800287,-1.27035832701857,0.16136328084394336,11.651086807250977,3.241692543029785,4.187878131866455,,,,,,,,
E1,1137,0.04300801083445549,1.9089666029054022,0.806431563778056,1.2875193065977586,-1.4264124753618879,0.1276399533962831,11.753540992736816,3.2364039421081543,4.201044082641602,,,,,,,,
E1,1141,0.04505601152777672,1.8831640903557103,0.8381233822022166,1.1929996190036634,-1.3780833779287243,0.1914189881645143,11.81042766571045,3.2465639114379883,4.214277744293213,,,,,,,,
E1,1145,0.04505601152777672,1.8012094104455576,0.8520533532672931,1.1661068817823013,-1.2901441910865878,0.15618640813045204,11.736493110656738,3.255218982696533,4.2274250984191895,,,,,,,,
E1,1149,0.045568011701107025,1.791222725418352,0.8286544842024645,1.145319627757782,-1.3068590598764815,0.22564251674339175,11.6568021774292,3.243542194366455,4.240482807159424,,,,,,,,
E1,1153,0.04608001187443733,1.774181535970124,0.7988267309727177,1.1873706957158536,-1.293771211091163,0.23014828749001026,11.774340629577637,3.2804150581359863,4.253672122955322,,,,,,,,
E1,1157,0.04812801256775856,1.8200142659424317,0.8139219127950215,1.1998179630140093,-1.3280802945650758,0.1786243813112378,11.774557113647461,3.2379660606384277,4.266861438751221,,,,,,,,
E1,1161,0.04812801256775856,1.748827665068564,0.8665607409285647,1.0705011233534496,-1.2333134154766976,0.20762852323241532,11.795416831970215,3.2422962188720703,4.280074596405029,,,,,,,,
E1,1165,0.04812801256775856,1.7288540064224176,0.8440415417805077,1.0705600014224537,-1.2464094277330866,0.1884583675613006,11.776050567626953,3.237639904022217,4.293279647827148,,,,,,,,
E1,1169,0.04864001274108887,1.61889752248923,0.8951481717623888,1.0080377412473422,-1.120141265030566,0.1713159771170467,11.865983963012695,3.248093605041504,4.3065714836120605,,,,,,,,
E1,1173,0.04966401308774948,1.7572572894157872,0.8264923748515901,1.1150373656636299,-1.2744614950506874,0.18594203214161098,11.759523391723633,3.2535743713378906,4.319748401641846,,,,,,,,
E1,1177,0.050688013434410095,1.787195778437077,0.8524229497840953,1.166906448296591,-1.2729365812089768,0.1518076667562127,11.826507568359375,3.238050937652588,4.333005905151367,,,,,,,,
E1,1181,0.050688013434410095,1.7714241026412874,0.8425289158605866,1.112401486179833,-1.2756691345878477,0.2078082407824695,11.469989776611328,3.2480740547180176,4.345890522003174,,,,,,,,
E1,1185,0.052224013954401016,1.7780978634421314,0.8517225978097746,1.1434196501817386,-1.271741510014094,0.1485317333135754,11.740188598632812,3.2508621215820312,4.359041690826416,,,,,,,,
E1,1190,0.05324801430106163,1.8031911713972923,0.8407849440617221,1.1568852602504194,-1.298081520808092,0.15897988085635006,11.784399032592773,3.2366390228271484,4.372242450714111,,,,,,,,
E1,1194,0.052224013954401016,1.781462042282025,0.8692175340025671,1.1418989789255185,-1.2549521427062,0.17100972472690046,11.773969650268555,3.245527744293213,4.385431289672852,,,,,,,,
E1,1198,0.05324801430106163,1.941703393700577,0.8311946195446782,1.2328426889977904,-1.4221402640484038,0.14712102222256362,11.6970796585083,3.2510428428649902,4.398533821105957,,,,,,,,
E1,1202,0.055808015167713165,1.9473017234473475,0.7947154161298559,1.283769640168036,-1.4490906083254174,0.1597487791441381,11.792437553405762,3.263430118560791,4.411743640899658,,,,,,,,
E1,1206,0.05478401482105255,1.7877318112120506,0.8773892879900005,1.1009133773675162,-1.258808542748854,0.21521651884540915,11.843944549560547,3.2383713722229004,4.425011157989502,,,,,,,,
E1,1209,,,,,,,,,,20.70789824109096,1,,,,,,
E1,1210,0.055808015167713165,1.7665426859425173,0.8659932884343323,1.1743820090083155,-1.256228678541938,0.08631627424620092,11.827574729919434,3.2523860931396484,4.438260078430176,,,,,,,,
E1,1214,0.05683201551437378,1.844294986791081,0.8467621159340654,1.1468007161017897,-1.329357759905092,0.21187684941105545,11.713516235351562,3.245408535003662,4.485326290130615,,,,,,,,
E1,1218,0.059392016381025314,1.827303597555747,0.8086081669325866,1.2368941785447967,-1.3437645526026332,0.1364975213073194,11.799274444580078,3.263913631439209,4.498543739318848,,,,,,,,
E1,1222,0.06041601672768593,2.014215734565542,0.8141024814593414,1.3782225029626445,-1.5005196594551855,0.12012509675696492,11.869477272033691,3.237919807434082,4.511839389801025,,,,,,,,
E1,1226,0.06041601672768593,1.849302867634429,0.8387219798529432,1.1828767526894808,-1.3670965879859904,0.18762975360732526,11.820412635803223,3.249692440032959,4.525084495544434,,,,,,,,
E1,1230,0.06144001707434654,1.8123803690430664,0.8349153210246374,1.147274777081541,-1.3228020725941787,0.1712558132906755,11.682354927062988,3.2536301612854004,4.538174152374268,,,,,,,,
E1,1234,0.06297601759433746,1.7711607127317361,0.8093733626107374,1.209110663508746,-1.3061445701556902,0.20752363209612668,11.853139877319336,3.2456183433532715,4.551451683044434,,,,,,,,
E1,1238,0.06195201724767685,1.8065437412273788,0.8357336509322363,1.1573292408486022,-1.3139130724741825,0.18441418837755919,11.822983741760254,3.2514114379882812,4.564698219299316,,,,,,,,
E1,1242,0.06400001049041748,1.7810997156396744,0.8365663403999948,1.1580839976668358,-1.2991643130099253,0.18644062080420554,11.915792465209961,3.2392401695251465,4.5780463218688965,,,,,,,,
E1,1246,0.06297601759433746,1.735486936651998,0.8425415017834258,1.1583189019419031,-1.2417387756785112,0.17682680091820657,11.725080490112305,3.247335910797119,4.591185092926025,,,,,,,,
E1,1250,0.06348801404237747,1.7838238784599871,0.8311891283189493,1.2065766912315097,-1.2993172988857304,0.17767286766320467,11.87304401397705,3.241255283355713,4.604485034942627,,,,,,,,
E1,1254,0.06348801404237747,1.857970199119004,1.0166459374484562,1.018860238493045,-1.2731214710954755,0.17990902799647301,11.83823299407959,3.2387523651123047,4.617745876312256,,,,,,,,
E1,1258,0.06758398562669754,1.8462359368328065,0.7279132981562898,1.3008222938306742,-1.4153668654875622,0.18113901186734438,11.940722465515137,3.244142532348633,4.631121635437012,,,,,,,,
E1,1262,0.06758398562669754,1.8118255058569568,0.8371348417704068,1.176138973690625,-1.3186696234735704,0.1800749183166772,11.78066635131836,3.2519116401672363,4.644318103790283,,,,,,,,
E1,1266,0.07014396786689758,1.8831666939197078,0.7729938859267841,1.279401012418319,-1.4201519230957187,0.18785892822779715,11.898412704467773,3.239746570587158,4.657646179199219,,,,,,,,
E1,1270,0.07219195365905762,1.866728912033732,0.8200128382397076,1.2884493328964532,-1.3841869307992358,0.1628232435323298,11.850383758544922,3.2391343116760254,4.670923233032227,,,,,,,,
E1,1274,0.07321594655513763,1.916167566286666,0.7785290018729274,1.3101205668419098,-1.4519160015116785,0.19385818601585925,11.922140121459961,3.251985549926758,4.68427848815918,,,,,,,,
E1,1278,0.07526393234729767,1.860228237415117,0.8200221385156351,1.2895895014656014,-1.3630937207896736,0.14933708228636533,11.780038833618164,3.244572639465332,4.697479724884033,,,,,,,,
E1,1282,0.0767999216914177,1.8708569073665238,0.8396161970283303,1.2544095760850764,-1.3758862680230763,0.10725196218118072,11.877462387084961,3.252925395965576,4.710784435272217,,,,,,,,
E1,1286,0.07577592879533768,1.789431192742158,0.9303949963715341,1.085852134646153,-1.2139564613139049,0.2017642892897129,11.923763275146484,3.255979537963867,4.724146366119385,,,,,,,,
E1,1290,0.07475193589925766,1.8050206645377098,0.8208080431712526,1.1969394780931744,-1.31739421279007,0.17088163504377007,11.954583168029785,3.280905246734619,4.737542152404785,,,,,,,,
E1,1294,0.0767999216914177,1.7608459912950085,0.817472049020349,1.1907733523879538,-1.2856901073384852,0.16606374798963466,11.796408653259277,3.242532730102539,4.750761032104492,,,,,,,,
E1,1298,0.07833591103553772,1.9362030259318768,0.8159505323107753,1.2728155635630907,-1.443694896903628,0.151705190888606,11.937195777893066,3.2695531845092773,4.764132499694824,,,,,,,,
E1,1302,0.08038389682769775,1.8880145301421483,0.8340632985272105,1.2671440107914715,-1.3806593109343557,0.13447322079446167,11.969809532165527,3.238731861114502,4.7775468826293945,,,,,,,,
E1,1306,0.08447986841201782,1.9008128379604645,0.826687554340987,1.2456606263781327,-1.4128071089193874,0.14336615800857544,11.90432357788086,3.295382022857666,4.790891170501709,,,,,,,,
E1,1310,0.08652785420417786,1.880420007343803,0.8290870592057232,1.1977783546004612,-1.3848523075123214,0.1717151366174221,11.826692581176758,3.2467899322509766,4.804145336151123,18.324781716094456,1,,,,,,
E1,1314,0.08806384354829788,1.8537696945584483,0.8104165521938176,1.269031140605794,-1.3658390716568285,0.1606100550852716,11.34386157989502,3.243882179260254,4.853425979614258,,,,,,,,
E1,1319,0.0890878364443779,1.7949316824180266,0.8050908954547984,1.1163201926609696,-1.329193584617257,0.24895449844188988,11.90027904510498,3.2453103065490723,4.866761684417725,,,,,,,,
E1,1323,0.0890878364443779,1.7777454662949792,0.8712524794751689,1.1501393879402373,-1.2759367757742959,0.11393672600388527,11.903881072998047,3.2718658447265625,4.8801045417785645,,,,,,,,
E1,1327,0.09011182934045792,1.847592511465625,0.8375201617027559,1.2026410354440338,-1.3582165713555046,0.1883392622694373,11.841110229492188,3.244661331176758,4.893375396728516,,,,,,,,
E1,1331,0.09164781868457794,1.758648001012348,0.8107297320569319,1.184427470677713,-1.2873394132133513,0.23605482443235815,11.87666130065918,3.2596468925476074,4.906679153442383,,,,,,,,
E1,1335,0.094719797372818,1.8395010684690778,0.7945679222189245,1.2853064037331228,-1.3543286226497637,0.16932504414580762,11.919778823852539,3.267622470855713,4.920036315917969,,,,,,,,
E1,1339,0.09369580447673798,1.8271064551488039,0.8480893699304451,1.1614750862580294,-1.3160288761562062,0.17734278878197074,11.904271125793457,3.2635207176208496,4.933375358581543,,,,,,,,
E1,1343,0.09676778316497803,1.7017516203461185,0.8388367568453153,1.070972978116583,-1.2329031435240592,0.22501230891793966,11.922109603881836,3.2426767349243164,4.9467315673828125,,,,,,,,
E1,1347,0.09625578671693802,1.7067283123199428,0.8580676149576902,1.1373479054239926,-1.2171007331778547,0.14579750364646316,11.909346580505371,3.2500128746032715,4.960071563720703,,,,,,,,
E1,1351,0.09625578671693802,1.8119620434821597,0.9022326209833698,1.1697771379223734,-1.2617643572582258,0.10777125554159284,11.96539306640625,3.252829074859619,4.973481178283691,,,,,,,,
E1,1355,0.09727977961301804,1.7753473728717792,0.8233700478301634,1.1283092468476563,-1.2948499966361042,0.2440174100920558,12.02437686920166,3.2568788528442383,4.986950397491455,,,,,,,,
E1,1359,0.10035175830125809,1.7363612896038427,0.8535075311268133,1.085566376399418,-1.2480972819473772,0.18023015620807806,11.88923454284668,3.25579833984375,5.000275135040283,,,,,,,,
E1,1363,0.09983976185321808,1.6997020819653121,0.8603398414949576,1.046939337028385,-1.1952589328275136,0.16545502259396017,11.933608055114746,3.2475481033325195,5.01364278793335,,,,,,,,
E1,1367,0.09881576895713806,1.7599450523063305,0.8522003412778888,1.1365495493093423,-1.25968153765499,0.17726064543239772,11.939775466918945,3.261319160461426,5.02701997756958,,,,,,,,
E1,1371,0.09779177606105804,1.696783138764283,0.8741591760799998,1.048002452575671,-1.196051326587737,0.1981140854768455,11.906179428100586,3.2483925819396973,5.040360450744629,,,,,,,,
E1,1375,0.09983976185321808,1.7986350026395586,0.8231671505740711,1.2150913763916427,-1.3190308440077518,0.13170310924760997,11.764825820922852,3.249512195587158,5.053542613983154,,,,,,,,
E1,1379,0.10035175830125809,1.732801620981523,0.8327102388536173,1.1270798570615477,-1.25047539734459,0.2326379942242056,11.919502258300781,3.2493934631347656,5.06689453125,,,,,,,,
E1,1383,0.10035175830125809,1.7725341756428992,0.8048103723734145,1.153982899832859,-1.3138462239654647,0.1731352291535586,12.006326675415039,3.275688648223877,5.080347061157227,,,,,,,,
E1,1387,0.10035175830125809,2.0218710598742797,1.0444698168910922,1.168113804672525,-1.3679759388989103,0.17239511758089066,11.950236320495605,3.2673168182373047,5.0937395095825195,,,,,,,,
E1,1391,0.1013757511973381,1.741748710828168,0.8320212164923312,1.1586399788606856,-1.2704703190570905,0.16429994790814817,11.822214126586914,3.254885673522949,5.106987476348877,,,,,,,,
E1,1395,0.10393573343753815,1.7209513595416432,0.8236381134225262,1.082411355109635,-1.2520141756709016,0.22399341594427824,11.966144561767578,3.255316734313965,5.120391368865967,,,,,,,,
E1,1399,0.10291174054145813,1.6770600806034746,0.8379128541028689,1.061570083347163,-1.2031012339413993,0.19589305948466063,11.950228691101074,3.2450265884399414,5.133785724639893,,,,,,,,
E1,1403,0.10393573343753815,1.665847228041717,0.8388659241535361,1.1167734312449595,-1.1973351472656109,0.20630053477361798,11.958220481872559,3.243382453918457,5.147184371948242,,,,,,,,
E1,1407,0.10393573343753815,1.6528694786367908,0.8681192760547948,1.0187048602765842,-1.1745523916897438,0.20788349537178874,11.910927772521973,3.248992919921875,5.160536766052246,,,,,,,,
E1,1411,0.10342373698949814,1.6697684298195536,0.8981823706555934,1.0638289032642967,-1.1463907228427983,0.13835247955285013,11.955259323120117,3.2458391189575195,5.173928737640381,16.93960515816182,1,,,,,,
E1,1415,0.10342373698949814,1.765889587501685,0.8357154528004309,1.1438586052938073,-1.2810267221204759,0.16768153966404498,11.73123550415039,3.256746292114258,5.2218828201293945,,,,,,,,
E1,1419,0.10291174054145813,1.7631352628980363,0.8550062340994676,1.1293058541478282,-1.2641888441599256,0.13886984577402472,11.990035057067871,3.2603917121887207,5.235313892364502,,,,,,,,
E1,1423,0.10188774764537811,1.7398440208108652,0.87585623266678,1.1425199413206428,-1.235251942512742,0.15625195919225612,11.785436630249023,3.2579236030578613,5.24852180480957,,,,,,,,
E1,1427,0.10239974409341812,1.8686551911135514,0.8233172927229178,1.2427679643438045,-1.3881998559726136,0.12437588453758508,11.988794326782227,3.2598471641540527,5.261951446533203,,,,,,,,
E1,1431,0.10444772988557816,1.7334501069807817,0.8193353558816607,1.1340401063103285,-1.2725503000149887,0.2607716745696962,11.966506958007812,3.2519826889038086,5.275363445281982,,,,,,,,
E1,1435,0.10444772988557816,1.6142894118906013,0.8572391687286278,1.0326707362086136,-1.138378062041565,0.21637792605906725,11.927033424377441,3.2751684188842773,5.288730621337891,,,,,,,,
E1,1439,0.10547172278165817,1.691245110675929,0.8639220833068803,1.1202897005783978,-1.1983027671212478,0.13835988589562476,11.838024139404297,3.2531585693359375,5.302001953125,,,,,,,,
E1,1444,0.10598371922969818,1.6664319599254265,0.8715266890173393,1.0264515501599927,-1.1788868873956657,0.1833105409750715,11.929293632507324,3.267317771911621,5.315364837646484,,,,,,,,
E1,1448,0.10547172278165817,1.6899592205290757,0.8727197283435435,1.0301475818199453,-1.1893843741318773,0.16800921061076224,12.213953018188477,3.251654624938965,5.329046726226807,,,,,,,,
E1,1452,0.10649571567773819,1.6511474593823392,0.8714110394496293,1.077566870926087,-1.154545322127108,0.22705753822810948,12.117265701293945,3.2633819580078125,5.342619895935059,,,,,,,,
E1,1456,0.10444772988557816,1.6860388405029736,0.8261668395310168,1.0809173618318206,-1.2192886038239867,0.21727949287742376,12.113655090332031,3.2571349143981934,5.356189250946045,,,,,,,,
E1,1460,0.10547172278165817,1.7177641786753186,0.8662194612007292,1.1443594109072392,-1.2239935403645394,0.12052538921125233,12.030672073364258,3.271205425262451,5.369665622711182,,,,,,,,
E1,1464,0.10649571567773819,1.6686743373080852,0.8570708651391287,1.0593703851701497,-1.1851037249102123,0.21978699648752809,11.991162300109863,3.2734742164611816,5.383098125457764,,,,,,,,
E1,1468,0.10547172278165817,1.6778367266413712,0.8324073369481734,1.087507016824753,-1.213968408308805,0.19980177702382207,11.991565704345703,3.2669029235839844,5.396530628204346,,,,,,,,
E1,1472,0.1075197085738182,1.709036599696865,0.8761183395094815,1.0916737124893758,-1.2022766800456872,0.17897149897180498,11.8107328414917,3.24381685256958,5.40976095199585,,,,,,,,
E1,1476,0.1070077121257782,1.7158381061717158,0.8616151842214759,1.084236053339859,-1.206416844722948,0.13046537060290575,11.97282886505127,3.2539806365966797,5.423172473907471,,,,,,,,
E1,1480,0.10803170502185822,1.784157174624621,0.8507285441257177,1.1313296252750416,-1.2848724278783987,0.18125232285819948,11.974574089050293,3.2459540367126465,5.436592102050781,,,,,,,,
E1,1484,0.10905569791793823,1.8028489855665064,0.819345084211183,1.1399178627127808,-1.325549202494412,0.20652675395831466,11.996850967407227,3.2977685928344727,5.450034141540527,,,,,,,,
E1,1488,0.11110368371009827,1.6327606290578842,0.8645734199219279,1.0238617409204105,-1.1563793458007572,0.24267070492108664,11.746713638305664,3.2611842155456543,5.463194847106934,,,,,,,,
E1,1492,0.11161568015813828,1.6571469402443322,0.8518769968123663,1.0819373282868026,-1.1668986404861605,0.17817747732624412,11.886849403381348,3.2576780319213867,5.476510524749756,,,,,,,,
E1,1496,0.11263967305421829,1.7062268366534559,0.8555410231744486,1.1029510826372833,-1.2252551542728074,0.18085845257155597,11.8717622756958,3.25504732131958,5.489811897277832,,,,,,,,
E1,1500,0.10956769436597824,1.7452543369006543,0.8559060271474577,1.176312753478927,-1.2628428980575077,0.12470485712401569,11.885598182678223,3.2504072189331055,5.503129005432129,,,,,,,,
E1,1504,0.11263967305421829,1.7018758431077003,0.8217247353777999,1.1099508213602118,-1.2315109859050681,0.2390105933882296,11.794974327087402,3.256575107574463,5.51634407043457,,,,,,,,
E1,1508,0.11007969081401825,1.705715392139696,0.8503620728022523,1.1095196466906858,-1.2295367305004408,0.18704444426111877,11.935101509094238,3.2604732513427734,5.5297136306762695,,,,,,,,
E1,1512,0.11110368371009827,1.6977317288281426,0.7992857108040462,1.133172448258847,-1.25153769411531,0.23551995842717588,11.790740013122559,3.2623443603515625,5.54292106628418,16.63204712037391,3,0.011096244677901268,0.5886600017547607,0.06015999987721443,2,1,1
E1,1516,0.10905569791793823,1.6875045924255299,0.8521881194578277,1.0825068416254622,-1.208839156945783,0.19809787953272462,11.666739463806152,3.2553086280822754,5.59180212020874,,,,,,,,
E1,1520,0.1070077121257782,1.634296815132811,0.8832664928354678,0.9802831782292185,-1.1441285956857934,0.15204047760926187,11.710383415222168,3.273369312286377,5.604923725128174,,,,,,,,
E1,1524,0.10956769436597824,1.7790871800056525,0.8159831564223009,1.211886989161261,-1.3004221250524832,0.1941934193018824,11.862977027893066,3.25571346282959,5.6182122230529785,,,,,,,,
E1,1528,0.10956769436597824,1.7265352086415366,0.8094658918442235,1.1503381129951953,-1.2680806328121217,0.2246274002827704,11.838115692138672,3.255337715148926,5.631475925445557,,,,,,,,
E1,1532,0.10956769436597824,1.6799155466613316,0.8654875137384922,1.0556047008956657,-1.1899470804843106,0.19274072302505374,11.921127319335938,3.255640983581543,5.644847393035889,,,,,,,,
E1,1536,0.1075197085738182,1.6850912660242072,0.8766350022975414,1.0518780951666187,-1.1825179033062703,0.18582963291555643,11.806096076965332,3.259981632232666,5.658079624176025,,,,,,,,
E1,1540,0.1070077121257782,1.6541942261632472,0.8558684426640707,1.0557746014126868,-1.1760143240884182,0.1829502407927066,11.860563278198242,3.2737045288085938,5.671365737915039,,,,,,,,
E1,1544,0.10803170502185822,1.779604999969403,0.8276587833783456,1.2194382472575378,-1.2918371618281872,0.12914939830079675,11.832856178283691,3.2842493057250977,5.684621810913086,,,,,,,,
E1,1548,0.10905569791793823,1.7750858859055572,0.8407547882506772,1.1278783750734223,-1.2855759978604813,0.2207620635163039,11.834633827209473,3.275740146636963,5.697891712188721,,,,,,,,
E1,1552,0.10598371922969818,1.6670475382771757,0.8431793231044024,1.036840333878486,-1.201695055804319,0.2174124587327242,11.694490432739258,3.274782657623291,5.711005687713623,,,,,,,,
E1,1556,0.10649571567773819,1.63522333835089,0.9391495235382564,1.0062783185128512,-1.1229076241401748,0.15825504041276872,11.881187438964844,3.2590513229370117,5.7243146896362305,,,,,,,,
E1,1560,0.1075197085738182,1.703563281408851,0.8042490229247108,1.1925262283367009,-1.2502445520626173,0.20609822892583907,11.913158416748047,3.257763385772705,5.737660884857178,,,,,,,,
E1,1564,0.10854370146989822,1.7741840337477033,0.803452969632215,1.2047710849264108,-1.303824159619768,0.18935483833774924,11.956947326660156,3.2841787338256836,5.751062393188477,,,,,,,,
E1,1569,0.1075197085738182,1.6505275673809505,0.8765983214335782,0.9897289651293141,-1.1610365302361074,0.21874056640081108,11.812911033630371,3.2479453086853027,5.7642998695373535,,,,,,,,
E1,1573,0.10905569791793823,1.6116717557112377,0.8474881159407752,1.0275692195117252,-1.1404804182386705,0.20540483947843313,11.89350700378418,3.2566304206848145,5.777622222900391,,,,,,,,
E1,1577,0.10905569791793823,1.6955724006134367,0.8668101204647904,1.1814246034847378,-1.2011420007625093,0.1342021997552365,12.046775817871094,3.2531728744506836,5.7911248207092285,,,,,,,,
E1,1581,0.10905569791793823,1.6995537526432485,0.8791494005256228,1.1058761425413637,-1.206116608081622,0.16327448468655348,11.926989555358887,3.27034854888916,5.804487228393555,,,,,,,,
E1,1585,0.1131516695022583,1.738868982723308,0.8248508846357702,1.1031376068105003,-1.2758037909821032,0.2030907548032701,11.755800247192383,3.2685532569885254,5.81765604019165,,,,,,,,
E1,1589,0.11366366595029831,1.7288756205567293,0.8194757930283981,1.1682715387041889,-1.273643028453022,0.17481179581955075,11.847012519836426,3.256319522857666,5.830926895141602,,,,,,,,
E1,1593,0.11571165174245834,1.8170086162549162,0.8096747548570709,1.279408403839082,-1.3544055822061463,0.12408989598043263,11.934678077697754,3.261483669281006,5.844295501708984,,,,,,,,
E1,1597,0.11673564463853836,1.7755084918250168,0.8417865730644691,1.1891682446558973,-1.2938655566143256,0.2065399382263422,11.875499725341797,3.2509093284606934,5.857598304748535,,,,,,,,
E1,1601,0.1187836304306984,1.7969649680372741,0.8469106034627036,1.2142469401457416,-1.2982491220510195,0.11638044193387032,11.859868049621582,3.251347064971924,5.870889663696289,,,,,,,,
E1,1605,0.12031961977481842,1.8117515879372756,0.8436637881197153,1.1944552389835355,-1.3210436593009425,0.1335036598611623,11.889474868774414,3.2652597427368164,5.8842082023620605,,,,,,,,
E1,1609,0.12031961977481842,1.8369355555919429,0.8218530772165173,1.1790111486230102,-1.3671402343149697,0.23439283668994904,11.46786880493164,3.258326530456543,5.8970561027526855,,,,,,,,
E1,1612,,,,,,,,,,15.542085394866032,1,,,,,,
E1,1613,0.12134361267089844,1.777752694570356,0.8167898516865477,1.2306835128189022,-1.3079677565570271,0.15080482163466513,12.14619255065918,3.250959873199463,5.910662651062012,,,,,,,,
E1,1617,0.12134361267089844,1.7109419983176013,0.8198280770272489,1.0746847712223164,-1.2588086736846775,0.2947978687783082,11.310214042663574,3.259579658508301,5.9591217041015625,,,,,,,,
E1,1621,0.12287960201501846,1.687899292579719,0.7917301533004594,1.1946224649089263,-1.238398143208571,0.24162329034879804,11.707791328430176,3.2703795433044434,5.972236633300781,,,,,,,,
E1,1625,0.1249275878071785,1.67159010972532,0.827099723770978,1.1186261431369653,-1.2023172000060893,0.2377025787718594,12.028096199035645,3.2618117332458496,5.985714912414551,,,,,,,,
E1,1629,0.12287960201501846,1.6186917432776047,0.8723880219317618,0.998618187619123,-1.1231777868677109,0.23523649014532566,11.99027156829834,3.244302749633789,5.999149799346924,,,,,,,,
E1,1633,0.12287960201501846,1.6071071633034282,0.8906062600749826,0.9783739804137331,-1.1092544058892166,0.1675210006069392,11.90334415435791,3.254977226257324,6.012502193450928,,,,,,,,
E1,1637,0.12339159846305847,1.585364257946374,0.890197413426543,0.998709026015183,-1.0966667171811597,0.18501591333188117,11.967106819152832,3.2532591819763184,6.025907516479492,,,,,,,,
E1,1641,0.12441559135913849,1.654314911288638,0.8724543517603288,1.1021707001170005,-1.1619318973620436,0.13314557389821857,11.971278190612793,3.2631592750549316,6.0393171310424805,,,,,,,,
E1,1645,0.1254395842552185,1.7914934177838622,0.8696474339812994,1.1766740093563697,-1.288750239832711,0.12318108603358269,12.050373077392578,3.2597427368164062,6.052815914154053,,,,,,,,
E1,1649,0.1254395842552185,1.7198682223993635,0.8480758982459231,1.10342034422306,-1.2378816361287757,0.19438584242016077,11.815357208251953,3.2619361877441406,6.066052436828613,,,,,,,,
E1,1653,0.1249275878071785,1.6641285853194339,0.8722532464871331,1.0159572520599103,-1.1804765826978145,0.22010858077555895,11.798705101013184,3.278163433074951,6.079268932342529,,,,,,,,
E1,1657,0.12697559595108032,1.713876035774038,0.8251886923634817,1.218305088676957,-1.248906690608858,0.13839963462669402,11.810988426208496,3.2620625495910645,6.092540264129639,,,,,,,,
E1,1661,0.12953561544418335,1.75505640384342,0.8564845476122129,1.1441385099219519,-1.253082369480075,0.18691882281564176,11.776876449584961,3.267665386199951,6.10577392578125,,,,,,,,
E1,1665,0.13055962324142456,1.7480285271174378,0.8418200519527235,1.1206162859018503,-1.268749773073646,0.19035302218981087,11.444191932678223,3.2530760765075684,6.118640422821045,,,,,,,,
E1,1669,0.1341436505317688,1.7770116833585596,0.8134476031280227,1.1324069735997204,-1.3001693842622142,0.24301980016753078,11.760004997253418,3.256148338317871,6.131813049316406,,,,,,,,
E1,1673,0.1331196427345276,1.636104847171477,0.8232155878629003,1.0303690592591555,-1.1858318195463942,0.2546173254959285,11.792886734008789,3.2567620277404785,6.145063877105713,,,,,,,,
E1,1677,0.13209563493728638,1.5949597079011182,0.8714173696935177,0.9955743585935614,-1.1070761050592872,0.17221008124761283,11.921418190002441,3.2954630851745605,6.1584625244140625,,,,,,,,
E1,1681,0.13004761934280396,1.6362427238315818,0.8907126922101255,0.965469147586687,-1.1348388935328417,0.1558731064821283,11.735586166381836,3.2764034271240234,6.171633243560791,,,,,,,,
E1,1685,0.12851160764694214,1.6148234555231673,0.8685580686266933,1.0142297757956296,-1.1238975178243384,0.22172507364302874,11.896671295166016,3.259799003601074,6.184959411621094,,,,,,,,
E1,1689,0.12748759984970093,1.6657809735467983,1.059882623867856,0.809384085780093,-1.0590754391455521,0.13921408040914685,11.826617240905762,3.2596616744995117,6.198247909545898,,,,,,,,
E1,1694,0.13055962324142456,1.6519862824370937,0.8463339694435634,1.082571044598998,-1.1810129085880896,0.16349288658238947,11.845193862915039,3.266867160797119,6.211557865142822,,,,,,,,
E1,1698,0.1331196427345276,1.6783252618024274,0.7881103309965323,1.1235506142934424,-1.2488746264402473,0.22290846426039934,11.719273567199707,3.2676897048950195,6.2247138023376465,,,,,,,,
E1,1702,0.1346556544303894,1.6500325560688027,0.846356778213429,1.1343089157103825,-1.1718168602886772,0.2041513049043715,11.601116180419922,3.2722253799438477,6.237708568572998,,,,,,,,
E1,1706,0.1336316466331482,1.6395452213251875,0.8560760301493463,1.0023841021943893,-1.1729918087403925,0.22535369312390685,11.858102798461914,3.2575936317443848,6.251033782958984,,,,,,,,
E1,1710,0.1336316466331482,1.5401612085009377,0.8727687324382483,0.9786711818774911,-1.0581182161981741,0.20792434946633875,11.787888526916504,3.25877046585083,6.264279365539551,,,,,,,,
E1,1713,,,,,,,,,,14.592289725934187,1,,,,,,
E1,1714,0.1336316466331482,1.5954989415430834,0.8718576999529014,0.9836640239053809,-1.1063184151721617,0.21570496587082744,11.681243896484375,3.2602977752685547,6.277411460876465,,,,,,,,
E1,1718,0.1341436505317688,1.6003370466568168,0.8656766911347707,1.0411924835669795,-1.1224387568118612,0.20364032639190555,11.795295715332031,3.266399383544922,6.325837135314941,,,,,,,,
E1,1722,0.13107162714004517,1.5449694084033134,0.8889493993705228,0.9718523168269155,-1.060273002980957,0.19749350333586335,11.67120361328125,3.258881092071533,6.338911056518555,,,,,,,,
E1,1726,0.13107162714004517,1.6597871636114423,0.8522344534359281,1.0918439942787388,-1.1738662309131571,0.17108921275939792,11.9369535446167,3.2679762840270996,6.352283000946045,,,,,,,,
E1,1730,0.12902361154556274,1.6263067883749802,0.8790365727174849,1.0511283384663845,-1.1500045008521291,0.16596234892494977,11.750081062316895,3.279693126678467,6.365445137023926,,,,,,,,
E1,1734,0.12748759984970093,1.6211009937974195,0.8634811862711869,1.0384434883190847,-1.1415055182148954,0.211427804781124,11.817805290222168,3.249199867248535,6.378683567047119,,,,,,,,
E1,1738,0.12748759984970093,1.6294415903588135,0.8440905578789257,1.0341562926630252,-1.1619265409711275,0.22037138976156712,11.847715377807617,3.251077651977539,6.391955375671387,,,,,,,,
E1,1742,0.12851160764694214,1.6615484957361506,0.8543573551707797,1.121399184987783,-1.1846372172650363,0.1488513103686273,11.895978927612305,3.2624330520629883,6.405290603637695,,,,,,,,
E1,1746,0.13158363103866577,1.6727903654710168,0.8582263219332884,1.0919188326577458,-1.182077573309283,0.19336507810900608,11.327705383300781,3.262789726257324,6.417988300323486,,,,,,,,
E1,1750,0.1341436505317688,1.6969756885535188,0.8262448130205037,1.138009997383594,-1.2380623466202192,0.19873170019127429,11.899178504943848,3.2529468536376953,6.4313178062438965,,,,,,,,
E1,1754,0.1341436505317688,1.622442609497479,0.911633764644937,1.0065482146620972,-1.1124403227549342,0.14192291582003236,11.933503150939941,3.259354591369629,6.444690227508545,,,,,,,,
E1,1758,0.13516765832901,1.677250244669498,0.8863674158023463,1.089139453225783,-1.1940119586264093,0.12909843842498958,12.03487777709961,3.2723517417907715,6.458175182342529,,,,,,,,
E1,1762,0.13516765832901,1.6370991852784913,0.8351741003256942,1.037397709411027,-1.1784496537727556,0.2554097024258226,11.99162769317627,3.2575535774230957,6.471612453460693,,,,,,,,
E1,1766,0.1336316466331482,1.5817019944153135,0.8257164989435484,1.0716426449952954,-1.1371895310077225,0.22229038085788488,11.905242919921875,3.3221054077148438,6.48494815826416,,,,,,,,
E1,1770,0.1346556544303894,1.622043737698169,0.8711359846213508,1.069898315990316,-1.13730243096749,0.1850876931566745,11.991571426391602,3.246959686279297,6.498388767242432,,,,,,,,
E1,1774,0.13670367002487183,1.7471458103566888,0.8434469732973311,1.1815950872251457,-1.264545018540784,0.10540335264522582,12.148058891296387,3.2666068077087402,6.511998176574707,,,,,,,,
E1,1778,0.14079970121383667,1.80425659058586,0.8204259007932648,1.2414735713417628,-1.335248716556216,0.11683799338061363,11.903903007507324,3.2554984092712402,6.525341033935547,,,,,,,,
E1,1782,0.14182370901107788,1.8969283837174613,0.8263231906448565,1.25628303889352,-1.41764407274535,0.15089599753264338,12.256796836853027,3.2692723274230957,6.5390706062316895,,,,,,,,
E1,1786,0.1428477168083191,1.6417939915573077,0.8572966080336344,1.0631520781360233,-1.169995698604792,0.2716064592823386,11.87268352508545,3.270167350769043,6.552372932434082,,,,,,,,
E1,1790,0.1423357129096985,1.7392191227584604,0.7964790202085934,1.235500483036931,-1.2949357776910007,0.16580848779994994,11.870501518249512,3.246333599090576,6.565670013427734,,,,,,,,
E1,1794,0.14028769731521606,1.7336714299070457,0.8167412746697664,1.0697665328312833,-1.2699699237137028,0.28102791029959917,11.658777236938477,3.2882261276245117,6.578729629516602,,,,,,,,
E1,1798,0.13875168561935425,1.6231425273867826,0.866406928807024,1.0554806451215895,-1.1498799911729756,0.16447211778722703,11.513492584228516,3.2809696197509766,6.59162712097168,,,,,,,,
E1,1802,0.13875168561935425,1.7065523383281533,0.8167157430083506,1.0997907141737862,-1.2504837443009906,0.2399021042510867,11.655047416687012,3.2691688537597656,6.6046833992004395,,,,,,,,
E1,1806,0.13977569341659546,1.6803933730910694,0.832429361278339,1.1236598315134423,-1.206781298007136,0.1716217159992084,11.985147476196289,3.2576589584350586,6.618127346038818,,,,,,,,
E1,1810,0.13977569341659546,1.7310603379257141,0.8581108032237916,1.162206344200637,-1.2391232049262653,0.1419036320100228,11.823101997375488,3.271658420562744,6.631373882293701,,,,,,,,
E1,1814,0.14131170511245728,1.6805572224160035,0.8351665771019364,1.1086691136875038,-1.219402007215346,0.2094376686727628,11.98043441772461,3.2557740211486816,6.64479398727417,13.207531744551666,1,,,,,,
E1,1818,0.1423357129096985,1.5762654286291864,0.8649288169330075,0.9837040000928761,-1.1057244453778756,0.2147862878628075,11.429583549499512,3.280266761779785,6.693263530731201,,,,,,,,
E1,1823,0.1448957324028015,1.6158756647436392,0.8359244068463644,1.041098531822104,-1.1706456205408489,0.20489749661646783,11.887174606323242,3.273698329925537,6.706579685211182,,,,,,,,
E1,1827,0.1448957324028015,1.626896557176397,0.873531510905614,1.0000031835802679,-1.1436521177187502,0.1969460635446012,11.784038543701172,3.256603240966797,6.719779968261719,,,,,,,,
E1,1831,0.1443837285041809,1.5834320149724446,0.8569935303595331,1.0241716702871804,-1.1045518504485252,0.20717298472300172,11.964105606079102,3.252817153930664,6.733181476593018,,,,,,,,
E1,1835,0.1433597207069397,1.6151552439209014,0.8518520379882484,1.050540710590891,-1.1445725277687113,0.20790705760009587,11.93013858795166,3.2671031951904297,6.746549129486084,,,,,,,,
E1,1839,0.1433597207069397,1.6243313703212947,0.8885780955472636,1.0423614276197752,-1.1236080648081879,0.1583462719572708,11.881089210510254,3.2537856101989746,6.759863376617432,,,,,,,,
E1,1843,0.14643174409866333,1.6135751322384864,0.8212837338565834,1.07969396099198,-1.1673280882449555,0.27745323395356536,11.682719230651855,3.2615466117858887,6.772949695587158,,,,,,,,
E1,1847,0.14796775579452515,1.5557926860711877,0.8826113249219599,1.0346513541776743,-1.071927248115932,0.21038157516159117,10.648724555969238,3.2802810668945312,6.784877777099609,,,,,,,,
E1,1851,0.14694374799728394,1.5571221088369687,0.888686082725014,0.9695705515124015,-1.064331862561789,0.1643043162766844,11.941496849060059,3.262345314025879,6.798254489898682,,,,,,,,
E1,1855,0.14591974020004272,1.62791025366575,0.8851549808704664,1.0434051094813022,-1.131093198854831,0.1568651779089123,11.856952667236328,3.265047550201416,6.8115410804748535,,,,,,,,
E1,1859,0.1448957324028015,1.6487537945310276,0.8577216122417696,1.1399486023140377,-1.1788071330289343,0.1851211953908205,12.094714164733887,3.266016960144043,6.825089454650879,,,,,,,,
E1,1863,0.14540773630142212,1.6267268357887155,0.8372294552742489,1.080669296439737,-1.1691356311101349,0.23007547424640507,12.327046394348145,3.2603535652160645,6.838898181915283,,,,,,,,
E1,1867,0.1443837285041809,1.6778547459296764,0.8476135529104679,1.0765118533884412,-1.201291380804919,0.1757554435171187,12.415666580200195,3.272526264190674,6.852806568145752,,,,,,,,
E1,1871,0.1443837285041809,1.6336808857463656,0.833283164257568,1.044080539377156,-1.1560358580586219,0.2674153093248606,12.344313621520996,3.2658486366271973,6.866634368896484,,,,,,,,
E1,1875,0.1433597207069397,1.5138435062789728,0.9149284090787645,0.9263670575649788,-1.0233556035543896,0.1915915310382843,12.278587341308594,3.2569379806518555,6.880390167236328,,,,,,,,
E1,1879,0.1448957324028015,1.592692632228136,0.8573729933963882,1.0303938648760764,-1.1295229291972069,0.18091986724175513,12.581390380859375,3.2725863456726074,6.89448356628418,,,,,,,,
E1,1883,0.1438717246055603,1.637681701649276,0.8726362816043316,1.1090249611175995,-1.1403577789730792,0.14578196639195085,12.375885963439941,3.276124954223633,6.908347129821777,,,,,,,,
E1,1887,0.14694374799728394,1.7754773258098535,0.833937503929649,1.2044959803973672,-1.2977044008679628,0.11216557025909424,12.654139518737793,3.259164333343506,6.92252254486084,,,,,,,,
E1,1891,0.14796775579452515,1.7100531045524847,0.8158808184994591,1.2420988035207587,-1.2599410208252568,0.22213344974443316,12.28825569152832,3.254368782043457,6.9362874031066895,,,,,,,,
E1,1895,0.14745575189590454,1.6420455690295923,0.841912976658297,1.0225784664820712,-1.1745556314209742,0.25059587601572275,12.659249305725098,3.2856178283691406,6.950468063354492,,,,,,,,
E1,1899,0.14643174409866333,1.6046529291641145,0.8522279088104528,1.050208090422258,-1.1404391023522569,0.2156063844449818,12.513830184936523,3.276125907897949,6.964491367340088,,,,,,,,
E1,1903,0.14643174409866333,1.6167600393472683,0.8442106926370234,1.0877608607467542,-1.1600203344095794,0.2172748337034136,12.46915340423584,3.279693126678467,6.978469371795654,,,,,,,,
E1,1907,0.14847975969314575,1.6046748254743834,0.8635365718177387,1.0591211476877553,-1.1306528218334453,0.18921609316021204,12.102821350097656,3.269759178161621,6.9920268058776855,,,,,,,,
E1,1911,0.14899176359176636,1.597052906063341,0.841099531818477,1.0968884103027965,-1.1439158939165137,0.16800003335811198,12.16064453125,3.2767395973205566,7.005648612976074,,,,,,,,
E1,1915,0.15001577138900757,1.6050794842460798,0.8500013850511067,1.0532957285003208,-1.1406510936480665,0.22790998895652592,12.304539680480957,3.2800850868225098,7.019432067871094,14.04044336429696,1,,,,,,
E1,1919,0.14796775579452515,1.6414890619556581,0.8489450093003965,1.0676304108824637,-1.1637150085612482,0.20574539923109114,12.445635795593262,3.2899203300476074,7.066977024078369,,,,,,,,
E1,1923,0.14694374799728394,1.5954913513232318,0.9073502299568009,0.9537212955348416,-1.088578182930452,0.1901476241182536,12.365405082702637,3.2560291290283203,7.080828666687012,,,,,,,,
E1,1927,0.14745575189590454,1.500108494704205,0.8881155392007222,0.9640112247999146,-1.0339505082875904,0.17724348418414593,12.308115005493164,3.2728781700134277,7.094616413116455,,,,,,,,
E1,1931,0.14745575189590454,1.5761154897156215,0.8525296736449476,1.040230551915271,-1.1140461902666305,0.21191850863397121,12.374773979187012,3.2771477699279785,7.108480453491211,,,,,,,,
E1,1935,0.14950376749038696,1.6913448123941346,0.8783783695941406,1.0945992433229712,-1.1949023961067378,0.11784403776982799,12.327308654785156,3.2569613456726074,7.12231969833374,,,,,,,,
E1,1939,0.1525757908821106,1.7182223353357542,0.860745455478392,1.090476807235091,-1.2307528062568356,0.14634246503313383,12.176473617553711,3.2706570625305176,7.135975360870361,,,,,,,,
E1,1943,0.15206378698349,1.60843268784857,0.8477784634700843,1.0372715747025587,-1.1439057633480323,0.22774553345516324,12.68985652923584,3.2624993324279785,7.150190353393555,,,,,,,,
E1,1948,0.15513581037521362,1.6701522619714813,0.8546030347545942,1.0744401126432774,-1.1913797674434525,0.19501898158341646,12.686676979064941,3.268731117248535,7.164402008056641,,,,,,,,
E1,1952,0.1541118025779724,1.5522521006327772,0.86451482098727,1.0181754837507633,-1.0826446872965863,0.21633183909580112,12.6651611328125,3.2611427307128906,7.178589344024658,,,,,,,,
E1,1956,0.1541118025779724,1.6261416084413964,0.8760328950389983,0.9589711020895239,-1.130995583668765,0.18354353599715978,12.290611267089844,3.2601447105407715,7.192357063293457,,,,,,,,
E1,1960,0.15513581037521362,1.595287874045353,0.834396293534646,1.084009087373461,-1.129579391914405,0.22284542676061392,12.468502044677734,3.255716323852539,7.206324100494385,,,,,,,,
E1,1964,0.15718382596969604,1.5523846689316014,0.8894266792765212,0.9944542654331273,-1.0712760405075397,0.2457767897285521,12.434686660766602,3.270033359527588,7.2202606201171875,,,,,,,,
E1,1968,0.15718382596969604,1.5616297375647321,0.8522058695791259,1.0397623992427738,-1.0961548309211457,0.20542531786486506,12.475837707519531,3.2714786529541016,7.234236240386963,,,,,,,,
E1,1972,0.1541118025779724,1.5227685987003265,0.8786774213824954,0.9591765982905097,-1.0544366322213872,0.19189354637637734,12.327046394348145,3.263105869293213,7.248044490814209,,,,,,,,
E1,1976,0.15155178308486938,1.5533222280856636,0.9189231670092023,1.0196512643831657,-1.0540397255644498,0.16299274167977273,12.351764678955078,3.2996201515197754,7.261880874633789,,,,,,,,
E1,1980,0.1525757908821106,1.646543305101139,0.8510088834852453,1.1294955657586567,-1.1697871900784473,0.1541446524206549,12.340836524963379,3.266294479370117,7.275711536407471,,,,,,,,
E1,1984,0.1535997986793518,1.6458646063766782,0.85068608731741,1.0561053337765607,-1.1794942716683543,0.20964763103984296,12.546805381774902,3.2762084007263184,7.289766311645508,,,,,,,,
E1,1988,0.1525757908821106,1.6018261648714542,0.8668878158288342,1.0826910228482378,-1.1268328677397221,0.17837122827768326,12.41467571258545,3.269014835357666,7.303677082061768,,,,,,,,
E1,1992,0.1541118025779724,1.6418579654502017,0.866175979553234,1.0845949675526414,-1.1699884540238787,0.1615847221110016,12.396561622619629,3.268887996673584,7.317564010620117,,,,,,,,
E1,1996,0.1530877947807312,1.5996960898831722,0.8641809105636582,1.020883709650987,-1.1323143117765466,0.21573427296243608,12.268525123596191,3.272581100463867,7.3313069343566895,,,,,,,,
E1,2000,0.1530877947807312,1.1874355971813202,0.7718737721443176,1.4107255563139915,-0.6584599250927567,0.19402672722935677,10.943796157836914,3.2403554916381836,7.345179557800293,12.996339782538502,1,,,,,,
E2,0,0.0,0.28529195487499237,3.674805611371994,-1.2498880261555314,2.1944923996925354,0.00034505007715779357,248.74928283691406,17.658164978027344,0.013479293324053288,,,,,,,,
E2,4,0.0,7.710344870678252,0.6511475463057794,1.5987826638191827,-6.708960377840355,0.001470102271317349,11.360906600952148,3.0700745582580566,0.028137346729636192,,,,,,,,
E2,8,0.0,7.252734383656865,0.37965541106042644,3.414147450157733,-6.76025551053444,0.008386651568798698,11.505879402160645,3.070067882537842,0.04102655127644539,,,,,,,,
E2,12,0.0,6.5846552517679005,0.5988791167296262,2.8603143072895594,-5.827230108029667,0.017903429761645384,11.60093879699707,3.0715317726135254,0.054022110998630524,,,,,,,,
E2,16,0.0,4.784614597639394,0.5470877588940932,3.580042149357275,-4.098409289723292,0.018846322454919573,11.527857780456543,3.070526599884033,0.06693589687347412,,,,,,,,
E2,20,0.0,5.811723500120616,0.9978564543435202,2.8483613621332307,-5.179942746885077,0.019019924642634578,11.418401718139648,3.070067882537842,0.07973528653383255,,,,,,,,
E2,24,0.0,3.1183989670068497,0.6378833288031202,2.5949517219925107,-2.591516504655518,0.02436230481544044,11.444465637207031,3.0700888633728027,0.09255559742450714,,,,,,,,
E2,28,0.0,3.253631019521327,0.5310273598103473,3.6091657452174086,-2.735297848189634,0.020846838851866778,11.478593826293945,3.0710396766662598,0.10541409254074097,,,,,,,,
E2,32,0.0,3.5104404503390905,0.4855572824248128,4.6860835392083695,-2.8501384360013557,0.04117831337498501,11.48728084564209,3.0705552101135254,0.11828231811523438,,,,,,,,
E2,36,0.0,4.028020442611287,0.7873571653488196,3.7717951726265695,-3.0642641811310094,0.013347907493880484,11.33942985534668,3.0700135231018066,0.1309877187013626,,,,,,,,
E2,40,0.0,2.289263922188963,0.9086664357473926,1.4534008800427416,-1.574394437847548,0.01157973561930703,11.567767143249512,3.070067882537842,0.1439460813999176,,,,,,,,
E2,44,0.0,2.722146262488668,0.808610368874811,2.230198960716544,-2.0328329899791804,0.032045216066762805,11.500631332397461,3.0715317726135254,0.15682928264141083,,,,,,,,
E2,48,0.0,2.359381120740658,0.9420521015685702,1.6821231895696316,-1.6241396606515444,0.046328792261192575,11.447762489318848,3.070526599884033,0.16965320706367493,,,,,,,,
E2,52,0.0,2.2349100554036716,0.9056221360252017,1.796036320599491,-1.5984697029445438,0.042056528545799665,11.412508964538574,3.070067882537842,0.182444229722023,,,,,,,,
E2,57,0.0,2.328519111587888,0.9313398005352134,2.004285818035367,-1.6405239595573335,0.036724857753142715,9.881488800048828,3.0700888633728027,0.19351471960544586,,,,,,,,
E2,61,0.0,2.2100790403192003,0.9082559624479877,1.378496347961308,-1.4921949292488752,0.012895426953036804,11.382309913635254,3.0710396766662598,0.206265389919281,,,,,,,,
E2,65,0.0,3.107076291822725,0.6970419649529965,3.016602815601474,-2.4159317907418996,0.03035485983127728,11.3756685256958,3.070535182952881,0.21900874376296997,,,,,,,,
E2,69,0.0,2.820924603513309,0.5691803364408394,3.51065847257886,-2.2751110698953863,0.023846308467909694,11.329694747924805,3.0705552101135254,0.23171769082546234,,,,,,,,
E2,73,0.0,3.913302418731508,0.4930716676282741,4.373765510242822,-3.5137339784719406,0.04715255222981796,11.345748901367188,3.070030689239502,0.24442756175994873,,,,,,,,
E2,77,0.0,2.8013037284097027,0.6821276775620405,3.1586048220381584,-2.191011162733452,0.030796843719144817,11.059440612792969,3.0715317726135254,0.25681638717651367,,,,,,,,
E2,81,0.0,2.727378296237143,0.578444678321599,3.082369140370179,-2.1393582906485316,0.0588257479830645,11.449843406677246,3.070526599884033,0.2696644067764282,,,,,,,,
E2,85,0.0,3.348891458695843,0.6395270477219056,3.5326653702406965,-2.6376594379839915,0.03245097208127845,11.389018058776855,3.0695624351501465,0.2824225425720215,,,,,,,,
E2,89,0.0,2.583630067488504,0.645030039421741,2.9459450091999857,-2.1046547928034136,0.03858682722784579,11.352683067321777,3.0700888633728027,0.2951411008834839,,,,,,,,
E2,93,0.0,2.8209635814030967,0.8779778208820119,2.1728182087527284,-2.0685821975145253,0.032683391094906256,11.356460571289062,3.070557117462158,0.30786609649658203,,,,,,,,
E2,97,0.0,2.465472101455643,0.7793599749575295,2.0963777493991294,-1.838675903274663,0.032434425986139104,11.403642654418945,3.0710396766662598,0.3206450641155243,,,,,,,,
E2,101,0.0,1.8539273949369552,0.8494435432884428,1.7306408004960352,-1.3260409681880403,0.08029070185148157,11.25342082977295,3.0705552101135254,0.33325499296188354,,,,,,,,
E2,105,0.0,1.7693455595345724,0.9212648853186577,1.641814053461734,-1.2214841534908387,0.03984893191955052,11.372101783752441,3.070030689239502,0.3482625186443329,,,,,,,,
E2,109,0.0,2.831197918644027,0.6821837962590276,2.413176270229603,-2.1450180479783625,0.07385152712231502,11.44416618347168,3.0715317726135254,0.3610841929912567,,,,,,,,
E2,113,0.0,1.852691105552136,0.935411177900812,1.4224308336487235,-1.268256236185571,0.03748706023907289,11.403006553649902,3.070526599884033,0.37386277318000793,,,,,,,,
E2,117,0.0,1.8743305160176187,0.8724802974168033,1.6527062557036503,-1.3212971647070455,0.04898370569571853,11.292511940002441,3.0695624351501465,0.3865216374397278,,,,,,,,
E2,121,0.0,2.52750845974873,0.7814624901188331,1.989838600311595,-1.9549444572453105,0.043085590936243534,11.43204116821289,3.0700888633728027,0.3993277847766876,,,,,,,,
E2,125,0.0,2.0090178294136884,0.8804163511783357,1.6325106557681044,-1.4408324943811057,0.03732382559974212,11.447052955627441,3.070557117462158,0.41215085983276367,,,,,,,,
E2,129,0.0,1.9358825758099556,0.8808580466974822,1.7444928017820218,-1.3631025404883697,0.051926362968515605,11.331913948059082,3.0710396766662598,0.42487382888793945,,,,,,,,
E2,133,0.0,1.7702703267808944,0.9756830328750232,1.3378828434859205,-1.1947985483104333,0.04848720630009969,11.203058242797852,3.0705552101135254,0.4374254047870636,,,,,,,,
E2,137,0.0,3.6239349183345597,0.6786347662231752,2.530660909934164,-3.1015131152604543,0.047717108245706186,11.367712020874023,3.070030689239502,0.45015981793403625,,,,,,,,
E2,141,0.0,2.6413588178536247,0.7012790948418635,2.42639223854544,-2.0686802498050154,0.05017640511505306,11.3505220413208,3.0715317726135254,0.4628804326057434,,,,,,,,
E2,145,0.0,3.083972394939453,0.5512544824667867,3.1832392642469105,-2.485738871168227,0.03027597675099969,11.371116638183594,3.070526599884033,0.47562387585639954,,,,,,,,
E2,149,0.0,2.4317858563292596,0.7106360780400416,2.543675740749867,-1.9385395337058793,0.041232449089875445,11.178665161132812,3.0695624351501465,0.48815053701400757,,,,,,,,
E2,153,0.0,2.2760173039185623,0.7729015536310654,1.9221262741528118,-1.7522727602553214,0.05647569859866053,11.307197570800781,3.0700888633728027,0.5008190274238586,,,,,,,,
E2,157,0.0,2.9437763304227875,0.6320476687720252,2.6490819066373716,-2.364513030645275,0.04522253246977925,11.329193115234375,3.070557117462158,0.5135239958763123,,,,,,,,
E2,161,0.0,2.5084502484117235,0.7256967435842232,2.197753604751692,-1.9603228857519017,0.055316017096629366,11.246716499328613,3.0710396766662598,0.5261225700378418,,,,,,,,
E2,165,0.0,2.4876405013695595,0.7106448214294182,2.044104773565126,-1.9521504185127376,0.06714440323412418,11.19838809967041,3.0705552101135254,0.538669764995575,,,,,,,,
E2,169,0.0,2.1940759701861277,0.7540969231003334,1.881814401652386,-1.658415950217565,0.06570820638444275,11.339676856994629,3.070030689239502,0.5513780117034912,,,,,,,,
E2,173,0.0,3.890082608139704,0.5280903610955214,3.0644280286783827,-3.1932298850475087,0.0597565570496954,11.474564552307129,3.0715317726135254,0.5642385482788086,,,,,,,,
E2,177,0.0,2.726165457377358,0.7379938783567577,2.1123838256766545,-2.129011515271111,0.06689575617201626,11.376646995544434,3.070526599884033,0.576988935470581,,,,,,,,
E2,182,0.0,2.192235153345835,0.9473722858265752,1.8963751822515433,-1.5553344960309683,0.05370495474198833,11.303051948547363,3.0690970420837402,0.589650571346283,,,,,,,,
E2,186,0.0,2.330779198143217,0.7829080855636488,2.045576698417817,-1.7591477813132639,0.05440646962961182,11.39709758758545,3.0700888633728027,0.6024181246757507,,,,,,,,
E2,190,0.0,1.732083686701362,0.991117801103327,1.3130069082714062,-1.1542389678421416,0.03891258508519968,11.295999526977539,3.070557117462158,0.6150718927383423,,,,,,,,
E2,194,0.0,2.4108223935204838,0.6741872271079392,2.2271198213600845,-1.8884688748327632,0.08261575037613511,11.330841064453125,3.0710396766662598,0.6277647614479065,,,,,,,,
E2,198,0.0,2.2051316573033257,0.9088873552483698,1.4897233499355163,-1.5881538466579976,0.028955273640652496,11.150425910949707,3.0705552101135254,0.6402570605278015,,,,,,,,
E2,202,0.0,2.4372272228910807,0.7610337369823976,1.8231907290781835,-1.8859776553793972,0.0584078294923529,11.306122779846191,3.070030689239502,0.6529335975646973,,,,,,,,
E2,206,0.0,2.61645189022261,0.702875525557569,2.1972098703315455,-2.0326343384416155,0.044211328495293856,11.303707122802734,3.0715317726135254,0.6685858368873596,,,,,,,,
E2,210,0.0,2.8541184567979405,0.6984765011418078,2.0875571131873043,-2.2599180124419194,0.07343793357722461,11.439476013183594,3.070526599884033,0.6814005374908447,,,,,,,,
E2,214,0.0,3.039502502374706,0.6428180079138468,2.3734796272118146,-2.411690515362554,0.05814154841937125,11.230328559875488,3.0690970420837402,0.6939871907234192,,,,,,,,
E2,218,0.0,2.6360936471157603,0.7506601784289593,2.0009826495409455,-2.0231144478958516,0.06601812411099672,11.304071426391602,3.0700888633728027,0.7066502571105957,,,,,,,,
E2,222,0.0,2.627787231216355,0.7118901757020799,1.8201759611742931,-2.0069708162844773,0.09386548027396202,11.336923599243164,3.0695786476135254,0.7193530797958374,,,,,,,,
E2,226,0.0,2.6598298111487004,0.7422044829480232,1.9083103912243091,-2.0540984580441126,0.08735581312794238,11.412240982055664,3.0710396766662598,0.7321372628211975,,,,,,,,
E2,230,0.0,2.38714857931648,0.627478274908508,2.0800468858762353,-1.937459412659149,0.14472866198047996,11.374367713928223,3.0705552101135254,0.7448834180831909,,,,,,,,
E2,234,0.0,2.7909255041962577,0.6266031486558772,2.2588663079928772,-2.2444346286504278,0.11838176578748971,11.483174324035645,3.070030689239502,0.7577515840530396,,,,,,,,
E2,238,0.0,2.5265903995623664,0.8176478898330104,1.7388320575231937,-1.8764856887282804,0.08987027296097949,11.426495552062988,3.0715317726135254,0.7705603241920471,,,,,,,,
E2,242,0.0,2.364524718551409,0.7782745666594969,1.7199402851566894,-1.786790947830822,0.1113203601562418,11.38144302368164,3.0691304206848145,0.7833149433135986,,,,,,,,
E2,246,0.0,3.5017930641770363,0.5880986752269405,2.767049703531579,-2.8071089482548395,0.09194859454873949,11.343973159790039,3.070526599884033,0.7960226535797119,,,,,,,,
E2,250,0.0,3.0670460479127035,0.5913009247816507,2.381301369907251,-2.4651508255314734,0.10954807553207502,11.35329818725586,3.0700888633728027,0.8087408542633057,,,,,,,,
E2,254,0.0,3.074750236220776,0.5572768439952698,2.5164678570077714,-2.5333463453672946,0.11396109312772751,11.32779312133789,3.0700879096984863,0.821430504322052,,,,,,,,
E2,258,0.0,2.8448823123933775,0.6572782456697452,2.1442575315708545,-2.3314797809783605,0.12560961401322857,11.260265350341797,3.0710396766662598,0.8340446352958679,,,,,,,,
E2,262,0.0,2.5022318269761783,0.6909762866765498,2.0565938026587847,-1.995936529962198,0.14511313615366817,11.152657508850098,3.0705552101135254,0.8465396761894226,,,,,,,,
E2,266,0.0,2.4946619902574825,0.7443098764171794,1.8509595778478838,-1.9301991118672526,0.09614828287158161,10.776876449584961,3.0700135231018066,0.8586128354072571,,,,,,,,
E2,270,0.0,2.2761537377086896,0.7399019532142177,1.7922957329663323,-1.761607704314566,0.10348090843763202,6.893945217132568,3.070067882537842,0.8663356900215149,,,,,,,,
E2,274,0.0,2.6653092771903464,0.8036020269750485,1.9873227709070294,-2.0378057933486406,0.07005037879571319,6.318786144256592,3.0715317726135254,0.8734158277511597,,,,,,,,
E2,278,0.0,2.0483606220001267,0.8868698022579626,1.253140839477028,-1.4861160498796149,0.15380469034425914,7.1396331787109375,3.070526599884033,0.8814135789871216,,,,,,,,
E2,282,0.0,2.187787055023133,0.8181025384969655,1.407233213845974,-1.5890224697955309,0.06498329079477116,8.333864212036133,3.070067882537842,0.8907492160797119,,,,,,,,
E2,286,0.0,1.9161661722593837,0.9991234368866398,0.9314532303876841,-1.2898869724197697,0.14755707432050258,7.079837799072266,3.0700888633728027,0.8986809253692627,,,,,,,,
E2,290,0.0,1.8138712293926686,0.9220491593910588,1.0447040754613648,-1.2431839807624263,0.08468238823115826,6.600955963134766,3.0710396766662598,0.9060755372047424,,,,,,,,
E2,294,0.0,1.9205478927682316,0.8869117730193667,1.301292106231202,-1.3700308607455107,0.08696188067551702,5.764336109161377,3.0705552101135254,0.9125617742538452,,,,,,,,
E2,298,0.0,2.2652934634141504,0.7649808581918478,1.442679453550824,-1.7014641852990267,0.12688937364146113,7.90062952041626,3.0700135231018066,0.9214121103286743,,,,,,,,
E2,302,0.0,2.146345419838788,0.9057882094667071,1.2974208212290794,-1.5467169612973175,0.08163503964897245,6.485195636749268,3.070067882537842,0.928676962852478,,,,,,,,
E2,306,0.0,1.8234235700515529,0.9723823331000786,0.9671093446633486,-1.2366815221067222,0.14021954871714115,6.732138156890869,3.0715317726135254,0.9393548369407654,,,,,,,,
E2,311,0.0,2.510416956174941,0.7864575610451755,1.561058683161026,-1.8817789397379827,0.22590379539178684,8.189230918884277,3.070526599884033,0.9485625624656677,,,,,,,,
E2,315,0.0,1.7654320334513036,1.006629444540493,0.9287301627293563,-1.151531036946893,0.03713211801368743,6.774925708770752,3.070067882537842,0.9561648964881897,,,,,,,,
E2,319,0.0,1.7142516007972142,0.9847821459055893,0.9158074360118428,-1.1474064465756306,0.07302909041754901,6.848159313201904,3.0700888633728027,0.9638360142707825,,,,,,,,
E2,323,0.0,2.320386096450781,0.8084216056805518,1.5027821108615442,-1.7006886058379822,0.11177130287978798,6.575451850891113,3.0710396766662598,0.9712016582489014,,,,,,,,
E2,327,0.0,2.235987127122898,0.7647842952597236,1.336991938049764,-1.6997918215883334,0.16222365169475475,6.769891262054443,3.070535182952881,0.9787970185279846,,,,,,,,
E2,331,0.0,1.7271077877708845,1.0311128616569534,0.8145029472444317,-1.1179471990418812,0.09386149048805237,6.396480560302734,3.0705552101135254,0.9859687089920044,,,,,,,,
E2,335,0.0,2.4085027328618462,0.7693081299611737,1.428771316407443,-1.8428733732906126,0.0824356327066198,7.318126201629639,3.070030689239502,0.9941661953926086,,,,,,,,
E2,339,0.0,1.7902346535452776,0.9605417117949516,1.0072350946129924,-1.1943693370484407,0.1191659802570939,7.737973213195801,3.0715317726135254,1.0028512477874756,,,,,,,,
E2,343,0.0,1.7702532972371767,0.9261015721020245,0.9717001553499766,-1.212577472998953,0.11279019282665104,7.162618160247803,3.070526599884033,1.01087486743927,,,,,,,,
E2,347,0.0,2.2406494572522146,0.8489320926249974,1.3949211513581894,-1.6034598595588394,0.07175181130878627,7.096464157104492,3.0695624351501465,1.0188244581222534,,,,,,,,
E2,351,0.0,2.461825543748481,0.8226036394074087,1.4121354918009532,-1.838484651457134,0.09041863947641104,6.569079399108887,3.0700888633728027,1.0262014865875244,,,,,,,,
E2,355,0.0,1.761854042846059,0.9221243100270392,0.9618102089335113,-1.1897847889737774,0.15782401501201093,7.149554252624512,3.070557117462158,1.034210443496704,,,,,,,,
E2,359,0.0,1.842273381553472,0.9030591108732753,1.1188976808812525,-1.2770117153228808,0.10119866498280317,7.1200456619262695,3.0710396766662598,1.0421867370605469,,,,,,,,
E2,363,0.0,1.9614752553521642,0.9351820589471904,1.0779844904457456,-1.367222937524304,0.10381374740973115,7.72705602645874,3.0705552101135254,1.05084228515625,,,,,,,,
E2,367,0.0,1.9089204071769639,0.8600003849419336,1.1873445669050091,-1.3595419101941857,0.10747358889784664,6.4056620597839355,3.070030689239502,1.0580257177352905,,,,,,,,
E2,371,0.0,2.1872565437640463,0.8158147211615292,1.4544549238270343,-1.6228380459693394,0.09395004448015243,7.142355442047119,3.0715317726135254,1.066029667854309,,,,,,,,
E2,375,0.0,2.025019833374591,0.9209001758801085,1.1555953123050728,-1.4202744612610707,0.11070801329333335,6.893669128417969,3.070526599884033,1.0737524032592773,,,,,,,,
E2,379,0.0,1.8695770281529616,0.9400452680087515,1.0149446238221518,-1.2996967363333891,0.11544562107883394,7.646612644195557,3.0695624351501465,1.0823185443878174,,,,,,,,
E2,383,0.0,1.8627943189607725,0.9353084851588521,1.0070450034812648,-1.2768116010157096,0.11558388569392264,7.251152515411377,3.0700888633728027,1.0904412269592285,,,,,,,,
E2,387,0.0,2.2301509322982933,0.8151577940979411,1.298730471018535,-1.6244546548419057,0.09347678546328098,6.640693664550781,3.070557117462158,1.097880244255066,,,,,,,,
E2,391,0.0,1.9621694935337892,0.9258738686404531,1.0168420655836323,-1.3603883566065056,0.12326382162670295,7.010858535766602,3.0710396766662598,1.1057475805282593,,,,,,,,
E2,395,0.0,1.9694902565744188,0.946373899689033,1.0217080138095502,-1.3486203498332687,0.09748544218018651,7.0794782638549805,3.0705552101135254,1.1136802434921265,,,,,,,,
E2,399,0.0,2.1137088586886725,0.8090672236349847,1.2800602176671487,-1.5659731506473489,0.1283591064857319,9.42851448059082,3.070030689239502,1.1242417097091675,,,,,,,,
E2,403,0.0,1.9868420634477857,0.9020569305571299,1.0657725638862867,-1.4091498805616525,0.1585726324119605,11.39726448059082,3.0715317726135254,1.137016773223877,,,,,,,,
E2,407,0.0,1.8442047891754008,0.9422127922612523,0.9852336140683116,-1.2549808083309069,0.11144209082704037,11.304300308227539,3.070526599884033,1.1525764465332031,,,,,,,,
E2,411,0.0,1.8159327799720424,0.9342183114162513,0.9807223131212948,-1.2469975926307222,0.12415870395489037,8.43409538269043,3.0695624351501465,1.1620252132415771,,,,,,,,
E2,415,0.0,1.7997247447511033,0.9722516326795495,0.9263020872360846,-1.1930373628718025,0.12265588028822094,6.6377177238464355,3.0700888633728027,1.1694605350494385,,,,,,,,
E2,419,0.0,1.675321491287341,0.9428704982357365,0.8510178198982308,-1.1131441439501941,0.12470784049946815,11.275262832641602,3.070557117462158,1.182105541229248,,,,,,,,
E2,423,0.0,1.8349669971577232,0.9263312893490943,1.0207544389361543,-1.249270140028943,0.10087764775380492,8.062458038330078,3.0710396766662598,1.1911380290985107,,,,,,,,
E2,427,0.0,1.7255166678556375,0.9899080456308429,0.8548048047571263,-1.1233035090660293,0.1027851429535076,6.828640937805176,3.0705552101135254,1.1987872123718262,,,,,,,,
E2,431,0.0,2.1265708119091062,0.8954379640164829,1.1987479299918484,-1.5150788531801294,0.07730641833040863,7.268596172332764,3.070030689239502,1.2069371938705444,,,,,,,,
E2,436,0.0,2.1015319685850824,0.917291450203352,1.131482522559366,-1.4841068735519898,0.08239455614238977,6.550365447998047,3.0715317726135254,1.2142832279205322,,,,,,,,
E2,440,0.0,1.7506780617293858,0.9463562279466599,0.9220716474671612,-1.1713047857462828,0.08525475801434368,10.865981101989746,3.070526599884033,1.2264610528945923,,,,,,,,
E2,444,0.0,1.804360491534074,1.013647080118221,0.8556871475154924,-1.1992298547355902,0.11999077134532854,11.309001922607422,3.0690970420837402,1.239129662513733,,,,,,,,
E2,448,0.0,1.9020410712276186,0.8525502301811699,1.2101421939250805,-1.3358032575379761,0.10747289354912937,11.1397123336792,3.0700888633728027,1.2516138553619385,,,,,,,,
E2,452,0.0,2.282730778472291,0.8825033759875667,1.224171643583243,-1.6389276212088704,0.11572307586902753,10.9407958984375,3.070557117462158,1.2638918161392212,,,,,,,,
E2,456,0.0,1.8835119171629822,0.9374390216100783,0.9887073030201436,-1.2979863985138576,0.1088876078526179,11.162979125976562,3.0710396766662598,1.2764055728912354,,,,,,,,
E2,460,0.0,1.7992826188130984,0.9681790098252278,0.9061928239630174,-1.2043775521507043,0.12531962059438229,11.326957702636719,3.0705552101135254,1.2891005277633667,,,,,,,,
E2,464,0.0,1.7383135550670208,0.9550940105839382,0.855254417653682,-1.1552852660210595,0.09369459573645145,11.339630126953125,3.070030689239502,1.301806092262268,,,,,,,,
E2,468,0.0,1.7899781881225487,0.9529563179091801,0.9328873666323054,-1.1653519390845701,0.15163488464895636,11.355257034301758,3.0715317726135254,1.3145264387130737,,,,,,,,
E2,472,0.0,1.953400838351439,0.921371472068131,1.1526133674544408,-1.3644643659880829,0.0869223719346337,11.238550186157227,3.070526599884033,1.3271160125732422,,,,,,,,
E2,476,0.0,2.124466032144569,0.7993033629442964,1.5322134492487938,-1.5926510529770028,0.11430312343873084,11.401235580444336,3.0700459480285645,1.3398873805999756,,,,,,,,
E2,480,0.0,1.991769311328729,0.8043982216585723,1.4362607079752678,-1.4592287342788444,0.19216120522469282,11.535852432250977,3.0700888633728027,1.3528099060058594,,,,,,,,
E2,484,0.0,2.131930928440794,0.7635273437887903,1.54897568654964,-1.6031565940199746,0.13408625894226134,11.367947578430176,3.0695786476135254,1.365548014640808,,,,,,,,
E2,488,0.0,2.2928076410104357,0.7624625718250634,1.7888034315043086,-1.7441103450089162,0.11857169691938907,11.245648384094238,3.0710396766662598,1.3781455755233765,,,,,,,,
E2,492,0.0,1.9020385586080097,0.9039968383897629,1.1254426122768157,-1.3398476501110024,0.10168796184007078,11.336182594299316,3.0705552101135254,1.3908491134643555,,,,,,,,
E2,496,0.0,1.845020680496144,1.0338079777087956,0.8328867787252,-1.1896814321212115,0.07433362165465951,11.342812538146973,3.070030689239502,1.403559923171997,,,,,,,,
E2,500,0.0,1.975512192895015,0.9475761721472419,0.9859194543991071,-1.3399795057835975,0.10347607429139316,11.282700538635254,3.0715317726135254,1.41620671749115,,,,,,,,
E2,504,0.0,1.8593856575233596,0.991315974986979,0.8879028870585138,-1.2285788655318024,0.1167545267380774,11.242781639099121,3.069091320037842,1.4288058280944824,,,,,,,,
E2,508,0.0,1.679976504059538,0.9388178141107635,0.8967622112302082,-1.107631064047815,0.1349851586855948,11.292223930358887,3.070526599884033,1.4444270133972168,,,,,,,,
E2,512,0.0,1.766415842527908,0.987520877212759,0.8848235020970008,-1.1648413306434773,0.0708347363397479,11.289251327514648,3.0700888633728027,1.4570732116699219,,,,,,,,
E2,516,0.0,1.9072302927573521,0.9386189750853985,0.9095145945659658,-1.2942379638774408,0.1870254862587899,8.94350814819336,3.0700879096984863,1.4670943021774292,,,,,,,,
E2,520,0.0,1.7534024174369516,0.9666311648038645,0.8779498559888452,-1.1513739986574307,0.06455660952876012,11.113825798034668,3.0710396766662598,1.479547381401062,,,,,,,,
E2,524,0.0,1.8764985863651549,0.9260247036637295,0.9851972069591284,-1.2868457763485375,0.13548419275321066,11.05151653289795,3.0705552101135254,1.4919296503067017,,,,,,,,
E2,528,0.0,1.9144305423020371,0.9168264983547112,1.0190988185662608,-1.330958730027464,0.11583416687790304,11.27277660369873,3.0700135231018066,1.5045634508132935,,,,,,,,
E2,532,0.0,1.8903231436298007,0.8806341362023165,0.9963324749981289,-1.3131108452262918,0.1368394703604281,11.292019844055176,3.070067882537842,1.5172200202941895,,,,,,,,
E2,536,0.0,1.9019857684652957,0.9799702153023746,0.9305891173808322,-1.278319820891031,0.14613493450451642,11.189981460571289,3.0715317726135254,1.529759407043457,,,,,,,,
E2,540,0.0,1.716034874793083,0.9765940266587432,0.7751364830061237,-1.1108729195714528,0.11055826698429883,11.42861270904541,3.070526599884033,1.5425636768341064,,,,,,,,
E2,544,0.0,1.8327549410658697,0.9305399627912612,0.9060608523049906,-1.2442191823021627,0.15162791637703776,11.298943519592285,3.070067882537842,1.5552208423614502,,,,,,,,
E2,548,0.0,1.9503767486247752,0.9223171432931272,1.0233201907753056,-1.326216120110263,0.08884339476935565,11.27579402923584,3.0700888633728027,1.567853331565857,,,,,,,,
E2,552,0.0,1.9901624325485456,0.9028640587533278,1.0366125617266646,-1.3743196160861453,0.10771538119297475,11.20515251159668,3.0710396766662598,1.5804054737091064,,,,,,,,
E2,556,0.0,2.0182363943211614,0.9086927011431682,1.0801419044024687,-1.3991548364228081,0.07653866067994386,11.301015853881836,3.0705552101135254,1.5930676460266113,,,,,,,,
E2,561,0.0,1.9299413758137869,0.9374934433708115,1.0649153917555267,-1.3092856514027402,0.11899088998325169,11.318552017211914,3.0700135231018066,1.605746865272522,,,,,,,,
E2,565,0.0,1.7836096623823756,0.9389499381539368,0.8800405163679328,-1.207747159071178,0.16731497249566019,11.345989227294922,3.070067882537842,1.6184643507003784,,,,,,,,
E2,569,0.0,1.7973643589823964,0.9378622266508284,0.9420628269696469,-1.2084993734467953,0.16744094109162688,11.181815147399902,3.0715317726135254,1.630990982055664,,,,,,,,
E2,573,0.0,2.255943342688538,0.8848877530544996,1.2467528579534213,-1.6063188048530488,0.05823142023291439,9.547048568725586,3.070526599884033,1.641686201095581,,,,,,,,
E2,577,0.0,1.857356323964066,0.9581104928243255,0.9278241313903579,-1.2500941969993864,0.1284335618838668,11.22626781463623,3.0695624351501465,1.6542612314224243,,,,,,,,
E2,581,0.0,1.8847122757680832,0.9341135518773208,0.9642804084526403,-1.276962565411518,0.14161571767181158,10.769234657287598,3.0700888633728027,1.6663252115249634,,,,,,,,
E2,585,0.0,1.9892632909237393,0.8220603612975942,1.1963316343555397,-1.4416525394190103,0.09889642118165891,11.223337173461914,3.0710396766662598,1.6789084672927856,,,,,,,,
E2,589,0.0,1.9206929730162734,0.9579047831514526,0.9363217589223006,-1.3041070863763462,0.15833874873351306,11.330291748046875,3.070535182952881,1.6916007995605469,,,,,,,,
E2,593,0.0,1.6276640106761266,0.9947190112656071,0.8666468533172981,-1.0304176130716407,0.11950831057038158,11.213265419006348,3.0705552101135254,1.7041633129119873,,,,,,,,
E2,597,0.0,1.80657444752398,0.9708306816598725,0.8812539640661162,-1.2043377138075553,0.11501563200727105,9.555205345153809,3.070030689239502,1.7148677110671997,,,,,,,,
E2,601,0.0,1.780772036325837,0.9483635398958411,0.8348001530776218,-1.198648528805712,0.11401959112845361,11.179875373840332,3.0715317726135254,1.7273914813995361,,,,,,,,
E2,605,0.0,1.8341971754081665,0.9334923640366585,0.9741154108126995,-1.2395073387601843,0.0736908987746574,10.998538970947266,3.070526599884033,1.7397122383117676,,,,,,,,
E2,609,0.0,2.2607930621634873,0.881632142833301,1.2720413428050146,-1.6277659292783706,0.09908892321982421,11.363707542419434,3.0695624351501465,1.7554265260696411,,,,,,,,
E2,613,0.0,1.8157714564530623,1.0015143336402992,0.8878690379796855,-1.1884289228039542,0.1422683350974694,11.27851676940918,3.0700888633728027,1.7680622339248657,,,,,,,,
E2,617,0.0,1.7190006981411623,0.9437350602968345,0.8564257917564306,-1.1513000531787319,0.1192424176260829,11.186134338378906,3.070557117462158,1.7805931568145752,,,,,,,,
E2,621,0.0,1.8141857586682788,0.8965759312231389,0.955910010353676,-1.2553631772993072,0.17324797064065933,11.290836334228516,3.0710396766662598,1.7932413816452026,,,,,,,,
E2,625,0.0,1.8719093016688786,0.9143753100837034,0.9698336977900853,-1.294610673175489,0.14113487757276744,11.258705139160156,3.0705552101135254,1.8058536052703857,,,,,,,,
E2,629,0.0,1.7064282846829248,0.9282331566607195,0.946318653773572,-1.1442985138338473,0.16761102085001767,11.191149711608887,3.070030689239502,1.8183925151824951,,,,,,,,
E2,633,0.0,1.932819019470896,0.9241608391323733,0.9735672364164311,-1.3352990645364606,0.1288925203261897,11.2423734664917,3.0715317726135254,1.8309926986694336,,,,,,,,
E2,637,0.0,1.7030462412429708,0.9667029694195778,0.8381569313455317,-1.1130816789255256,0.13010674330871552,11.407177925109863,3.070526599884033,1.843777060508728,,,,,,,,
E2,641,0.0,1.7609022203537206,0.8976029935218985,1.0030312298505164,-1.2219201825884363,0.12963517173193395,11.269254684448242,3.0695624351501465,1.856400966644287,,,,,,,,
E2,645,0.0,1.9779869967273302,0.8800367617477027,1.0476519467323018,-1.3907671319394712,0.17077119136229157,11.272895812988281,3.0700888633728027,1.8690364360809326,,,,,,,,
E2,649,0.0,1.8979915038697304,0.9143677913835124,1.0286400409090812,-1.3101795041796913,0.11020278139039874,11.148880004882812,3.070557117462158,1.8815340995788574,,,,,,,,
E2,653,0.0,1.8193394732144144,0.9477359919498364,0.9715163581101085,-1.2277944774980405,0.12448541272897273,11.288970947265625,3.0710396766662598,1.8941807746887207,,,,,,,,
E2,657,0.0,1.7271756235924032,0.9730364501712814,0.7975651703552523,-1.135862484156701,0.12414907605852932,11.300047874450684,3.0705552101135254,1.9068419933319092,,,,,,,,
E2,661,0.0,1.679747351400909,0.9669752767871297,0.9140386845353546,-1.097346329333497,0.12888550385832787,11.261884689331055,3.070030689239502,1.9194576740264893,,,,,,,,
E2,665,0.0,1.8992201378421179,0.9551499177302633,0.9617110099643469,-1.2905995568837083,0.10729102208279073,11.115039825439453,3.0715317726135254,1.9319089651107788,,,,,,,,
E2,669,0.0,1.6909509772464397,0.969360538240936,0.8744791275057108,-1.1040073101674872,0.13495049334596843,11.32785415649414,3.070526599884033,1.9445984363555908,,,,,,,,
E2,673,0.0,2.094469576423603,0.8244177361152002,1.2356644828748236,-1.5310955534666955,0.1304652706021443,11.233068466186523,3.0690970420837402,1.9571818113327026,,,,,,,,
E2,677,0.0,1.8699521957527077,0.8870405566302084,1.0796216898041764,-1.2993610578566968,0.11304907908197492,11.310796737670898,3.0700888633728027,1.9698522090911865,,,,,,,,
E2,681,0.0,1.928061703486102,0.9103556581373725,0.9620785813347729,-1.3554537640810604,0.18179711722768843,11.146763801574707,3.070557117462158,1.9823389053344727,,,,,,,,
E2,686,0.0,1.7870862531283545,0.9010838813902367,0.9567432231964794,-1.2324959802504127,0.17441298277117312,11.28258991241455,3.0710396766662598,1.9949777126312256,,,,,,,,
E2,690,0.0,1.718182705874954,0.9361791047785017,0.8896602072975418,-1.160372594733619,0.15720495046116412,11.270092964172363,3.0705552101135254,2.0076024532318115,,,,,,,,
E2,694,0.0,1.764198873605993,0.8869472893457564,1.029867910008544,-1.2124304772439665,0.1902788351289928,11.270495414733887,3.070030689239502,2.0202279090881348,,,,,,,,
E2,698,0.0,2.122034826271591,0.8614619292969269,1.3278385707691533,-1.5001613120160375,0.1272366774501279,11.2105712890625,3.0715317726135254,2.0327866077423096,,,,,,,,
E2,702,0.0,1.9274513507114044,0.8789009286889008,1.0448701915838547,-1.360178198606249,0.1527119732927531,11.305004119873047,3.070526599884033,2.0454506874084473,,,,,,,,
E2,706,0.0,1.7409385066065524,0.8610596275991864,1.0592780882534363,-1.238612207571148,0.16484604473225772,11.342276573181152,3.0690970420837402,2.058157205581665,,,,,,,,
E2,710,0.0,1.793423788888114,0.8939980256652075,1.0240056215882747,-1.2342839323738146,0.14713280857540667,11.292146682739258,3.0700888633728027,2.0738377571105957,,,,,,,,
E2,714,0.0,1.7877031673514654,0.9009597306509339,1.0205560541627081,-1.2533848706174582,0.1629803255200386,11.205470085144043,3.070557117462158,2.086402654647827,,,,,,,,
E2,718,0.0,1.8551985818951848,0.8653284872453364,1.0883615148399692,-1.300992225289404,0.13883507647551596,11.311715126037598,3.0710396766662598,2.0990800857543945,,,,,,,,
E2,722,0.0,1.911057045062383,0.9078055947782502,1.0140147651545703,-1.30469214648474,0.12335949740372598,11.353707313537598,3.0705552101135254,2.1117987632751465,,,,,,,,
E2,726,0.0,1.8876184234099964,0.923504797697422,1.1042602956642522,-1.3142763679617986,0.09098250535316765,11.41672134399414,3.070030689239502,2.12459659576416,,,,,,,,
E2,730,0.0,2.1553917102042646,0.8316090404543848,1.3223605313018632,-1.5713755829437148,0.08814651565626264,11.302192687988281,3.0715317726135254,2.1372573375701904,,,,,,,,
E2,734,0.0,1.8890745936050302,0.8320830200044882,1.1572678909192222,-1.3697369485199156,0.23645363515242934,11.409354209899902,3.070526599884033,2.150047540664673,,,,,,,,
E2,738,0.0,1.8707333845751626,0.8322152858452191,1.1415564651851222,-1.3423367661076584,0.15742052090354264,11.332292556762695,3.0700459480285645,2.162748098373413,,,,,,,,
E2,742,0.0,2.379199275066928,0.8198443229886747,1.4036651134018356,-1.784108996021724,0.16372132254764438,11.318440437316895,3.0700888633728027,2.175434112548828,,,,,,,,
E2,746,0.0,1.9646005844549528,0.8230340438821013,1.1198272142739993,-1.4288084409698578,0.17995672998949885,11.256512641906738,3.0695786476135254,2.1880502700805664,,,,,,,,
E2,750,0.0,1.7999042496085167,0.8614423434649195,1.083279378656576,-1.2813536795373592,0.153494423488155,11.394098281860352,3.0710396766662598,2.2008213996887207,,,,,,,,
E2,754,0.0,1.8909105965424151,0.8608092102443888,1.1830048105304143,-1.3616830631092722,0.11053287354297936,11.307787895202637,3.0705552101135254,2.213489055633545,,,,,,,,
E2,758,0.0,2.0498551152469147,0.8481403437280466,1.2614752834162384,-1.4892480682788625,0.12694733869284391,11.295371055603027,3.0700135231018066,2.226142168045044,,,,,,,,
E2,762,0.0,2.0813915293131555,0.8382530037964148,1.250760977802826,-1.5332850783893337,0.08731896529207006,11.225804328918457,3.0715317726135254,2.238717555999756,,,,,,,,
E2,766,0.0,1.9321982590925126,0.8599553180355874,1.1035705432226297,-1.3799623253271132,0.1955229234881699,11.301093101501465,3.069091320037842,2.2513771057128906,,,,,,,,
E2,770,0.0,1.908381335259903,0.8630592002282067,1.0706745055121885,-1.3626551648439278,0.20687551004812121,11.31582260131836,3.070526599884033,2.2640573978424072,,,,,,,,
E2,774,0.0,1.780071669568618,0.8672356715514546,1.057890752803034,-1.2480849775315692,0.16685314709320664,11.328375816345215,3.0700888633728027,2.2767484188079834,,,,,,,,
E2,778,0.0,1.8329797161240426,0.8813021926298028,0.9817725296915424,-1.2747485805635475,0.1587983164936304,11.212183952331543,3.0700879096984863,2.2893102169036865,,,,,,,,
E2,782,0.0,1.9357385190706404,0.8853423611689655,1.1581706113404413,-1.3513494281002159,0.14161216327920556,11.393983840942383,3.0710396766662598,2.3020739555358887,,,,,,,,
E2,786,0.0,2.00143998086689,0.8506900180308592,1.162531565506456,-1.432825899228365,0.14480704651214182,11.347882270812988,3.0705552101135254,2.314785957336426,,,,,,,,
E2,790,0.0,2.197933807466475,0.8047168367793636,1.2864958555993637,-1.6411653655462912,0.10139301489107311,11.34669303894043,3.0700135231018066,2.3274967670440674,,,,,,,,
E2,794,0.0,2.093083856036029,0.8195462569239593,1.3372149706137046,-1.5233183238278365,0.13249496230855584,11.195234298706055,3.070067882537842,2.3400378227233887,,,,,,,,
E2,798,0.0,2.0105951581564216,0.8877272966894365,1.0802211265267332,-1.4284521366602607,0.11886913399212062,11.311224937438965,3.0715317726135254,2.3527090549468994,,,,,,,,
E2,802,0.0,2.2842103967531804,0.7993095834695157,1.4672648948200269,-1.6913689155841158,0.09819628507830203,11.310155868530273,3.070526599884033,2.365384340286255,,,,,,,,
E2,806,0.0,1.9771756426327758,0.8777010892591779,1.0351473612001916,-1.4185657460309034,0.19248255819547921,11.265840530395508,3.070067882537842,2.3780136108398438,,,,,,,,
E2,810,0.0,2.0871836143944944,0.8100612645761834,1.2751068913572425,-1.546319421062926,0.129574608290568,11.236295700073242,3.0700888633728027,2.3935701847076416,,,,,,,,
E2,815,0.0,1.9374922787149746,0.784789171128992,1.225724298166417,-1.4300610463630172,0.21620863256976008,11.292555809020996,3.0710396766662598,2.4062201976776123,,,,,,,,
E2,819,0.0,1.9436618496205598,0.8735182527748365,1.1225317234882335,-1.3846703725534357,0.17196959268767387,11.296113967895508,3.0705552101135254,2.4188754558563232,,,,,,,,
E2,823,0.0,1.992437461006736,0.8355448322281951,1.1485174083734737,-1.4355219758470499,0.1862751580774784,11.298704147338867,3.0700135231018066,2.431535005569458,,,,,,,,
E2,827,0.0,2.008945850625871,0.8333130295403184,1.2317795953504853,-1.4542992373093193,0.14126736752223223,11.156935691833496,3.070030689239502,2.444033145904541,,,,,,,,
E2,831,0.0,2.133776155078695,0.8808466468508991,1.1761596695895293,-1.5325878848550871,0.14140878268517554,11.313664436340332,3.0715317726135254,2.4567067623138428,,,,,,,,
E2,835,0.0,2.120477104234317,0.7630037038867908,1.2773836216222105,-1.5901411913468368,0.16395577508956194,11.262691497802734,3.070526599884033,2.469324827194214,,,,,,,,
E2,839,0.0,2.127184423544104,0.7640005295120534,1.2906662195837542,-1.6011615907551633,0.21111714630387723,11.321637153625488,3.0695624351501465,2.482011556625366,,,,,,,,
E2,843,0.0,1.9889758385363079,0.7896910930081965,1.266269019804895,-1.4762666769074424,0.18448293333252272,11.227917671203613,3.0700888633728027,2.4945902824401855,,,,,,,,
E2,847,0.0,2.038181457964201,0.8178671959728475,1.2794515518471599,-1.4936009887199375,0.15085944184102118,11.37548828125,3.0710396766662598,2.507333278656006,,,,,,,,
E2,851,0.0,2.0831350643365156,0.8256283350998447,1.3356994544503404,-1.5225581576981182,0.11513548903167248,11.230287551879883,3.0695767402648926,2.519913673400879,,,,,,,,
E2,855,0.0,1.9993362229849612,0.8245792174268336,1.2280594964351839,-1.4673921513382258,0.14694888412486762,11.27266788482666,3.0705552101135254,2.532541275024414,,,,,,,,
E2,859,0.0,2.105394414019963,0.7860458864874783,1.2691987531551563,-1.5761518401818142,0.20217732735909522,11.225091934204102,3.070030689239502,2.545117139816284,,,,,,,,
E2,863,0.0,1.93618678272007,0.8085970978533464,1.1692286102003904,-1.4038064769535725,0.22267339122481644,11.27199935913086,3.0715317726135254,2.557746410369873,,,,,,,,
E2,867,0.0,1.9758435717769085,0.8275323569153746,1.216264740265072,-1.4285441644245847,0.14271064312197268,11.287455558776855,3.070526599884033,2.5703907012939453,,,,,,,,
E2,871,0.0,2.1463382329555256,0.777131584517303,1.3237532131763092,-1.615258681236781,0.1767750292783603,11.282744407653809,3.0695624351501465,2.5830323696136475,,,,,,,,
E2,875,0.0,2.0028697331509893,0.8248841997886461,1.2612455296260652,-1.4704436613875072,0.11519917228724808,11.2445707321167,3.0700888633728027,2.595632553100586,,,,,,,,
E2,879,0.0,2.0842941866389344,0.7989092336464969,1.3163276654737655,-1.5465508437981563,0.1731627129483968,11.39625358581543,3.070557117462158,2.608402729034424,,,,,,,,
E2,883,0.0,2.1989441901327127,0.7598246955091045,1.4361499698846532,-1.6631957202824572,0.17045566975139081,11.301163673400879,3.0710396766662598,2.6210665702819824,,,,,,,,
E2,887,0.0,1.9268822546397883,0.8540893392785202,1.08597518403236,-1.3726633100230838,0.17938985861837864,11.298296928405762,3.0705552101135254,2.633723258972168,,,,,,,,
E2,891,0.0,1.9627943296754171,0.8255427391933543,1.2863321968270882,-1.4333903965824801,0.13592219061683863,11.187005996704102,3.070030689239502,2.6462552547454834,,,,,,,,
E2,895,0.0,2.1759444387659195,0.7757688231825356,1.3854351200566475,-1.6261464464108621,0.18316867458634079,11.236092567443848,3.0715317726135254,2.6588473320007324,,,,,,,,
E2,899,0.0,1.9670903751892703,0.8263236386553635,1.1068618507471992,-1.4391886679777166,0.18951952061615884,11.27520751953125,3.070526599884033,2.671480655670166,,,,,,,,
E2,903,0.0,1.953310064380131,0.8019404133988751,1.259003839455545,-1.4319810137330067,0.19268555799499154,11.253456115722656,3.0695624351501465,2.6840994358062744,,,,,,,,
E2,907,0.0,2.081169289433294,0.8093309572469147,1.3502771147865464,-1.5398919631132029,0.11106102416912715,11.124260902404785,3.0700888633728027,2.6965625286102295,,,,,,,,
E2,911,0.0,2.021767809987068,0.816408763477017,1.2068203944754579,-1.4792624940145909,0.22859494155272841,11.238441467285156,3.070557117462158,2.7120752334594727,,,,,,,,
E2,915,0.0,1.9230338655530461,0.8127260977136237,1.230735583230853,-1.4150219085766742,0.14528461825102568,11.291153907775879,3.0710396766662598,2.724724769592285,,,,,,,,
E2,919,0.0,2.1922359641582245,0.7742479806322426,1.4474801503594463,-1.6639615789403222,0.17212514393031597,11.246526718139648,3.0705552101135254,2.737325668334961,,,,,,,,
E2,923,0.0,2.1180546636146214,0.7733677629795339,1.3062824983525076,-1.5833128402933538,0.16783039597794414,11.114692687988281,3.070030689239502,2.7497763633728027,,,,,,,,
E2,927,0.0,1.984805665880678,0.8072574656338446,1.2145025605968296,-1.4771099111752672,0.16811314993537962,11.212858200073242,3.0715317726135254,2.7623462677001953,,,,,,,,
E2,931,0.0,2.324117167128457,0.7065626097813485,1.5442471269573739,-1.7945939355736806,0.1779795098118484,11.264087677001953,3.070526599884033,2.774965763092041,,,,,,,,
E2,935,0.0,2.1326116995797273,0.7904626172745511,1.3222807620360113,-1.612543009592974,0.11283984722103924,11.298238754272461,3.0690970420837402,2.7876222133636475,,,,,,,,
E2,940,0.0,2.2095413477056556,0.7996593207150461,1.4756915978322833,-1.6618036454772607,0.11807232932187617,11.104357719421387,3.0700888633728027,2.8000614643096924,,,,,,,,
E2,944,0.0,2.249373225820443,0.687629129530655,1.590456853161997,-1.7605064606500997,0.18316962011158466,11.218170166015625,3.070557117462158,2.8126614093780518,,,,,,,,
E2,948,0.0,2.1689024772199375,0.7692129340554986,1.4629817024054033,-1.648621129260088,0.20094184461049736,11.244837760925293,3.0710396766662598,2.825260877609253,,,,,,,,
E2,952,0.0,2.0876364853114837,0.7906110754443539,1.2941003171866066,-1.551050306105661,0.23320429399609566,11.289708137512207,3.0705552101135254,2.837908983230591,,,,,,,,
E2,956,0.0,1.8950095135304663,0.805050682897369,1.1709953494015526,-1.3996836144388431,0.1819430512841791,11.197070121765137,3.070030689239502,2.850454568862915,,,,,,,,
E2,960,0.0,1.9920220535898965,0.7503802344084732,1.3652821619327722,-1.4870343302812663,0.25348903983831406,11.268464088439941,3.0715317726135254,2.8630776405334473,,,,,,,,
E2,964,0.0,1.929163689858147,0.8255740947844017,1.1663481336323294,-1.4015509337038985,0.1654876783140935,11.305264472961426,3.070526599884033,2.875741720199585,,,,,,,,
E2,968,0.0,2.091798169922734,0.8236904963998805,1.2860001297667623,-1.5440360603739494,0.14934628014452755,11.236907958984375,3.0690970420837402,2.888329267501831,,,,,,,,
E2,972,0.0,1.9370792812061688,0.8447022972598909,1.1479695189786567,-1.381944440305233,0.17038787870357433,11.16550350189209,3.0700888633728027,2.900843381881714,,,,,,,,
E2,976,0.0,2.02183521024528,0.7592301039054753,1.2584121430278825,-1.5139671896569549,0.21656295435968786,11.297101974487305,3.070557117462158,2.9135019779205322,,,,,,,,
E2,980,0.0,1.9785202304049143,0.8166321451583552,1.242689864897628,-1.4465316200724965,0.14478149125352502,11.281389236450195,3.0710396766662598,2.926154136657715,,,,,,,,
E2,984,0.0,2.0826224527720893,0.7865136342034453,1.3386905422614914,-1.5617791437506972,0.1764642104972154,11.394158363342285,3.0705552101135254,2.9389231204986572,,,,,,,,
E2,988,0.0,2.191573823669127,0.7209147042225278,1.4004454281069894,-1.6841034095989362,0.16433583153411746,11.242266654968262,3.070030689239502,2.951517105102539,,,,,,,,
E2,992,0.0,2.049496788945463,0.8049608626299434,1.2907041129308627,-1.5252552049877566,0.22429967997595668,11.308076858520508,3.0715317726135254,2.964184045791626,,,,,,,,
E2,996,0.0,1.9404349825566722,0.7993232201607454,1.1897998030033352,-1.4276460948758685,0.18874888471327722,11.279364585876465,3.070526599884033,2.9768247604370117,,,,,,,,
E2,1000,0.0,1.8935808712054814,0.8167097648930928,1.166066678727407,-1.3897254716545817,0.18715671775862575,11.305546760559082,3.0700459480285645,2.989492654800415,,,,,,,,
E2,1004,0.0,2.0539958251728896,0.7733291436045889,1.3111774674269245,-1.5404521043944572,0.20455277082510293,11.181228637695312,3.0700888633728027,3.0020179748535156,,,,,,,,
E2,1008,0.0,1.9817826054280712,0.7472880830071749,1.2941944115002877,-1.4956385434331698,0.24323790706694126,11.25190544128418,3.0695786476135254,3.0146236419677734,,,,,,,,
E2,1012,0.0,1.8771343722289044,0.8232810853847435,1.0990922053678156,-1.3563484804157817,0.1900381708983332,11.29255199432373,3.0710396766662598,3.0301897525787354,,,,,,,,
E2,1016,0.0,2.0896274511894535,0.8493770865634793,1.3059046734749937,-1.511806537352857,0.1255456340732053,11.212421417236328,3.0705552101135254,3.0427541732788086,,,,,,,,
E2,1020,0.0,2.074335104416287,0.8429166168743183,1.3279965088577634,-1.5230190760496678,0.14084761287085712,8.98787784576416,3.0700135231018066,3.052823066711426,,,,,,,,
E2,1024,0.0,1.9922222275700834,0.7843187934172059,1.2332823613081683,-1.4775655703279116,0.20188826322555542,8.623468399047852,3.0715317726135254,3.062486171722412,,,,,,,,
E2,1028,0.0,2.0304933992761467,0.7494567951394452,1.4114926229439564,-1.5322933133418066,0.18770227883942425,11.027425765991211,3.069091320037842,3.0748395919799805,,,,,,,,
E2,1032,0.0,2.079099831008722,0.7909353292354989,1.366543935535392,-1.5437424856289808,0.15501438546925783,10.999561309814453,3.070526599884033,3.087162494659424,,,,,,,,
E2,1036,0.0,1.9575675243423099,0.7881761463506828,1.235870767243658,-1.4642297580379933,0.2503763822217782,11.088041305541992,3.0700888633728027,3.0995967388153076,,,,,,,,
E2,1040,0.0,2.1223927518086776,0.7595756194066434,1.4123391901045592,-1.5974754107458191,0.14730525203049183,11.386783599853516,3.0700879096984863,3.1123580932617188,,,,,,,,
E2,1044,0.0,2.073440655149401,0.7882112369000439,1.304699575132343,-1.543704614965319,0.18489119526930153,11.356184959411621,3.0710396766662598,3.12507963180542,,,,,,,,
E2,1048,0.0,2.013994167544066,0.78625734310065,1.3332703069769847,-1.504989392866957,0.13669565797317773,11.337377548217773,3.0705552101135254,3.137779951095581,,,,,,,,
E2,1052,0.0,2.2741379107511235,0.7263300950742431,1.5030440939868341,-1.754911686759442,0.16126336925663054,11.268393516540527,3.0700135231018066,3.1504030227661133,,,,,,,,
E2,1056,0.0,2.1346300440648247,0.7720296348903387,1.365392100496857,-1.6059222948933316,0.20147926826030016,11.328315734863281,3.070067882537842,3.163093328475952,,,,,,,,
E2,1060,0.0,2.128740673352565,0.7340580507048539,1.372717665362436,-1.6348703640165725,0.20476001338101923,11.236536979675293,3.0715317726135254,3.17568039894104,,,,,,,,
E2,1065,0.0,2.0572154041793613,0.7316771617366208,1.3872184617820182,-1.5748621376549146,0.2372417924925685,11.14451789855957,3.070526599884033,3.188178539276123,,,,,,,,
E2,1069,0.0,2.0927273241418693,0.7523674890694637,1.3226358532043758,-1.5787406313299601,0.2165516964159906,11.235028266906738,3.070067882537842,3.2007644176483154,,,,,,,,
E2,1073,0.0,2.1120894367969227,0.7363553022640565,1.3548456494793741,-1.6042421084000833,0.2199932229705155,11.322086334228516,3.0700888633728027,3.2134475708007812,,,,,,,,
E2,1077,0.0,2.1241438942296162,0.7686776528282772,1.3770411158286369,-1.6086451807909363,0.16131529211997986,11.235139846801758,3.0710396766662598,3.2260332107543945,,,,,,,,
E2,1081,0.0,2.2076062830312857,0.7260050863796284,1.464002466197612,-1.6832464211435605,0.20763402641750872,11.278502464294434,3.0705552101135254,3.2386674880981445,,,,,,,,
E2,1085,0.0,2.1023533339242615,0.813399563173926,1.2919137629909692,-1.554371740790971,0.18439578916877508,11.114866256713867,3.0700135231018066,3.2511186599731445,,,,,,,,
E2,1089,0.0,2.1058537534600688,0.7708513292942255,1.3609904357676965,-1.580586292843763,0.1646219831891358,11.265843391418457,3.070030689239502,3.2637388706207275,,,,,,,,
E2,1093,0.0,2.1783103158194868,0.7673779099824882,1.3226583369576663,-1.6326003568616534,0.12289031012915075,11.256486892700195,3.0715317726135254,3.276352643966675,,,,,,,,
E2,1097,0.0,2.266710027756672,0.7711864026071179,1.5131390238139055,-1.7192763366721688,0.13152114977128804,11.25213623046875,3.070526599884033,3.2889575958251953,,,,,,,,
E2,1101,0.0,2.1932710439912855,0.7158875522455053,1.424476164555403,-1.7010041722835647,0.2341587981985261,11.203248023986816,3.0695624351501465,3.30151104927063,,,,,,,,
E2,1105,0.0,2.2249383576332575,0.6896106706311306,1.5459439587265031,-1.742873074993166,0.1871204141061753,11.298030853271484,3.0700888633728027,3.3141798973083496,,,,,,,,
E2,1109,0.0,2.0927077824515954,0.7460164857052621,1.3766864037085602,-1.6034259896518455,0.27472272887825966,11.298080444335938,3.0710396766662598,3.3268399238586426,,,,,,,,
E2,1113,0.0,2.0409383803369505,0.7454490508470271,1.3897003961636671,-1.5436496358172642,0.17819303600117564,11.292463302612305,3.0695767402648926,3.3424324989318848,,,,,,,,
E2,1117,0.0,2.175620984729557,0.7155275683524827,1.415958441071101,-1.6884803148466976,0.18573758786078542,11.218046188354492,3.0705552101135254,3.35500168800354,,,,,,,,
E2,1121,0.0,2.355663663160706,0.7053769146580071,1.5736569891572554,-1.8116673357629527,0.16408096929080784,11.278026580810547,3.070030689239502,3.3676395416259766,,,,,,,,
E2,1125,0.0,2.272707414059412,0.7354980971338967,1.4864223899333668,-1.7353665366776228,0.1947871909942478,11.339332580566406,3.0715317726135254,3.3803484439849854,,,,,,,,
E2,1129,0.0,2.6305557813436264,0.7092004359241516,1.6594523656835307,-2.056734076867412,0.10100235918071121,11.341741561889648,3.070526599884033,3.3930532932281494,,,,,,,,
E2,1133,0.0,2.504219175272045,0.6566987389048177,1.7079994311250413,-1.9986055325494991,0.15448326617479324,11.168954849243164,3.0695624351501465,3.4055659770965576,,,,,,,,
E2,1137,0.0,2.503146111551258,0.6759522844933801,1.6860719502681116,-1.9823371149666076,0.12883501837495714,11.423873901367188,3.0700888633728027,3.418363094329834,,,,,,,,
E2,1141,0.0,2.2656740409632525,0.7050985135729351,1.5815602131674427,-1.7831097979113342,0.2208223461639136,11.333895683288574,3.070557117462158,3.431067705154419,,,,,,,,
E2,1145,0.0,2.1591801568865776,0.7207624955132367,1.4671727815893159,-1.6914742404875893,0.24247830733656883,11.280766487121582,3.0710396766662598,3.4437079429626465,,,,,,,,
E2,1149,0.0,2.1401166350595533,0.6939429710397408,1.5064831036560016,-1.6794278967223826,0.2300902516581118,11.16550064086914,3.0705552101135254,3.456220865249634,,,,,,,,
E2,1153,0.0,2.1660359507751843,0.7189858932462003,1.5166972440792554,-1.6742333764069905,0.19173641421366483,11.308536529541016,3.070030689239502,3.4688916206359863,,,,,,,,
E2,1157,0.0,2.0800278893272792,0.7720089669797628,1.4357683234431071,-1.5795191638578203,0.20247469935566187,11.339177131652832,3.0715317726135254,3.4815948009490967,,,,,,,,
E2,1161,0.0,2.1161725344284186,0.7104682752359954,1.449165277843322,-1.6391654857693032,0.22998946299776435,11.27160358428955,3.070526599884033,3.4942214488983154,,,,,,,,
E2,1165,0.0,2.2433275167372018,0.7456441692830551,1.4814457971828454,-1.7226084766222076,0.126240405254066,11.149764060974121,3.0695624351501465,3.5067191123962402,,,,,,,,
E2,1169,0.0,2.529626937849181,0.6527044722544295,1.7025566048113936,-2.0173728933543087,0.14494168001692742,11.222855567932129,3.0700888633728027,3.5192911624908447,,,,,,,,
E2,1173,0.0,2.140437701983111,0.7738884591630527,1.304137352346651,-1.6334180035702293,0.18699602340348065,11.447810173034668,3.070557117462158,3.5321149826049805,,,,,,,,
E2,1177,0.0,2.1730319975860537,0.7489194340471711,1.421408839593294,-1.645634163843675,0.2111828929046169,11.320262908935547,3.0710396766662598,3.5447962284088135,,,,,,,,
E2,1181,0.0,2.1530935998769505,0.7290914144426112,1.494846350443897,-1.64477645929548,0.18329148495104164,11.14451789855957,3.0705552101135254,3.5572824478149414,,,,,,,,
E2,1185,0.0,2.208543294715503,0.7310137452616815,1.5212833887077313,-1.711999985703548,0.18367806926835328,11.30095386505127,3.070030689239502,3.56994366645813,,,,,,,,
E2,1190,0.0,2.159070589949214,0.7146763767574041,1.3937248550494439,-1.6772764761976542,0.24698709836229682,11.251348495483398,3.0715317726135254,3.582547426223755,,,,,,,,
E2,1194,0.0,2.2433893224667933,0.6720744328691609,1.6133450737167427,-1.7556653096643646,0.21358690736815333,11.283466339111328,3.070526599884033,3.5951874256134033,,,,,,,,
E2,1198,0.0,2.1341273449952642,0.7313210484645669,1.3527729553170502,-1.6347259352305195,0.22216279106214643,11.180122375488281,3.0690970420837402,3.6077113151550293,,,,,,,,
E2,1202,0.0,2.121044103410982,0.7682580440526917,1.3618987300780727,-1.6049464031470022,0.14390511880628765,11.233360290527344,3.0700888633728027,3.620298385620117,,,,,,,,
E2,1206,0.0,2.1827058706964766,0.7198386611860423,1.4775295746790718,-1.6917644706332968,0.2116496057715267,11.253229141235352,3.070557117462158,3.632908344268799,,,,,,,,
E2,1210,0.0,2.2251822675267854,0.6899660648630251,1.5628795194119882,-1.7440794646473867,0.16785237146541476,11.251818656921387,3.0710396766662598,3.645526170730591,,,,,,,,
E2,1214,0.0,2.241749535713877,0.7456265343205323,1.4540418200611847,-1.7222914979090944,0.20549337076954544,11.211798667907715,3.0705552101135254,3.6610724925994873,,,,,,,,
E2,1218,0.0,2.279870210304147,0.6464798549071901,1.5880352791551668,-1.8022351112541934,0.21306534903123975,11.270963668823242,3.070030689239502,3.6736981868743896,,,,,,,,
E2,1222,0.0,2.216474013255229,0.7455551872059466,1.4918652510187074,-1.7006598801189472,0.17907337483484298,11.259248733520508,3.0715317726135254,3.6863107681274414,,,,,,,,
E2,1226,0.0,2.0765564485733945,0.7438749269183192,1.3226703629036671,-1.5693050293244482,0.29562221956439316,11.21928596496582,3.070526599884033,3.698880672454834,,,,,,,,
E2,1230,0.0,2.1203523570346454,0.7161757444578504,1.4335611731759414,-1.63747890953285,0.18544276213894287,11.115527153015137,3.0690970420837402,3.7113454341888428,,,,,,,,
E2,1234,0.0,2.1996994115530497,0.7101757481457696,1.5390549291397875,-1.719495626484295,0.18426848272792995,11.401019096374512,3.0700888633728027,3.7241272926330566,,,,,,,,
E2,1238,0.0,2.356818238539355,0.675520323808231,1.685792682296249,-1.8504660747694,0.18311309115961194,11.390438079833984,3.070557117462158,3.736887216567993,,,,,,,,
E2,1242,0.0,2.1488353362277386,0.6790527576610209,1.4942357758087899,-1.694473454695461,0.22134061926044524,11.332122802734375,3.0710396766662598,3.7495903968811035,,,,,,,,
E2,1246,0.0,2.333918597726595,0.7239510389340539,1.5704756799960202,-1.8298961599579169,0.14020210970193148,11.208824157714844,3.0705552101135254,3.7621519565582275,,,,,,,,
E2,1250,0.0,2.4546957080444645,0.6478117222321176,1.636940272316448,-1.9346545488972748,0.22350898990407586,11.336960792541504,3.070030689239502,3.774855852127075,,,,,,,,
E2,1254,0.0,2.2507368666193788,0.7195555563010867,1.4503432223503825,-1.758403852766764,0.18982677068561316,11.340259552001953,3.0715317726135254,3.7875616550445557,,,,,,,,
E2,1258,0.0,2.071532760465902,0.7038264814764261,1.4395339341431077,-1.6068568787434034,0.2814027830027044,11.31471061706543,3.070526599884033,3.800236463546753,,,,,,,,
E2,1262,0.0,2.092599592984669,0.6947909938614993,1.4922698817021256,-1.6301845073263856,0.20692098839208484,11.2037935256958,3.0700459480285645,3.8127872943878174,,,,,,,,
E2,1266,0.0,2.267134315437741,0.6734920474626716,1.535323143088773,-1.7942718190828426,0.22980029019527137,11.322067260742188,3.0700888633728027,3.8254714012145996,,,,,,,,
E2,1270,0.0,2.3313428250451884,0.6990238822375735,1.590637423834805,-1.8307310422394603,0.13013085816055536,11.309860229492188,3.0695786476135254,3.8381407260894775,,,,,,,,
E2,1274,0.0,2.5587142069661426,0.7029098692749228,1.7612981787507436,-2.008261612934312,0.08375554566737264,11.27030086517334,3.0710396766662598,3.850766181945801,,,,,,,,
E2,1278,0.0,2.490567259786148,0.6919525775629731,1.7640272225948301,-1.9971437188815178,0.20061486423946917,11.177489280700684,3.0705552101135254,3.863292932510376,,,,,,,,
E2,1282,0.0,2.418393780669523,0.6105549145002096,1.773378669492789,-1.9682437932370083,0.18129688454791903,11.352680206298828,3.0700135231018066,3.8760104179382324,,,,,,,,
E2,1286,0.0,2.4463993465853116,0.6855092767389521,1.6995975128374994,-1.9601448740706675,0.2090927114477381,11.26070499420166,3.070067882537842,3.888624668121338,,,,,,,,
E2,1290,0.0,2.291406145703698,0.6583608943702919,1.5852821440394245,-1.8313871231669234,0.24324094806797802,11.254077911376953,3.0715317726135254,3.9012317657470703,,,,,,,,
E2,1294,0.0,2.246461512609607,0.6646010975042979,1.7389513471685913,-1.805206002401454,0.19957224279642105,11.083889961242676,3.070526599884033,3.9136500358581543,,,,,,,,
E2,1298,0.0,2.167516313936739,0.7221964452977455,1.5712088533371353,-1.6891242908905186,0.16389786347281188,11.324454307556152,3.070067882537842,3.9263358116149902,,,,,,,,
E2,1302,0.0,2.2399834251356503,0.6142672934820728,1.631851565537613,-1.8192040961058367,0.27273956686258316,11.313647270202637,3.0700888633728027,3.939009428024292,,,,,,,,
E2,1306,0.0,2.3267715635694683,0.8113351545873142,1.4500955730926857,-1.7792603612308286,0.16257926705293357,11.301128387451172,3.0710396766662598,3.951669216156006,,,,,,,,
E2,1310,0.0,2.1769118322325602,0.6594354158178681,1.508109877949386,-1.721373083801674,0.2772607747465372,11.18773078918457,3.0705552101135254,3.964207172393799,,,,,,,,
E2,1314,0.0,2.2365102715612877,0.6847193578169459,1.582209256554106,-1.7476663544833186,0.13261980307288468,11.258380889892578,3.0700135231018066,3.979832410812378,,,,,,,,
E2,1319,0.0,2.3495678417975943,0.7004772248190074,1.5779398922294157,-1.8454296326501265,0.21101135027129203,11.305359840393066,3.070067882537842,3.9925026893615723,,,,,,,,
E2,1323,0.0,2.3370659104770137,0.6583563727400605,1.6442204403635392,-1.876961606259029,0.20976532844360918,11.284236907958984,3.0715317726135254,4.005143642425537,,,,,,,,
E2,1327,0.0,2.258889797424513,0.6672039494095814,1.586490562630456,-1.805282283677823,0.22293599392287433,11.18667221069336,3.070526599884033,4.017674922943115,,,,,,,,
E2,1331,0.0,2.248961318417319,0.6416253675928428,1.6972603352337297,-1.8128054186180678,0.19681984069757164,11.240863800048828,3.070067882537842,4.030267238616943,,,,,,,,
E2,1335,0.0,2.3128783100299417,0.6268867089723548,1.662100306962297,-1.888219361115868,0.27563520055264235,11.248394012451172,3.0700888633728027,4.042867660522461,,,,,,,,
E2,1339,0.0,2.202214197270454,0.671283565402504,1.5591838415156105,-1.7430615213123106,0.23953697364777327,11.252960205078125,3.0710396766662598,4.055473327636719,,,,,,,,
E2,1343,0.0,2.193826017783038,0.7250542566771545,1.5530089949910988,-1.7005216745652318,0.14847584068775177,11.155563354492188,3.0705552101135254,4.067972660064697,,,,,,,,
E2,1347,0.0,2.294916396990182,0.672181986272335,1.515470386190868,-1.8168859163461815,0.2611413151025772,11.255562782287598,3.0700135231018066,4.080583572387695,,,,,,,,
E2,1351,0.0,2.224752699512811,0.6668532444903302,1.527573867367386,-1.753999603956583,0.2261995431035757,11.23000431060791,3.070030689239502,4.093172550201416,,,,,,,,
E2,1355,0.0,2.254604631827937,0.6501215182776962,1.5980834901166052,-1.8092407535258976,0.22140641696751118,11.218071937561035,3.0715317726135254,4.105739116668701,,,,,,,,
E2,1359,0.0,2.2744082706196913,0.6792171563775766,1.5603355015698595,-1.7971517787045164,0.228329309883217,11.15200424194336,3.070526599884033,4.1182332038879395,,,,,,,,
E2,1363,0.0,2.159528926192295,0.7138843584569201,1.5340550926222063,-1.6738959468738546,0.2116611748933792,11.319534301757812,3.0695624351501465,4.130917072296143,,,,,,,,
E2,1367,0.0,2.7285672138844217,0.6319532421979285,1.7629901206315453,-2.1206807290270393,0.20256584999151528,11.307657241821289,3.0700888633728027,4.143585205078125,,,,,,,,
E2,1371,0.0,2.2526417269061008,0.6658413639617344,1.6905698037025199,-1.8021681791555786,0.21138122188858688,11.304205894470215,3.0710396766662598,4.156248092651367,,,,,,,,
E2,1375,0.0,2.3296626939305236,0.6506977555238538,1.6793818579249973,-1.880987006269159,0.21008476498536766,11.158988952636719,3.0695767402648926,4.168751239776611,,,,,,,,
E2,1379,0.0,2.2654321743914534,0.6807908576040987,1.5796726854212249,-1.7960313552184888,0.15070700319483876,11.315408706665039,3.0705552101135254,4.181436061859131,,,,,,,,
E2,1383,0.0,2.3480244808135526,0.6471617063359608,1.7022885787717776,-1.8922898563305064,0.18783719488419592,11.273672103881836,3.070030689239502,4.194072723388672,,,,,,,,
E2,1387,0.0,2.1960361534286115,0.6996154712572221,1.5347456914066935,-1.7295886784244978,0.23524435702711344,11.255236625671387,3.0715317726135254,4.206680774688721,,,,,,,,
E2,1391,0.0,2.205474093260746,0.6773004885910759,1.5699688272564603,-1.7499308926312045,0.19768350897356868,11.176584243774414,3.070526599884033,4.21920108795166,,,,,,,,
E2,1395,0.0,2.2214037428299584,0.6924027153956038,1.5280136304295886,-1.7381186443491883,0.19229455245658755,11.29798698425293,3.0695624351501465,4.231860637664795,,,,,,,,
E2,1399,0.0,2.2587951667725092,0.6953471839309685,1.7029996425427718,-1.7949135236789486,0.14704351732507348,11.303709983825684,3.0700888633728027,4.244523048400879,,,,,,,,
E2,1403,0.0,2.537213894878588,0.6127124605256886,1.8144799981043855,-2.0683132571478686,0.22210367512889206,11.284865379333496,3.070557117462158,4.257164001464844,,,,,,,,
E2,1407,0.0,2.5498794032526866,0.5994501790800502,1.8588022762047711,-2.0766345256355607,0.20038499927613884,11.16280460357666,3.0710396766662598,4.269669055938721,,,,,,,,
E2,1411,0.0,2.2162990618556266,0.6527865957468748,1.5789194436285143,-1.795768393565797,0.2713744668290019,11.254337310791016,3.0705552101135254,4.282276153564453,,,,,,,,
E2,1415,0.0,2.2082202646230895,0.6922522119970785,1.6004048735181342,-1.7525586528511392,0.18046129238791764,11.257429122924805,3.070030689239502,4.2978835105896,,,,,,,,
E2,1419,0.0,2.4259017837189494,0.6380107853088587,1.6530856564154488,-1.9443244881602744,0.2478126676287502,11.27238655090332,3.0715317726135254,4.310512542724609,,,,,,,,
E2,1423,0.0,2.2490460990322014,0.6628330571517821,1.5531516725366765,-1.8018884543359044,0.2467337635656198,11.175885200500488,3.070526599884033,4.323033809661865,,,,,,,,
E2,1427,0.0,2.1025578715202826,0.7188007448696427,1.563761635732128,-1.6481300942407595,0.14930352102965117,11.25242805480957,3.0695624351501465,4.335638999938965,,,,,,,,
E2,1431,0.0,2.4689843697207317,0.6594244922910418,1.841139214780571,-1.9792628867980389,0.1524449730059132,11.301980972290039,3.0700888633728027,4.348299503326416,,,,,,,,
E2,1435,0.0,2.5062746413879924,0.6133035337848086,1.8119960506724666,-2.0333940679880067,0.2093578977510333,11.280357360839844,3.070557117462158,4.360936164855957,,,,,,,,
E2,1439,0.0,2.4989136117436583,0.6288269429305007,1.8075291361770969,-2.053272122491358,0.1468956646276638,11.173354148864746,3.0710396766662598,4.373452663421631,,,,,,,,
E2,1444,0.0,2.3225059756447397,0.6260685016445461,1.7356836352177631,-1.8773242504934646,0.24893203284591436,11.277948379516602,3.0705552101135254,4.3860859870910645,,,,,,,,
E2,1448,0.0,2.4125532692978306,0.6414157796118941,1.733597215320637,-1.9393082192345035,0.2549654057947919,11.261628150939941,3.070030689239502,4.398706436157227,,,,,,,,
E2,1452,0.0,2.331144289453588,0.6379158227068801,1.6711505364988055,-1.8946553005334286,0.20617580809630454,11.287487983703613,3.0715317726135254,4.411350727081299,,,,,,,,
E2,1456,0.0,2.2081089545750903,0.7273931865181241,1.5352221906616061,-1.719339537205145,0.17114510911051184,11.157793998718262,3.070526599884033,4.423850059509277,,,,,,,,
E2,1460,0.0,2.564210042298313,0.5990915739140104,1.9998878441723202,-2.10453300542819,0.09641003038268536,11.260990142822266,3.0690970420837402,4.436468124389648,,,,,,,,
E2,1464,0.0,2.3215789731651073,0.661875712537458,1.6532737933891588,-1.874097965229007,0.2621951033361256,11.27349853515625,3.0700888633728027,4.449102401733398,,,,,,,,
E2,1468,0.0,2.3322328338843015,0.6364203249473893,1.7002961731571427,-1.8791852629824823,0.326436213683337,11.296689987182617,3.070557117462158,4.461762428283691,,,,,,,,
E2,1472,0.0,2.208869324198791,0.6633199917684708,1.5936151879714495,-1.7788849241092861,0.2205285042291507,11.167882919311523,3.0710396766662598,4.474277496337891,,,,,,,,
E2,1476,0.0,2.065373353600975,0.718967793391101,1.505080422671484,-1.5964565935677715,0.16451721382327378,11.287089347839355,3.0705552101135254,4.486922740936279,,,,,,,,
E2,1480,0.0,2.364013126711287,0.6549905822390601,1.692364408718005,-1.8925116409081966,0.22030095430091023,11.393645286560059,3.070030689239502,4.499686241149902,,,,,,,,
E2,1484,0.0,2.215136521333267,0.6573796400002071,1.6718247994544235,-1.7667028533649587,0.23251898685703054,11.45074462890625,3.0715317726135254,4.512513637542725,,,,,,,,
E2,1488,0.0,2.2508052839705397,0.6301573296003635,1.6513138844095396,-1.8265074189153634,0.2332327930877606,11.247468948364258,3.070526599884033,4.525115013122559,,,,,,,,
E2,1492,0.0,2.197758393569125,0.6245446588607535,1.6327686412954954,-1.7799233869679036,0.2591426777653396,11.313820838928223,3.0690970420837402,4.5377888679504395,,,,,,,,
E2,1496,0.0,2.35289273892958,0.6662860479471939,1.7425837120208054,-1.8785232370978013,0.2048071539029479,11.37788200378418,3.0700888633728027,4.550540924072266,,,,,,,,
E2,1500,0.0,1.3246352076530457,0.7787722274661064,2.7425474524497986,-0.5289596039801836,0.19931133859790862,9.333274841308594,3.070557117462158,4.56337308883667,18.585765297849548,2,0.011263472028076649,0.5571799874305725,0.028289999812841415,1,1,1
E3,0,0.20000000298023224,0.36497266590595245,2.638274908065796,-1.4122213628143072,1.5248530823737383,0.0004774696353706531,246.675537109375,17.658164978027344,0.013581247068941593,,,,,,,,
E3,4,0.20000000298023224,6.482403248755468,0.7055570488751289,1.322774013088113,-5.835933856377822,0.002541421094671629,11.81119155883789,3.1780967712402344,0.028780560940504074,,,,,,,,
E3,8,0.20000000298023224,4.529511755184521,0.6377765748535268,2.4088645611973063,-3.9650176327623843,0.00987264310970204,12.057587623596191,3.1904730796813965,0.04231318086385727,,,,,,,,
E3,12,0.20000000298023224,3.2495233749468175,0.5936567866361685,2.9018079292988266,-2.7696419671170474,0.018734306475380436,11.970884323120117,3.1598501205444336,0.055737514048814774,,,,,,,,
E3,16,0.20000000298023224,2.558809908106923,0.7748973552536752,2.691557053643376,-2.0575652686372723,0.015558961349597666,12.085865020751953,3.161954402923584,0.06928445398807526,,,,,,,,
E3,20,0.20000000298023224,2.2545234596741106,0.8610289525314574,2.0381509699413916,-1.738587036795382,0.010532244570640614,12.086640357971191,3.1859192848205566,0.08283081650733948,,,,,,,,
E3,24,0.20000000298023224,2.985012313410167,0.9541629176320774,1.4312990584285623,-2.074425311389542,0.01548293515224941,12.025057792663574,3.189584255218506,0.09630466997623444,,,,,,,,
E3,28,0.20000000298023224,1.9017355993153557,0.8417868607396645,2.058564664017576,-1.3727474304743938,0.04634556546807289,11.907262802124023,3.168863296508789,0.1096431091427803,,,,,,,,
E3,32,0.20000000298023224,1.8080683020608765,0.8607663243772492,1.8528394230238314,-1.3033064068923335,0.031101860702619888,12.025041580200195,3.1760759353637695,0.12311627715826035,,,,,,,,
E3,36,0.20000000298023224,1.9633648024191932,0.7642393026737466,2.305428498410689,-1.4560891857060294,0.044969395821681246,11.849982261657715,3.19382905960083,0.13640061020851135,,,,,,,,
E3,40,0.20000000298023224,2.4514524120660055,0.7643992559067787,2.5211326540100263,-1.882706497241521,0.03838219281169586,11.99334716796875,3.1635046005249023,0.14984473586082458,,,,,,,,
E3,44,0.20000000298023224,2.0843733184867435,0.7336289134645273,2.017451366201154,-1.6238878697807353,0.03936339551000856,11.95064926147461,3.168612480163574,0.16324007511138916,,,,,,,,
E3,48,0.20000000298023224,2.512563830566785,0.740328074787699,2.455435423263863,-1.9568940317849555,0.028517573373392224,12.123640060424805,3.173163414001465,0.17682069540023804,,,,,,,,
E3,52,0.20000000298023224,8.423395566760547,0.9839723901970993,2.2342210437741077,-4.75886041402728,0.03757329739164561,10.894335746765137,3.1773571968078613,0.18902432918548584,,,,,,,,
E3,57,0.20000000298023224,2.331592507069073,0.5364557486470967,3.0598133799355867,-1.979474304059136,0.045443874842021614,11.54020881652832,3.178356647491455,0.20195074379444122,,,,,,,,
E3,61,0.20000000298023224,2.0073697379834594,0.8709015175108872,1.9123372778074066,-1.5137794749988687,0.03669771266868338,11.92848014831543,3.194459915161133,0.21531327068805695,,,,,,,,
E3,65,0.20000000298023224,2.035478055122353,0.7658752046880268,1.893143186199743,-1.5577858801384175,0.0622048398363404,12.103590965270996,3.172680377960205,0.22887109220027924,,,,,,,,
E3,69,0.20000000298023224,2.0607847194704743,0.7322592566913319,1.9993204948294796,-1.596369089366543,0.06028811323146025,11.804542541503906,3.1838345527648926,0.24210423231124878,,,,,,,,
E3,73,0.20000000298023224,1.8667769209733085,0.8384278315222926,1.7691913215971704,-1.3769232675965344,0.06436358107021078,11.931049346923828,3.1793999671936035,0.2554719150066376,,,,,,,,
E3,77,0.20000000298023224,1.847250629571222,0.9136081078932399,1.5251489466389836,-1.2977666630897493,0.054085779818706214,11.96662712097168,3.166518211364746,0.2688765227794647,,,,,,,,
E3,81,0.20000000298023224,1.5801092749313703,0.9491451902403718,1.3009697485631748,-1.0615935622426194,0.05780174373649061,12.011551856994629,3.170114040374756,0.2823364734649658,,,,,,,,
E3,85,0.20000000298023224,1.556534747282664,1.0222657788840552,1.0830263802086684,-0.9848478946581646,0.03962014804710634,10.933533668518066,3.169713020324707,0.29458844661712646,,,,,,,,
E3,89,0.20000000298023224,1.6117441657753218,0.9763214388300502,1.106023129583128,-1.0470650121643548,0.05991658331186045,11.981040000915527,3.169343948364258,0.30803626775741577,,,,,,,,
E3,93,0.20000000298023224,1.6155842474055668,0.9990971327005398,1.0066708090103496,-1.039974197494014,0.060300886718323454,11.926034927368164,3.168926239013672,0.3214007616043091,,,,,,,,
E3,97,0.20000000298023224,2.2048792756266065,0.9264114545362573,1.3453756184039165,-1.4484843863211276,0.06015088182175532,11.940988540649414,3.170858383178711,0.3347768783569336,,,,,,,,
E3,101,0.20000000298023224,2.1168998407702597,0.8939223788264725,1.3114965005027157,-1.5199675967746844,0.03944488283013925,11.891794204711914,3.1716909408569336,0.34810614585876465,,,,,,,,
E3,105,0.20000000298023224,1.6988566185510348,0.9767161696439698,1.1138317335271901,-1.1332630843426736,0.055135282629635185,11.983070373535156,3.1745657920837402,0.3637385964393616,,,,,,,,
E3,109,0.20000000298023224,1.72867952913992,0.9793129042382278,1.0328943571909817,-1.1284435002266295,0.0813826282392256,11.921584129333496,3.1860580444335938,0.3770930767059326,,,,,,,,
E3,113,0.20000000298023224,1.6532315803425652,1.0094061891237895,0.9148773635709797,-1.0457660204745711,0.07981582102365792,11.962786674499512,3.1692070960998535,0.3904975950717926,,,,,,,,
E3,117,0.20000000298023224,1.272450157988166,1.1344226378770101,0.6374662809122577,-0.6778385279892337,0.04096754509373568,11.878849983215332,3.166759490966797,0.40380412340164185,,,,,,,,
E3,121,0.20000000298023224,1.4196423773491194,1.0870277462379327,0.7160241952263263,-0.8190740396098662,0.057506438592099585,11.941228866577148,3.1739587783813477,0.41718044877052307,,,,,,,,
E3,125,0.20000000298023224,1.481639817830116,1.0668810553375692,0.8203923421383682,-0.8826674545324216,0.04847787512699142,11.89209270477295,3.189973831176758,0.430502325296402,,,,,,,,
E3,129,0.20000000298023224,1.509782508961738,1.0145049969710054,0.8879456075547791,-0.9390213927032337,0.07601983469794504,11.963020324707031,3.190697193145752,0.4439031183719635,,,,,,,,
E3,133,0.20000000298023224,1.7361376720761497,0.9936623387038708,1.009354092597002,-1.129104858426939,0.05191098518359164,11.897708892822266,3.162412166595459,0.4572368562221527,,,,,,,,
E3,137,0.20000000298023224,1.7630905901628828,0.9937628667860751,0.9951159332083094,-1.1408699640767679,0.048250655992887914,12.107247352600098,3.182030200958252,0.4708077609539032,,,,,,,,
E3,141,0.20000000298023224,1.6073301066718404,1.0305679672294192,0.9224426287726791,-0.9954804515480877,0.05443476035725325,12.140274047851562,3.1872167587280273,0.4844069480895996,,,,,,,,
E3,145,0.20000000298023224,1.6274937038265525,1.0608645810021295,0.7958390439179406,-0.988851453336547,0.06188123655738309,12.126636505126953,3.1683826446533203,0.49799844622612,,,,,,,,
E3,149,0.20000000298023224,1.5237484604475044,1.0713667498221473,0.8045155666212538,-0.9129923218676436,0.03973250888520852,11.915093421936035,3.179572105407715,0.5113555788993835,,,,,,,,
E3,153,0.20000000298023224,1.4840003250846787,1.074510416400338,0.7598576758425238,-0.8771140623268567,0.06370240793330595,11.976140022277832,3.1962575912475586,0.5247752070426941,,,,,,,,
E3,157,0.20000000298023224,1.4562660038234696,1.1216003145017321,0.6697836579970404,-0.7969944754408466,0.04310345381963998,12.1376953125,3.1723814010620117,0.5383747220039368,,,,,,,,
E3,161,0.20000000298023224,1.367291383445263,1.111138381655254,0.6594422924221118,-0.7714797170751447,0.031051376892719418,11.95242977142334,3.1832380294799805,0.5517690777778625,,,,,,,,
E3,165,0.20000000298023224,1.29413291327064,1.1352016346322165,0.6677511943671018,-0.679580816849401,0.03484112344449386,11.969220161437988,3.173217296600342,0.5651768445968628,,,,,,,,
E3,169,0.20000000298023224,1.497715945399943,1.066837479434316,0.7947207236898812,-0.8956124472879021,0.051788522920105606,12.140885353088379,3.174044609069824,0.5787803530693054,,,,,,,,
E3,173,0.20000000298023224,1.3497857023917494,1.1017095835672484,0.693256896253286,-0.752597534862746,0.05686826922465116,12.188494682312012,3.196263313293457,0.5924414992332458,,,,,,,,
E3,177,0.20000000298023224,1.4233890944530094,1.1198303581230225,0.6624449294394077,-0.801404083469173,0.04394597257487476,12.213939666748047,3.1894288063049316,0.6061233282089233,,,,,,,,
E3,182,0.20000000298023224,1.3408873630539766,1.1656820484333568,0.5923093206513284,-0.6904264321524857,0.04816705535631627,11.869651794433594,3.1820669174194336,0.6194228529930115,,,,,,,,
E3,186,0.20000000298023224,1.3646519288184151,1.111255542862983,0.681056365641807,-0.7464849156944732,0.0460506317904219,12.0744047164917,3.1881284713745117,0.632963240146637,,,,,,,,
E3,190,0.20000000298023224,1.3289864190987177,1.141710612627249,0.589639747484045,-0.721894183270042,0.04781711904797703,12.16031551361084,3.1755881309509277,0.6465915441513062,,,,,,,,
E3,194,0.20000000298023224,1.2892025093001032,1.1743138702142806,0.5494216503853451,-0.6514794173269783,0.03328663209686056,11.98583984375,3.180943012237549,0.6600179076194763,,,,,,,,
E3,198,0.20000000298023224,1.3554074433114793,1.1481396467203187,0.5781492282650574,-0.7264223290452113,0.03046653256751597,11.83175277709961,3.173675060272217,0.6732752323150635,,,,,,,,
E3,202,0.20000000298023224,1.3053183019870804,1.1685244090973386,0.5336602588545587,-0.677781360094539,0.03074115567142144,11.970386505126953,3.2026681900024414,0.6866843700408936,,,,,,,,
E3,206,0.20000000298023224,1.2246226603313097,1.1758758968540601,0.5200314818144735,-0.5967522555267408,0.03321290633175522,11.919925689697266,3.176224708557129,0.70286625623703,,,,,,,,
E3,210,0.20000000298023224,1.2065292649444133,1.1762254376496588,0.5652926882673333,-0.5907476397770797,0.04259626258863136,12.045902252197266,3.1843862533569336,0.7163624167442322,,,,,,,,
E3,214,0.20000000298023224,1.2811349968588541,1.1658193198224855,0.5406678794646886,-0.6556437418034803,0.031068175652762875,11.861509323120117,3.1860709190368652,0.7296528816223145,,,,,,,,
E3,218,0.20000000298023224,1.2357329175704055,1.1823230219029246,0.5095863453487852,-0.598446953685082,0.04691931215347722,12.118887901306152,3.171660900115967,0.7432464957237244,,,,,,,,
E3,222,0.20000000298023224,1.2638648900957334,1.1566508684366468,0.5363049328556535,-0.6459491871083007,0.04184662668558303,12.018256187438965,3.193465232849121,0.7567090392112732,,,,,,,,
E3,226,0.20000000298023224,1.285971692748486,1.178561901762372,0.5069203862169785,-0.6432698231526754,0.04064680921146646,12.098825454711914,3.181912899017334,0.7702619433403015,,,,,,,,
E3,230,0.20000000298023224,1.1971054165845825,1.1961162934700649,0.44183141191893105,-0.5582433891563957,0.04324299507425167,11.947149276733398,3.1894631385803223,0.7836488485336304,,,,,,,,
E3,234,0.20000000298023224,1.2108876872512082,1.181208188453364,0.4817025990802239,-0.5875169937776047,0.036087237182073295,12.043916702270508,3.171119213104248,0.7971448302268982,,,,,,,,
E3,238,0.20000000298023224,1.1938409155441656,1.207041021850374,0.47701476541445104,-0.5493815823639225,0.0341073498420883,11.99500846862793,3.1818180084228516,0.8105857372283936,,,,,,,,
E3,242,0.20000000298023224,1.3300395891779946,1.1827591866964386,0.5055616758207777,-0.6796089498980326,0.03282537619816139,11.910533905029297,3.1759634017944336,0.8239318132400513,,,,,,,,
E3,246,0.20000000298023224,1.2079382241363563,1.1747593356976433,0.4863954374858581,-0.5785052490749559,0.045322956750169396,11.82186508178711,3.181215763092041,0.8371794819831848,,,,,,,,
E3,250,0.20000000298023224,1.2133230594178988,1.2211379470333221,0.40145695035053947,-0.5541835835301465,0.029550443723564968,12.0184326171875,3.1744847297668457,0.8506420254707336,,,,,,,,
E3,254,0.20000000298023224,1.1747165720850703,1.2097800975990673,0.38270134122958827,-0.5344145842938728,0.04005436523584649,11.561225891113281,3.1756772994995117,0.863598644733429,,,,,,,,
E3,258,0.20000000298023224,1.1803443231398152,1.2147677644850716,0.3930965517369558,-0.5332986371331139,0.024058317037997767,10.01535415649414,3.170538902282715,0.8748177886009216,,,,,,,,
E3,262,0.20000000298023224,1.1947399436363153,1.2028594596518412,0.4101068163008401,-0.5578680347451674,0.03469564482414474,10.494189262390137,3.185173511505127,0.8865812420845032,,,,,,,,
E3,266,0.20000000298023224,1.1514281035652236,1.218124837156326,0.4001646666516508,-0.5157527675351409,0.03731296566547826,10.946490287780762,3.1824960708618164,0.8988431692123413,,,,,,,,
E3,270,0.20000000298023224,1.1158440267992398,1.2188587671234494,0.3811955511632528,-0.48788213791207424,0.02909230231307447,11.91211986541748,3.1818089485168457,0.9121869802474976,,,,,,,,
E3,274,0.20000000298023224,1.1313844729983618,1.2189397276157425,0.4026646818531288,-0.49668028470801395,0.036941189086064696,11.440425872802734,3.1716256141662598,0.925009548664093,,,,,,,,
E3,278,0.20000000298023224,1.1587338836656675,1.2212505804167852,0.41036940671142136,-0.5098757382079456,0.031146799126872793,9.291136741638184,3.1814260482788086,0.9354174137115479,,,,,,,,
E3,282,0.20000000298023224,1.2122099918742029,1.1919059565379506,0.43963657235448705,-0.570304071271999,0.04377653211122379,9.839280128479004,3.1683454513549805,0.9464388489723206,,,,,,,,
E3,286,0.20000000298023224,1.1863062103825903,1.1941383680890476,0.4316283519303343,-0.5552158663529785,0.039107158314436674,11.215307235717773,3.181061267852783,0.9590018391609192,,,,,,,,
E3,290,0.20000000298023224,1.2578203781020074,1.2041682417667101,0.4209209313866363,-0.6026503457503009,0.03664025431498885,11.749545097351074,3.1740527153015137,0.9721634984016418,,,,,,,,
E3,294,0.20000000298023224,1.113656503991002,1.2290876635483332,0.37767609968823174,-0.4682658835839007,0.03220592116122134,10.582762718200684,3.1846017837524414,0.9840182065963745,,,,,,,,
E3,298,0.20000000298023224,1.1708237422364098,1.2189280038315153,0.411602050465629,-0.5223933727099811,0.0369865478714928,11.716537475585938,3.196582794189453,0.9971427917480469,,,,,,,,
E3,302,0.20000000298023224,1.1777963062363959,1.1934725541680578,0.4693078525371349,-0.546266762624746,0.03889945935225114,10.781851768493652,3.1751222610473633,1.009219765663147,,,,,,,,
E3,306,0.20000000298023224,1.1851242202378454,1.197981008225017,0.46880827676296344,-0.5443207111398113,0.03240016056224704,11.537199974060059,3.1831865310668945,1.0248997211456299,,,,,,,,
E3,311,0.20000000298023224,1.1590698231898604,1.2100365586460582,0.3818346520559167,-0.5206068953534307,0.03799483453622088,10.492593765258789,3.2018871307373047,1.0366536378860474,,,,,,,,
E3,315,0.20000000298023224,1.2045317574271135,1.212570635927102,0.44458480091737723,-0.5571171440006721,0.04084213770693168,11.544209480285645,3.1904706954956055,1.0495848655700684,,,,,,,,
E3,319,0.20000000298023224,1.1697209356796174,1.2062633055306615,0.49932785911151945,-0.5303459742221065,0.03868964168941602,9.833233833312988,3.175149440765381,1.06059992313385,,,,,,,,
E3,323,0.20000000298023224,1.1444001934003263,1.206193060983741,0.45620191411754646,-0.5137683600492199,0.03255438635824248,10.477107048034668,3.1767539978027344,1.0723395347595215,,,,,,,,
E3,327,0.20000000298023224,1.0936603212049083,1.2328011777902406,0.38020201438374707,-0.4535805679643379,0.03313753777183592,11.272160530090332,3.1864218711853027,1.084973692893982,,,,,,,,
E3,331,0.20000000298023224,1.1624141786070097,1.2089768959179756,0.398074710859792,-0.5254263722130822,0.025215698085958138,11.16179084777832,3.174499034881592,1.0974771976470947,,,,,,,,
E3,335,0.20000000298023224,1.1947629100510053,1.1886171693839724,0.48743262279208804,-0.5618063806776061,0.03489556675776839,10.844258308410645,3.1977486610412598,1.109624981880188,,,,,,,,
E3,339,0.20000000298023224,1.1964240304770923,1.2025470307895116,0.46100115830620836,-0.5583151038144789,0.0453241981449537,11.475102424621582,3.1746630668640137,1.12247896194458,,,,,,,,
E3,343,0.20000000298023224,1.14916851531182,1.2174530345059575,0.42600918088956224,-0.5014307800077996,0.03100089923827909,11.902865409851074,3.189333915710449,1.1358246803283691,,,,,,,,
E3,347,0.20000000298023224,1.16322884152806,1.201104512763402,0.43605735942498963,-0.5303137762313117,0.03701663785614073,11.918964385986328,3.1872053146362305,1.1491761207580566,,,,,,,,
E3,351,0.20000000298023224,1.1628609552151628,1.1990309965515893,0.4306802363204422,-0.5292947068699592,0.02912867526174523,11.170608520507812,3.186530590057373,1.161698579788208,,,,,,,,
E3,355,0.20000000298023224,1.21237864043741,1.1963597382344897,0.5328562117890635,-0.5747570210905184,0.03492302814265713,11.574411392211914,3.1698050498962402,1.1746639013290405,,,,,,,,
E3,359,0.20000000298023224,1.2313709698380932,1.1910795587159337,0.480026232410542,-0.5926848024939231,0.0349394318764098,11.470856666564941,3.2065467834472656,1.1875134706497192,,,,,,,,
E3,363,0.20000000298023224,1.1569742165978938,1.185640094890481,0.4714740321749071,-0.528865446905709,0.045079775038175285,10.952573776245117,3.201331615447998,1.199782133102417,,,,,,,,
E3,367,0.20000000298023224,1.2515557669694461,1.1849047008251388,0.555098241660744,-0.606935965366632,0.031455255346372724,11.564268112182617,3.172208309173584,1.212735652923584,,,,,,,,
E3,371,0.20000000298023224,1.2255765397160772,1.1511068987467932,0.5601618047734138,-0.6160501990530137,0.057208741491194814,11.952106475830078,3.1865782737731934,1.2261242866516113,,,,,,,,
E3,375,0.20000000298023224,1.1763490214943886,1.1846417700723997,0.4461017513765828,-0.556398623661759,0.04112064960645512,11.897613525390625,3.208859920501709,1.2394640445709229,,,,,,,,
E3,379,0.20000000298023224,1.157506745545164,1.1871574180466788,0.5139516599740444,-0.5447927861352495,0.03715752769494429,11.92701530456543,3.1926302909851074,1.2528305053710938,,,,,,,,
E3,383,0.20000000298023224,1.218761342326327,1.1837152959335417,0.5282884896489611,-0.5791066998370096,0.046325818984769285,11.86802864074707,3.182945728302002,1.2661246061325073,,,,,,,,
E3,387,0.20000000298023224,1.184555094511736,1.187367591119948,0.4919386302996705,-0.558747070228001,0.052300251729320735,12.00045108795166,3.190135955810547,1.2795673608779907,,,,,,,,
E3,391,0.20000000298023224,1.2131964271030728,1.1867078016438182,0.4765699679370631,-0.571135972094323,0.03449622440772752,11.699115753173828,3.1749634742736816,1.2926822900772095,,,,,,,,
E3,395,0.20000000298023224,1.2320021424028609,1.1822797460925012,0.4973472134738382,-0.6012498375845127,0.04478841231320985,11.983428955078125,3.178032398223877,1.3061070442199707,,,,,,,,
E3,399,0.20000000298023224,1.1790423298638963,1.1620856132062654,0.554943219258158,-0.5704823355245892,0.040903199289459735,12.012011528015137,3.1881351470947266,1.3195627927780151,,,,,,,,
E3,403,0.20000000298023224,1.2206911614962987,1.182574021083022,0.5201985406821399,-0.5919704811226222,0.03969027168932371,12.07032585144043,3.187851905822754,1.3330966234207153,,,,,,,,
E3,407,0.20000000298023224,1.2242594228259154,1.1617765175917791,0.5183145320390476,-0.6018177900123336,0.049105327983852476,11.899016380310059,3.1932945251464844,1.349303960800171,,,,,,,,
E3,411,0.20000000298023224,1.1919052758741946,1.1814305543426484,0.4982991555267806,-0.5632576139362914,0.04275878833141178,11.988022804260254,3.1745247840881348,1.3627327680587769,,,,,,,,
E3,415,0.20000000298023224,1.2393686189537956,1.1724637824864614,0.5228563983118467,-0.6117611525484198,0.0558221799437888,12.005425453186035,3.1876511573791504,1.3761829137802124,,,,,,,,
E3,419,0.20000000298023224,1.179496822494363,1.1721153618797424,0.48733248234615284,-0.5636179505732827,0.04213744943263009,11.929325103759766,3.1805686950683594,1.389546513557434,,,,,,,,
E3,423,0.20000000298023224,1.195697853607791,1.1757453180967816,0.5562240248928264,-0.5705484505280822,0.04489111719885841,11.896937370300293,3.180962085723877,1.4028732776641846,,,,,,,,
E3,427,0.20000000298023224,1.1727403229664242,1.1685525625944138,0.5182499060938969,-0.5597220386049547,0.054183607921004295,11.936467170715332,3.1907706260681152,1.4162477254867554,,,,,,,,
E3,431,0.20000000298023224,1.1463064563771088,1.2033949037865987,0.4072743775340409,-0.5309215862828766,0.0341794656123966,12.00401496887207,3.186462879180908,1.4296983480453491,,,,,,,,
E3,436,0.20000000298023224,1.1935635747181044,1.1549927325002731,0.487883132253426,-0.5824172495502151,0.06083837669575587,11.90298843383789,3.201251983642578,1.4430344104766846,,,,,,,,
E3,440,0.20000000298023224,1.221984686891711,1.1578905135393143,0.5772111797774795,-0.6058851958110204,0.052216966345440596,11.88721752166748,3.178211212158203,1.456350326538086,,,,,,,,
E3,444,0.20000000298023224,1.1957175340207795,1.176088373102839,0.4649221443592001,-0.5673122585433285,0.05058651673607528,9.844247817993164,3.1759181022644043,1.4673779010772705,,,,,,,,
E3,448,0.20000000298023224,1.2442162767170915,1.138931209842364,0.5889960282530858,-0.6400809273814841,0.06644513120409101,11.780667304992676,3.1822328567504883,1.480574607849121,,,,,,,,
E3,452,0.20000000298023224,1.227042499870535,1.1568712462035438,0.538192836546909,-0.6099970374415289,0.044370647810865194,11.733823776245117,3.187103748321533,1.4937326908111572,,,,,,,,
E3,456,0.20000000298023224,1.233800481117907,1.155811112433199,0.5428791737402648,-0.6195473901609639,0.051987373658145465,11.78464412689209,3.175873279571533,1.5069352388381958,,,,,,,,
E3,460,0.20000000298023224,1.2250082868905294,1.1754169410892896,0.46629173297838156,-0.5976429174539618,0.047845495282672346,11.87502670288086,3.199571132659912,1.5202374458312988,,,,,,,,
E3,464,0.20000000298023224,1.276658566461669,1.1441123432346754,0.5936872363750781,-0.6544784223771698,0.05326831713318825,11.68005084991455,3.188185214996338,1.5333207845687866,,,,,,,,
E3,468,0.20000000298023224,1.2930272237530775,1.144413845288375,0.5559087175556194,-0.6729994014862718,0.05547713825944811,11.756020545959473,3.1904139518737793,1.5464893579483032,,,,,,,,
E3,472,0.20000000298023224,1.2789056518721202,1.1395784571530327,0.517565473316432,-0.6630349378212399,0.06482140941079706,11.720026016235352,3.1780219078063965,1.5596189498901367,,,,,,,,
E3,476,0.20000000298023224,1.2684693674128207,1.1449056601240521,0.5313456309055771,-0.6462764192006684,0.06773025542497635,11.89821720123291,3.1731534004211426,1.5729472637176514,,,,,,,,
E3,480,0.20000000298023224,1.21323218847078,1.1483938979014519,0.5411507583105131,-0.59966758115121,0.06159952288726345,11.953824996948242,3.1812472343444824,1.5863378047943115,,,,,,,,
E3,484,0.20000000298023224,1.21383116825942,1.1496515097835707,0.5452055874933948,-0.601962569319377,0.05440579343121499,11.851255416870117,3.1905527114868164,1.5996129512786865,,,,,,,,
E3,488,0.20000000298023224,1.2813878705695507,1.1263377914826076,0.5319684094596487,-0.6784646881611219,0.0654160106787458,11.83214282989502,3.1882004737854004,1.6128672361373901,,,,,,,,
E3,492,0.20000000298023224,1.2787885151448704,1.1271180760056254,0.6273907868386205,-0.6659516877751606,0.058148514945060015,11.815384864807129,3.1848959922790527,1.6261019706726074,,,,,,,,
E3,496,0.20000000298023224,1.260950324672555,1.1428007949439307,0.5630360273922335,-0.6462588963645791,0.051188277546316385,11.065887451171875,3.181633949279785,1.6384977102279663,,,,,,,,
E3,500,0.20000000298023224,1.2442707231356984,1.1350823802843926,0.5344548664027964,-0.6463166716294215,0.06036788522033021,11.321295738220215,3.194937229156494,1.6511863470077515,,,,,,,,
E3,504,0.20000000298023224,1.2762001183416163,1.1115763310402158,0.6591780279735242,-0.674057319512709,0.06812154687941074,11.5801420211792,3.204063892364502,1.664165735244751,,,,,,,,
E3,508,0.20000000298023224,1.348859784740304,1.1043539135938598,0.6000495833733966,-0.7477506889059903,0.07991347019560635,11.91085433959961,3.1776700019836426,1.680365800857544,,,,,,,,
E3,512,0.20000000298023224,1.3074756803375387,1.1189798881846762,0.5727407763739909,-0.6994642227655277,0.07240502507193014,11.94408893585205,3.180328369140625,1.6937531232833862,,,,,,,,
E3,516,0.20000000298023224,1.3182472256086175,1.1145456818834183,0.5499856758744581,-0.7180088230183289,0.0910243826219812,11.807821273803711,3.1825857162475586,1.7069875001907349,,,,,,,,
E3,520,0.20000000298023224,1.2222421166915742,1.1601654280509268,0.530569215742589,-0.6008777143507604,0.060708699747920036,10.514573097229004,3.184971809387207,1.7187738418579102,,,,,,,,
E3,524,0.20000000298023224,1.2885640951257848,1.1254383570381574,0.5562253577231583,-0.6909272503107786,0.05629920610226691,12.010374069213867,3.195765972137451,1.7322367429733276,,,,,,,,
E3,528,0.20000000298023224,1.3040197255119446,1.0978193840100652,0.5741746857338377,-0.7070142952725291,0.10402705462183803,11.894522666931152,3.2002577781677246,1.7455742359161377,,,,,,,,
E3,532,0.20000000298023224,1.2151869208448463,1.1459838435763405,0.5036875311000301,-0.6066685358675877,0.06489444844191894,11.990039825439453,3.1783604621887207,1.7590053081512451,,,,,,,,
E3,536,0.20000000298023224,1.3341210387528888,1.102463934274893,0.6127245527511435,-0.7320771694630532,0.07146893325261772,11.792797088623047,3.180471897125244,1.772215485572815,,,,,,,,
E3,540,0.20000000298023224,1.240117041896733,1.1595972311638651,0.5096827905343623,-0.6249457310316049,0.041624024452175945,11.973121643066406,3.1910204887390137,1.7856276035308838,,,,,,,,
E3,544,0.20000000298023224,1.2634690771736796,1.1386697051070986,0.525114393650568,-0.6471231131738658,0.07578054757323116,11.920622825622559,3.1793007850646973,1.798980951309204,,,,,,,,
E3,548,0.20000000298023224,1.2785414508174335,1.109583517211297,0.5636004785826402,-0.6935967128143631,0.07654364465270191,11.91811752319336,3.190610408782959,1.8123338222503662,,,,,,,,
E3,552,0.20000000298023224,1.2383339929557036,1.12965338866389,0.5117720885535897,-0.6457116307971614,0.09483263362199068,11.78237247467041,3.1807637214660645,1.8255608081817627,,,,,,,,
E3,556,0.20000000298023224,1.206763740155905,1.1427536415202277,0.5485931974192804,-0.6025053356295555,0.07161980529781431,11.957389831542969,3.1877622604370117,1.838956594467163,,,,,,,,
E3,561,0.20000000298023224,1.2393537080358892,1.1734895731012027,0.47088124309388446,-0.6122713929720386,0.0467801884515211,11.979957580566406,3.1800179481506348,1.8523828983306885,,,,,,,,
E3,565,0.20000000298023224,1.3525761879744038,1.0862556199232738,0.6490533196978938,-0.758573169801532,0.0682464485289529,11.918853759765625,3.178046226501465,1.8657341003417969,,,,,,,,
E3,569,0.20000000298023224,1.258554170351653,1.1227877642663697,0.5278718280640723,-0.6579079457174336,0.10004834574647248,11.858329772949219,3.187601089477539,1.8790192604064941,,,,,,,,
E3,573,0.20000000298023224,1.3148877625427549,1.1292955888996994,0.5742420232507275,-0.7058899603943001,0.06386030238354579,11.917226791381836,3.176868438720703,1.8923686742782593,,,,,,,,
E3,577,0.20000000298023224,1.287508201445379,1.1255930990926803,0.5762598037115062,-0.6882004456646327,0.04685996091575362,11.965675354003906,3.1878485679626465,1.9057787656784058,,,,,,,,
E3,581,0.20000000298023224,1.3140052457650502,1.1071503597592551,0.5517053090786533,-0.7193653536960483,0.07763731107115746,11.967555046081543,3.182270050048828,1.9191844463348389,,,,,,,,
E3,585,0.20000000298023224,1.2890524028076067,1.1490155213645525,0.5049771265916978,-0.6708023557550318,0.06892984531198938,11.770383834838867,3.1872410774230957,1.9323731660842896,,,,,,,,
E3,589,0.20000000298023224,1.2651751758087249,1.133333133563163,0.5104883614295065,-0.6516711030576733,0.07514981349231675,12.001248359680176,3.1785354614257812,1.9458166360855103,,,,,,,,
E3,593,0.20000000298023224,1.2506143446006472,1.1385838948781528,0.48802736839418537,-0.6512575913775003,0.0830559836467728,12.069047927856445,3.1735024452209473,1.959336280822754,,,,,,,,
E3,597,0.20000000298023224,1.2764938815777738,1.103276555677728,0.5656804666340128,-0.6819964456168698,0.0894431215710938,12.008621215820312,3.172191619873047,1.9727882146835327,,,,,,,,
E3,601,0.20000000298023224,1.3089980022420014,1.1165977135773688,0.5543140389004361,-0.7143071449771967,0.07062832056544721,11.816646575927734,3.174680709838867,1.9860280752182007,,,,,,,,
E3,605,0.20000000298023224,1.3027623858125437,1.133178482216502,0.5153165018783687,-0.6890822528114927,0.0826631102245301,12.021285057067871,3.1832399368286133,1.999494194984436,,,,,,,,
E3,609,0.20000000298023224,1.2773184744670751,1.1099337710747643,0.5616506343853396,-0.6764306650157013,0.08559201005846262,11.966042518615723,3.1749839782714844,2.0158517360687256,,,,,,,,
E3,613,0.20000000298023224,1.261110812189087,1.1099756192120294,0.5167359750120164,-0.6759659778234357,0.10634388355538249,12.071127891540527,3.195695400238037,2.0293736457824707,,,,,,,,
E3,617,0.20000000298023224,1.35116261329561,1.0873421537024635,0.5567396816505648,-0.7505857761928975,0.09666950930841267,11.883075714111328,3.182236671447754,2.042685031890869,,,,,,,,
E3,621,0.20000000298023224,1.288130553823615,1.1156080029904842,0.5831265465926323,-0.6998498386866043,0.09344133269041777,12.010049819946289,3.204390048980713,2.0561394691467285,,,,,,,,
E3,625,0.20000000298023224,1.290540235264907,1.1155478980333087,0.5733479512716407,-0.6959873883752152,0.08603384997695684,12.043319702148438,3.1994428634643555,2.0696306228637695,,,,,,,,
E3,629,0.20000000298023224,1.2944124271235768,1.090286374683418,0.5995398426372835,-0.7146148074737987,0.07439688860904425,11.954136848449707,3.17928409576416,2.083026170730591,,,,,,,,
E3,633,0.20000000298023224,1.3640842384525709,1.0711160466547995,0.6770077776441823,-0.783550327082002,0.09564782166853547,11.744002342224121,3.177701950073242,2.096193313598633,,,,,,,,
E3,637,0.20000000298023224,1.435631326621487,1.0527303344200527,0.716706371386605,-0.8597891987523153,0.0907205642433837,11.981332778930664,3.1965932846069336,2.109614133834839,,,,,,,,
E3,641,0.20000000298023224,1.3607618721822898,1.0824695969266551,0.6328334114653295,-0.7729662617978951,0.10452721058391035,12.104045867919922,3.1773838996887207,2.1231727600097656,,,,,,,,
E3,645,0.20000000298023224,1.350730461260629,1.0643445086621104,0.6244566279616374,-0.7718265212403373,0.12364974315278232,11.99081802368164,3.1724934577941895,2.136605739593506,,,,,,,,
E3,649,0.20000000298023224,1.2612898124470597,1.0939126277253741,0.5381677134851501,-0.6892249874367807,0.11397237594549854,11.942296028137207,3.200613021850586,2.149984359741211,,,,,,,,
E3,653,0.20000000298023224,1.2890173691724027,1.0964730091038204,0.582900611916557,-0.704643048085494,0.10352916643023491,12.155852317810059,3.2009096145629883,2.1636223793029785,,,,,,,,
E3,657,0.20000000298023224,1.3574592660935152,1.0892987697725258,0.645386119053435,-0.7598416408568266,0.07788111997069791,12.036681175231934,3.1745243072509766,2.17710542678833,,,,,,,,
E3,661,0.20000000298023224,1.3635999495902704,1.0565469345403096,0.6052120200205428,-0.789784112636606,0.11800709657836705,11.970206260681152,3.1743435859680176,2.190514326095581,,,,,,,,
E3,665,0.20000000298023224,1.3140873893031053,1.081365993276002,0.6334853176680852,-0.7301710796337353,0.11362787976395339,11.983701705932617,3.192416191101074,2.2039453983306885,,,,,,,,
E3,669,0.20000000298023224,1.3313263789233234,1.056450086808394,0.6393872649137821,-0.7667779967573191,0.09341604553628713,12.236405372619629,3.200505256652832,2.2176523208618164,,,,,,,,
E3,673,0.20000000298023224,1.3069034037845475,1.0837776040037472,0.5699518761674026,-0.729031811311235,0.11026353645138443,11.873136520385742,3.1791934967041016,2.230952501296997,,,,,,,,
E3,677,0.20000000298023224,1.2747068872882261,1.1085078376862738,0.5738776327222029,-0.6779374677266571,0.11322261020541191,11.974349021911621,3.181459903717041,2.2443714141845703,,,,,,,,
E3,681,0.20000000298023224,1.302297517065964,1.0807877725788526,0.5601859439942819,-0.7284427348853252,0.10206707357428968,11.843079566955566,3.184753894805908,2.2576377391815186,,,,,,,,
E3,686,0.20000000298023224,1.3098219800444821,1.0934177533028617,0.556775926671394,-0.7199980813514678,0.11100971046835184,11.924094200134277,3.175562858581543,2.270996570587158,,,,,,,,
E3,690,0.20000000298023224,1.311698441290193,1.0738231350505163,0.5757003763878246,-0.7310567065308403,0.11495388520415872,11.916303634643555,3.1927971839904785,2.2843637466430664,,,,,,,,
E3,694,0.20000000298023224,1.44811709103958,1.0495823277012697,0.7328485644200066,-0.866404815423598,0.1079545330721885,11.993206024169922,3.182544708251953,2.2977981567382812,,,,,,,,
E3,698,0.20000000298023224,1.3396132688910243,1.07215840073805,0.6505976804452184,-0.7608676537601573,0.1283495962852612,11.867646217346191,3.1754050254821777,2.3110921382904053,,,,,,,,
E3,702,0.20000000298023224,1.331357719701907,1.0934878429250112,0.5976321218924513,-0.7391687191520182,0.08531049289740622,11.959090232849121,3.173792839050293,2.324488401412964,,,,,,,,
E3,706,0.20000000298023224,1.3030358979862833,1.0815593453626784,0.5798526204177248,-0.729353341682341,0.10713707911781967,11.939363479614258,3.1882338523864746,2.337862491607666,,,,,,,,
E3,710,0.20000000298023224,1.3413239890739086,1.0591948094467323,0.6442352099719444,-0.7710608817481747,0.12469622166827321,11.94196891784668,3.196113109588623,2.354161262512207,,,,,,,,
E3,714,0.20000000298023224,1.3248935868697507,1.0463561014760108,0.6617791824586069,-0.7660662676263157,0.1247626052548488,11.81013011932373,3.1825623512268066,2.3673930168151855,,,,,,,,
E3,718,0.20000000298023224,1.4035829502557005,1.0452169669525964,0.6800141747165194,-0.8383965329248606,0.09653343632817268,11.913084983825684,3.182986259460449,2.3807430267333984,,,,,,,,
E3,722,0.20000000298023224,1.3882084497147136,1.0539358214489998,0.7141120688392044,-0.8034710874707098,0.1096658578608185,11.956428527832031,3.1738510131835938,2.394136428833008,,,,,,,,
E3,726,0.20000000298023224,1.3983085330220915,1.056781918106098,0.6573462403247328,-0.8203692263406184,0.12949641211889684,11.956186294555664,3.171322822570801,2.407529592514038,,,,,,,,
E3,730,0.20000000298023224,1.3145002984840954,1.0863231043848727,0.5942643339147986,-0.7356574037130774,0.09767720010131598,11.926491737365723,3.1899266242980957,2.4208900928497314,,,,,,,,
E3,734,0.20000000298023224,1.4493518915500432,1.0382667457655308,0.768931809225495,-0.874188228244228,0.07963440986350179,11.911067008972168,3.179037094116211,2.434232711791992,,,,,,,,
E3,738,0.20000000298023224,1.4267819739937309,1.0287757323729614,0.7494191400665067,-0.8627608117872908,0.10199645720422268,11.936264991760254,3.2089805603027344,2.447608470916748,,,,,,,,
E3,742,0.20000000298023224,1.3782361427115069,1.060078976705434,0.6294143578079321,-0.8106792600352376,0.11835967632941902,11.932428359985352,3.1796388626098633,2.4609785079956055,,,,,,,,
E3,746,0.20000000298023224,1.3612712824510202,1.0518341952018322,0.6077124484773002,-0.7947133456112906,0.14252477209083736,11.805310249328613,3.17458438873291,2.4742023944854736,,,,,,,,
E3,750,0.20000000298023224,1.3575579413464145,1.038771459921485,0.649178832647766,-0.793989531839976,0.13329626875929534,11.948112487792969,3.1807971000671387,2.487586498260498,,,,,,,,
E3,754,0.20000000298023224,1.3570660562624062,1.037295951611466,0.6978792516208852,-0.8060400109508976,0.14016310614533722,11.962740898132324,3.1852049827575684,2.5009868144989014,,,,,,,,
E3,758,0.20000000298023224,1.3735393825031461,1.0428336941533618,0.686491136578148,-0.8066666728109195,0.11561833205632865,11.961030006408691,3.1828417778015137,2.5143933296203613,,,,,,,,
E3,762,0.20000000298023224,1.3231450911197398,1.0784946976909562,0.6016719619180563,-0.7423863097570748,0.13222921453416348,11.860800743103027,3.179569721221924,2.5277020931243896,,,,,,,,
E3,766,0.20000000298023224,1.3873778224464446,1.0169341410436328,0.7408301533971315,-0.8348746697588395,0.11901568155735731,11.951590538024902,3.2450242042541504,2.5410900115966797,,,,,,,,
E3,770,0.20000000298023224,1.3959839715371056,1.0553143863521872,0.6788833577102468,-0.8251609365947338,0.11693836154881865,11.930865287780762,3.2020039558410645,2.554455280303955,,,,,,,,
E3,774,0.20000000298023224,1.3707260377409438,1.0383144712873869,0.6677550027779401,-0.8112374265061041,0.11511365347541869,11.936750411987305,3.183346748352051,2.567830801010132,,,,,,,,
E3,778,0.20000000298023224,1.3578265069850854,1.0315362640789576,0.7165139026262544,-0.796548770810847,0.099133910300831,11.77147102355957,3.1770434379577637,2.5810201168060303,,,,,,,,
E3,782,0.20000000298023224,1.3992654602560732,1.037554170936346,0.7148922086387539,-0.8411515832893433,0.13093544146977365,11.92298412322998,3.1787877082824707,2.594376802444458,,,,,,,,
E3,786,0.20000000298023224,1.384960842451879,1.0301483692157836,0.6881605943303499,-0.8314307003747672,0.10949293617159128,11.945826530456543,3.17681884765625,2.6077611446380615,,,,,,,,
E3,790,0.20000000298023224,1.3844671936498747,1.0329107840855916,0.6948162847156845,-0.8168303608073897,0.15356354205869138,11.946476936340332,3.1764378547668457,2.621173620223999,,,,,,,,
E3,794,0.20000000298023224,1.4031271210147276,1.0060103836631964,0.739041923381972,-0.8590470880181307,0.1294258488342166,11.921833038330078,3.1749839782714844,2.634528160095215,,,,,,,,
E3,798,0.20000000298023224,1.3563943222046844,1.0611029954420195,0.6361992121048605,-0.7880463006274242,0.12726040068082511,11.912321090698242,3.1988673210144043,2.6478850841522217,,,,,,,,
E3,802,0.20000000298023224,1.3551685541040368,1.013976417954952,0.7364614607571666,-0.8085028918068264,0.12948456243611872,12.04101848602295,3.1905837059020996,2.6613731384277344,,,,,,,,
E3,806,0.20000000298023224,1.3923782874194404,1.0332748795903863,0.665185518117983,-0.837357800873366,0.13963441783562303,11.900876998901367,3.1871113777160645,2.674713373184204,,,,,,,,
E3,810,0.20000000298023224,1.4111499507867156,1.0182200846454454,0.7256844291366192,-0.8539817516196756,0.13221852481365204,11.904595375061035,3.180718421936035,2.691021680831909,,,,,,,,
E3,815,0.20000000298023224,1.4230707364068145,1.0191030047597394,0.7688553412305886,-0.8620984282424038,0.12784832413308322,11.908616065979004,3.1746301651000977,2.7043614387512207,,,,,,,,
E3,819,0.20000000298023224,1.4004970685475402,1.0290179632840648,0.7296747006423799,-0.8401267767019037,0.11670168302953243,11.99102783203125,3.1843128204345703,2.7177937030792236,,,,,,,,
E3,823,0.20000000298023224,1.399754245366369,1.002967245876789,0.7453789093093808,-0.8556894675924606,0.14279933366924524,12.035113334655762,3.1797170639038086,2.7312750816345215,,,,,,,,
E3,827,0.20000000298023224,1.4261107892980651,1.0496418810789547,0.7124486511239587,-0.8495130829978734,0.10819348110817373,11.82493782043457,3.2082910537719727,2.744521141052246,,,,,,,,
E3,831,0.20000000298023224,1.4177660561270184,1.1012095634544652,0.5691351169310233,-0.8251289773791556,0.09214656625408679,11.964987754821777,3.1923422813415527,2.7579288482666016,,,,,,,,
E3,835,0.20000000298023224,1.457131418089072,1.0095157140777224,0.7258580080372518,-0.8887681931493774,0.12038150592707098,11.898107528686523,3.1841635704040527,2.771256923675537,,,,,,,,
E3,839,0.20000000298023224,1.4419017251994874,0.9975811955001619,0.7694334498182662,-0.9025245137911823,0.15585934545379132,11.943904876708984,3.179966449737549,2.7846362590789795,,,,,,,,
E3,843,0.20000000298023224,1.400286362521232,1.0151140897401743,0.7088877165083294,-0.8624190801536546,0.12341494082162778,11.677886962890625,3.1737351417541504,2.797719717025757,,,,,,,,
E3,847,0.20000000298023224,1.4116781261113902,0.9964230009132907,0.7884416111758841,-0.8707185399659451,0.13991096639074385,11.91972827911377,3.1746134757995605,2.8110768795013428,,,,,,,,
E3,851,0.20000000298023224,1.3961758582246682,1.004512793724499,0.7387465948252869,-0.847691174088386,0.1596431415528059,11.925764083862305,3.218184471130371,2.8244364261627197,,,,,,,,
E3,855,0.20000000298023224,1.3158350502924314,1.0438970121599378,0.6643323029335866,-0.7658394543021652,0.12688982428517193,11.930336952209473,3.185019016265869,2.8378005027770996,,,,,,,,
E3,859,0.20000000298023224,1.4001383983071833,1.0298113223933985,0.7266545042902954,-0.842427135559745,0.1268276716582477,11.80750846862793,3.1860060691833496,2.851027011871338,,,,,,,,
E3,863,0.20000000298023224,1.3684821855572482,1.0200317328766224,0.7113408652523449,-0.8187334581078696,0.14599571796134114,11.900923728942871,3.20882511138916,2.8643579483032227,,,,,,,,
E3,867,0.20000000298023224,1.4019200417494018,1.0032905314768117,0.7191870761896247,-0.8651509960551583,0.15435010683722794,11.93570613861084,3.1819376945495605,2.877728223800659,,,,,,,,
E3,871,0.20000000298023224,1.380084217186012,1.0095886369901044,0.7184547622437909,-0.8356721869573766,0.13778323691803962,11.842813491821289,3.203371524810791,2.8909964561462402,,,,,,,,
E3,875,0.20000000298023224,1.3957799278081409,1.0313356593842544,0.7296471231505831,-0.8401036590027312,0.11095259431749582,11.820272445678711,3.1848583221435547,2.9042372703552246,,,,,,,,
E3,879,0.20000000298023224,1.408226658131868,1.0045208827488952,0.7617502481912943,-0.8563724494250935,0.13166647753678262,11.94572639465332,3.174833297729492,2.9176185131073,,,,,,,,
E3,883,0.20000000298023224,1.4060340189330636,1.0223472286311408,0.6893754113993761,-0.8580722595520672,0.12308533932082355,11.954935073852539,3.171994209289551,2.931013584136963,,,,,,,,
E3,887,0.20000000298023224,1.4107777704558675,0.9908042095365033,0.7432113329449029,-0.8721071306213234,0.15345087926834822,11.896363258361816,3.1814613342285156,2.9443395137786865,,,,,,,,
E3,891,0.20000000298023224,1.3881753314109075,1.001201669197707,0.7287327818635073,-0.8476544510543583,0.15662901673931628,11.76107406616211,3.1866836547851562,2.957521677017212,,,,,,,,
E3,895,0.20000000298023224,1.401379501831437,1.01040650212339,0.7251547839659364,-0.8519295336833844,0.15038784593343735,11.890674591064453,3.172576904296875,2.970869779586792,,,,,,,,
E3,899,0.20000000298023224,1.396618478709743,1.0275642810359833,0.6916464629457958,-0.842439193520621,0.12157147726975381,11.928399085998535,3.1805906295776367,2.98423171043396,,,,,,,,
E3,903,0.20000000298023224,1.3278696284230267,1.0674987046255007,0.638407171537071,-0.7615224264953877,0.10962787817697972,11.937697410583496,3.1796679496765137,2.9976041316986084,,,,,,,,
E3,907,0.20000000298023224,1.5168652316880604,0.9759212586260031,0.901063554264097,-0.9614926566746795,0.09855122709025939,11.710606575012207,3.1698851585388184,3.0107247829437256,,,,,,,,
E3,911,0.20000000298023224,1.4105047876281398,0.9821951505210664,0.7625853137405061,-0.8941581989361328,0.15079317253548652,11.938817024230957,3.1829681396484375,3.0269908905029297,,,,,,,,
E3,915,0.20000000298023224,1.3828626123685686,1.0155798076755471,0.7121549597732834,-0.8408223259935362,0.1600160792004317,11.940122604370117,3.1822195053100586,3.0403659343719482,,,,,,,,
E3,919,0.20000000298023224,1.428512957420141,0.9822878253956636,0.8136342340704998,-0.8932957028145976,0.1331162299029529,10.557269096374512,3.1907033920288086,3.052194833755493,,,,,,,,
E3,923,0.20000000298023224,1.4854539295747167,1.0036298935375516,0.8331581975312542,-0.9335078472615264,0.09843592229299247,9.467717170715332,3.185380458831787,3.062800168991089,,,,,,,,
E3,927,0.20000000298023224,1.4757710349938227,0.9899004297478805,0.7905466414209622,-0.9292273050791303,0.17323408334050328,11.787303924560547,3.1877899169921875,3.0760059356689453,,,,,,,,
E3,931,0.20000000298023224,1.4339416749657146,0.9697326367336606,0.8010509172801985,-0.9058321039968481,0.14101087558083236,11.671623229980469,3.186720371246338,3.089080333709717,,,,,,,,
E3,935,0.20000000298023224,1.5788624975830317,0.9556382828879924,0.9144318617616238,-1.0433607191357406,0.11450546118430793,11.929363250732422,3.1910576820373535,3.1024436950683594,,,,,,,,
E3,940,0.20000000298023224,1.5237859437863033,0.9494099670222828,0.9106482790345187,-1.0071451737774566,0.1392769308295101,11.938023567199707,3.193000316619873,3.115816593170166,,,,,,,,
E3,944,0.20000000298023224,1.5886725050116342,0.9323433029746252,0.9135245295074671,-1.0592028586792626,0.1513917234260589,11.914130210876465,3.1874523162841797,3.129162549972534,,,,,,,,
E3,948,0.20000000298023224,1.4867240869632317,0.9691992985705534,0.882517652606953,-0.9541018534496072,0.13926439790520817,12.068925857543945,3.1832752227783203,3.1426820755004883,,,,,,,,
E3,952,0.20000000298023224,1.546835161213364,0.9683886304615982,0.8743624417806295,-1.009170727564081,0.12171047716401517,11.96366024017334,3.2003884315490723,3.156083583831787,,,,,,,,
E3,956,0.20000000298023224,1.488796052449043,0.9809029766373218,0.8327712014929127,-0.9525116125476503,0.14799093175679445,11.886126518249512,3.216045379638672,3.169398307800293,,,,,,,,
E3,960,0.20000000298023224,1.5417218757054163,0.9348034239004529,0.9082001974986894,-1.0187040335269615,0.1590057029388845,11.77874755859375,3.1812338829040527,3.182593584060669,,,,,,,,
E3,964,0.20000000298023224,1.5456944228637786,0.9554005596964132,0.88248776260124,-1.0145270295777462,0.1568054063245654,12.010482788085938,3.190145969390869,3.19604754447937,,,,,,,,
E3,968,0.20000000298023224,1.5926513979950594,0.9321784288992011,0.9665481202693572,-1.081920847213561,0.12041688116732985,12.0633544921875,3.1903414726257324,3.2095694541931152,,,,,,,,
E3,972,0.20000000298023224,1.4675117288790052,0.9918076137583407,0.7967242393995437,-0.9218567193186443,0.20045512728393078,11.892278671264648,3.1900224685668945,3.222892999649048,,,,,,,,
E3,976,0.20000000298023224,1.437618877916109,0.9525720696482394,0.7903908279085003,-0.9263972227077281,0.16723920637741685,12.107172966003418,3.178821563720703,3.236454963684082,,,,,,,,
E3,980,0.20000000298023224,1.4309174810491858,0.9636101178706639,0.7820335449789887,-0.920865074738801,0.1846352992579341,11.947566986083984,3.1900711059570312,3.249838352203369,,,,,,,,
E3,984,0.20000000298023224,1.431630736778653,0.9774737203759807,0.8374047770248308,-0.9021398656620895,0.14311328809708357,12.008195877075195,3.1813621520996094,3.2632896900177,,,,,,,,
E3,988,0.20000000298023224,1.479323170487843,0.997641909157946,0.8424544300216792,-0.9277665969723511,0.10927439318038523,11.865506172180176,3.1761398315429688,3.2765815258026123,,,,,,,,
E3,992,0.20000000298023224,1.4508052935439444,0.9685978317662837,0.7570451111011485,-0.9345639278070026,0.16610553883947432,11.965051651000977,3.202686309814453,3.2899844646453857,,,,,,,,
E3,996,0.20000000298023224,1.4119605102118045,0.9911308866289873,0.7747675239650617,-0.873972369633275,0.16139490576460958,12.085433959960938,3.1926932334899902,3.3035225868225098,,,,,,,,
E3,1000,0.20000000298023224,1.405829346546578,0.9853564995148826,0.7924206654867852,-0.8769525477647899,0.1378916084067896,12.001850128173828,3.184791088104248,3.3169713020324707,,,,,,,,
E3,1004,0.20000000298023224,1.513094834805954,0.94500808488755,0.8547334587548985,-0.9968830277969588,0.14986542682163417,11.909685134887695,3.1796507835388184,3.330312490463257,,,,,,,,
E3,1008,0.20000000298023224,1.4752240131890018,0.9581646897963115,0.8257223563859545,-0.9552864121265768,0.17973254271782935,12.104454040527344,3.188694477081299,3.343871593475342,,,,,,,,
E3,1012,0.20000000298023224,1.4377018054799429,0.9773663909189285,0.7705246656472836,-0.9025246104787267,0.18587218457832932,12.02847957611084,3.1827917098999023,3.360274314880371,,,,,,,,
E3,1016,0.20000000298023224,1.4301060269335433,0.9539963045408801,0.8425809410331186,-0.9229704637693922,0.15736417332664132,11.941673278808594,3.183652877807617,3.3736534118652344,,,,,,,,
E3,1020,0.20000000298023224,1.42114550862757,0.9668662874471574,0.8251287931395667,-0.8995181418704017,0.11404921929351985,11.907094955444336,3.186817169189453,3.386993885040283,,,,,,,,
E3,1024,0.20000000298023224,1.3395663681809629,1.047186460405115,0.7592313032555602,-0.765953637319543,0.1686442866921425,11.90449333190918,3.187802314758301,3.400329113006592,,,,,,,,
E3,1028,0.20000000298023224,1.4311189041546886,0.9641146814184529,0.8763117649794014,-0.9086467839688772,0.13020446803420782,12.065857887268066,3.182408332824707,3.4138472080230713,,,,,,,,
E3,1032,0.20000000298023224,1.4974095992270917,0.967521444081314,0.8795495623958978,-0.9699288791503816,0.13297040411271155,12.07392692565918,3.193490505218506,3.427379608154297,,,,,,,,
E3,1036,0.20000000298023224,1.5229613048926232,0.9301709490754302,0.9403768938994317,-1.0193454887614481,0.13554313282171884,11.86373519897461,3.191101551055908,3.440670967102051,,,,,,,,
E3,1040,0.20000000298023224,1.467399840612733,0.9445730859325046,0.8728757230356446,-0.9580343140322449,0.19430947140790522,12.046195030212402,3.1722588539123535,3.454164743423462,,,,,,,,
E3,1044,0.20000000298023224,1.5088713128888418,0.9519816092437222,0.8813843667687876,-0.9885336213804309,0.14017412043176591,11.954667091369629,3.1800503730773926,3.4675559997558594,,,,,,,,
E3,1048,0.20000000298023224,1.5434926949914485,0.9385791963173283,0.8822344372834343,-1.0296917525083122,0.16712968447245657,12.01799201965332,3.188197135925293,3.481018304824829,,,,,,,,
E3,1052,0.20000000298023224,1.4160647465596123,0.9918345400383548,0.7287325957136701,-0.9003118835278743,0.1766422668006271,11.850539207458496,3.1760034561157227,3.494297504425049,,,,,,,,
E3,1056,0.20000000298023224,1.4965974394350299,0.9415210718436847,0.8493342774211249,-0.9722883963480681,0.1597862816415727,11.967843055725098,3.1758079528808594,3.5077037811279297,,,,,,,,
E3,1060,0.20000000298023224,1.4414697844121191,0.9820090655296568,0.7527621983439287,-0.9120371434079956,0.14387027802877128,11.94980239868164,3.191380023956299,3.521090507507324,,,,,,,,
E3,1065,0.20000000298023224,1.4386757279908846,0.9603367261588573,0.7840063132262275,-0.9156867231368013,0.1705988731700927,11.990986824035645,3.209242343902588,3.534522533416748,,,,,,,,
E3,1069,0.20000000298023224,1.3921038836595558,0.9676943131619029,0.7839401286762597,-0.8873614085882547,0.1824803736526519,11.895242691040039,3.1725997924804688,3.547847270965576,,,,,,,,
E3,1073,0.20000000298023224,1.3993370913205638,0.9909898238995719,0.754297942027394,-0.8676290651044202,0.13627114065457135,11.937398910522461,3.1924495697021484,3.5612194538116455,,,,,,,,
E3,1077,0.20000000298023224,1.464185985307845,0.9669505922449013,0.846030614081659,-0.9404839382078203,0.13784100394695997,11.956897735595703,3.1821398735046387,3.574613332748413,,,,,,,,
E3,1081,0.20000000298023224,1.4502437204595595,0.9705684982713253,0.7965461680484908,-0.920731016597341,0.14710854046279564,11.90843391418457,3.180164337158203,3.5879528522491455,,,,,,,,
E3,1085,0.20000000298023224,1.4720475120795151,0.9371479755001408,0.8816011423286774,-0.9708286302685294,0.1622201504651457,11.911784172058105,3.1774888038635254,3.6012961864471436,,,,,,,,
E3,1089,0.20000000298023224,1.6446468362969064,1.105636609806901,0.7924458909946591,-1.039211526749626,0.06671073779580183,11.943025588989258,3.19110107421875,3.6146745681762695,,,,,,,,
E3,1093,0.20000000298023224,1.6184949113263025,0.9125655953077569,0.9573931094126971,-1.1107193925103822,0.17340174433775246,11.978354454040527,3.1979875564575195,3.6280925273895264,,,,,,,,
E3,1097,0.20000000298023224,1.5269507807753389,0.9105304497338477,0.9317470946655011,-1.0301689166642194,0.1782119465060532,11.924748420715332,3.1956934928894043,3.6414504051208496,,,,,,,,
E3,1101,0.20000000298023224,1.4913817550691346,0.9120290319006594,0.863106604407993,-0.9972385064743104,0.21591838945945105,11.880414962768555,3.182217597961426,3.6547608375549316,,,,,,,,
E3,1105,0.20000000298023224,1.5350383315531035,0.9094780367754755,0.9561481800229191,-1.0594658688420342,0.15269790217280388,11.97508716583252,3.193349838256836,3.668174982070923,,,,,,,,
E3,1109,0.20000000298023224,1.5423082282678002,0.9570909192164739,0.9589711147040796,-1.0217577503986717,0.11907801940105855,11.93122386932373,3.188971996307373,3.68153977394104,,,,,,,,
E3,1113,0.20000000298023224,1.5156813298485108,0.9266608533641648,0.8994626918279413,-1.0052072794937958,0.19288902322296053,11.949419975280762,3.2041149139404297,3.697937250137329,,,,,,,,
E3,1117,0.20000000298023224,1.499726352769704,0.9421910836937881,0.8050150765356288,-0.9940041129307319,0.16845923708751798,11.850010871887207,3.19630765914917,3.7112112045288086,,,,,,,,
E3,1121,0.20000000298023224,1.54017187317922,0.9391303336809552,0.923303345843816,-1.020781746307861,0.16155769873876125,11.988048553466797,3.189727783203125,3.724639892578125,,,,,,,,
E3,1125,0.20000000298023224,1.56021559912534,0.9198126595408197,0.9056261992707515,-1.057748915023348,0.1935742550995201,11.89621353149414,3.203385353088379,3.7379658222198486,,,,,,,,
E3,1129,0.20000000298023224,1.5141058995255403,0.8948779133931984,0.9650311580608919,-1.0303903877114255,0.18899311823770404,12.04747486114502,3.1844520568847656,3.751462459564209,,,,,,,,
E3,1133,0.20000000298023224,1.4812491437390682,0.9371340029414684,0.8271196957350945,-0.9820149843285363,0.17835075641050935,11.839879035949707,3.1773133277893066,3.7647321224212646,,,,,,,,
E3,1137,0.20000000298023224,1.3983608261933402,0.9804846836579224,0.869031475516342,-0.8780190285040244,0.12403018947225064,11.887648582458496,3.1984996795654297,3.778052568435669,,,,,,,,
E3,1141,0.20000000298023224,1.534970154187509,0.937399991507095,0.9342875527287486,-1.0188153024175248,0.13094617472961545,11.827479362487793,3.1858692169189453,3.791314125061035,,,,,,,,
E3,1145,0.20000000298023224,1.532220947955336,0.9399092163713205,0.888547925466199,-1.0284899617138776,0.17591624439228326,11.769112586975098,3.20050048828125,3.804532766342163,,,,,,,,
E3,1149,0.20000000298023224,1.472974645713019,0.9382121467164585,0.8733696968871544,-0.9685120298194566,0.16739898012019694,11.814777374267578,3.186944007873535,3.8177762031555176,,,,,,,,
E3,1153,0.20000000298023224,1.4703714796120213,0.9211186803877354,0.8732511713100013,-0.9720054086083398,0.19847552734427154,11.737329483032227,3.1877694129943848,3.830961227416992,,,,,,,,
E3,1157,0.20000000298023224,1.5205294582992792,1.2039145389128298,0.5537109366034283,-0.9021502440178116,0.11432737729046494,11.754343032836914,3.182662010192871,3.8441412448883057,,,,,,,,
E3,1161,0.20000000298023224,1.489447950252465,0.8969786484090109,0.9069776042545242,-0.9996120176566321,0.17976310104131699,11.730944633483887,3.1827335357666016,3.8573250770568848,,,,,,,,
E3,1165,0.20000000298023224,1.5159912697143025,0.9283326792693327,0.9338134472244278,-1.0080120103574166,0.11011639377102256,11.812701225280762,3.1842703819274902,3.8705625534057617,,,,,,,,
E3,1169,0.20000000298023224,1.570958850343549,0.9309892099764612,0.9286147108120816,-1.0594845911698594,0.1628280917648226,11.933086395263672,3.209733009338379,3.8839304447174072,,,,,,,,
E3,1173,0.20000000298023224,1.4794855884143285,0.924056341191606,0.8635170397195798,-0.9804341078565885,0.162742052343674,11.793360710144043,3.189929962158203,3.897141456604004,,,,,,,,
E3,1177,0.20000000298023224,1.499090211140731,0.9051171566640573,0.9194492278446846,-1.0092780447587193,0.20691626705229282,11.737433433532715,3.179854393005371,3.9102954864501953,,,,,,,,
E3,1181,0.20000000298023224,1.4891007456278045,0.9339131637816391,0.8512882402639336,-0.9932479618545917,0.1812554954085499,11.662287712097168,3.194347858428955,3.923403263092041,,,,,,,,
E3,1185,0.20000000298023224,1.4418760564710413,0.9807815522487674,0.8019527056873011,-0.9095139050050565,0.15060166432522237,11.96644115447998,3.1844897270202637,3.9368093013763428,,,,,,,,
E3,1190,0.20000000298023224,1.4789903767643466,0.9433176402771284,0.8161582994942012,-0.977029348808592,0.1618190367007628,11.907951354980469,3.1947531700134277,3.9501590728759766,,,,,,,,
E3,1194,0.20000000298023224,1.3893530346926242,0.9924214643145365,0.769076044487058,-0.8471409774141475,0.1536123869009316,11.856289863586426,3.1975927352905273,3.963446617126465,,,,,,,,
E3,1198,0.20000000298023224,1.4366634722266878,0.9559482833932317,0.806257501327947,-0.9299266372607755,0.13590868534811307,11.781187057495117,3.1837620735168457,3.9766902923583984,,,,,,,,
E3,1202,0.20000000298023224,1.4598095026162883,0.9624978668159909,0.7896585917976031,-0.9391323794899065,0.1794255382847041,11.836966514587402,3.1859335899353027,3.9899511337280273,,,,,,,,
E3,1206,0.20000000298023224,1.4737056937837412,0.9421308803416434,0.8804158196478749,-0.956319401352962,0.1602569695096463,11.870664596557617,3.186370372772217,4.003265857696533,,,,,,,,
E3,1210,0.20000000298023224,1.473539160978463,0.9474182297431287,0.8554630096716834,-0.954653197735001,0.18703227117657661,11.946802139282227,3.184804916381836,4.016668796539307,,,,,,,,
E3,1214,0.20000000298023224,1.4779723748446456,0.9387967910558458,0.8660918650940171,-0.980608095113735,0.13610650098416954,11.766030311584473,3.189037322998047,4.032886981964111,,,,,,,,
E3,1218,0.20000000298023224,1.5145288941169541,0.9295681551217087,0.9436467573908505,-1.0064349346868102,0.14771975693292916,11.931989669799805,3.1725335121154785,4.046261310577393,,,,,,,,
E3,1222,0.20000000298023224,1.564702165446111,0.9322375354194452,0.9490402355414829,-1.0498438956094018,0.1614826547447592,11.912421226501465,3.176692008972168,4.059605598449707,,,,,,,,
E3,1226,0.20000000298023224,1.5756706556098328,0.9111803555417628,1.006493664006077,-1.0836027583702363,0.1294916847255081,11.886869430541992,3.1950130462646484,4.072940349578857,,,,,,,,
E3,1230,0.20000000298023224,1.567209011032468,0.9192085035500073,0.9366513458115867,-1.0542711802085654,0.18378963383535543,11.744285583496094,3.191178321838379,4.086102485656738,,,,,,,,
E3,1234,0.20000000298023224,1.6043445999246269,0.8969220673399312,1.0149370840917438,-1.1016980725421852,0.1612939991755411,11.816107749938965,3.1924595832824707,4.099356174468994,,,,,,,,
E3,1238,0.20000000298023224,1.6369302996567316,0.8971284084790756,1.0658270161835226,-1.1396803587992927,0.13276439113542438,11.86868667602539,3.179537296295166,4.112679958343506,,,,,,,,
E3,1242,0.20000000298023224,1.6717388359681955,0.8930184816320738,1.0950476547578043,-1.179195797846963,0.12271759670693427,11.833708763122559,3.201451301574707,4.125967025756836,,,,,,,,
E3,1246,0.20000000298023224,1.5571631407217374,0.9153727291240579,0.9164444663450678,-1.054713391750637,0.20707765594124794,11.805334091186523,3.19293212890625,4.1392059326171875,,,,,,,,
E3,1250,0.20000000298023224,1.5349459649906272,0.8818529653289016,0.9744490304642093,-1.0563316680712713,0.2170753483660519,12.083674430847168,3.1902174949645996,4.152748107910156,,,,,,,,
E3,1254,0.20000000298023224,1.552665386467226,0.9459703188566935,0.9280026732221135,-1.0299606010620852,0.12893851136323065,11.916322708129883,3.180795192718506,4.1660966873168945,,,,,,,,
E3,1258,0.20000000298023224,1.5372506457247905,0.9378429744096975,0.8860113426292343,-1.037852098459437,0.12883473769761622,12.00795841217041,3.1912460327148438,4.179555416107178,,,,,,,,
E3,1262,0.20000000298023224,1.5542190024658802,0.9349042646113842,0.9713852525508003,-1.0230902134559103,0.25174184155184776,11.877394676208496,3.1786208152770996,4.192871570587158,,,,,,,,
E3,1266,0.20000000298023224,1.4611230485496067,0.9443324093544294,0.8419334275036383,-0.9516629182811206,0.13414046401157975,11.911324501037598,3.1907944679260254,4.206228256225586,,,,,,,,
E3,1270,0.20000000298023224,1.4893903194793634,0.9270638013997722,0.8671456561632344,-0.9810654548891184,0.17301071248948574,11.886258125305176,3.1839542388916016,4.219555854797363,,,,,,,,
E3,1274,0.20000000298023224,1.5390420648905019,0.918755908038408,0.9079214919136086,-1.0356713678458676,0.17929753731004894,11.948513984680176,3.2046194076538086,4.232946395874023,,,,,,,,
E3,1278,0.20000000298023224,1.5591588810914092,0.9377523771827183,0.9949762607132321,-1.0390633080757061,0.10747358750086278,11.771620750427246,3.179096221923828,4.2461442947387695,,,,,,,,
E3,1282,0.20000000298023224,1.5196765327737445,0.9074159556674579,0.8843264772640124,-1.0287834819321269,0.24785966472700238,11.944988250732422,3.188178062438965,4.259539604187012,,,,,,,,
E3,1286,0.20000000298023224,1.4959274948471122,0.9141785526086413,0.8832039924672068,-1.0074650547319344,0.1997901457361877,11.802144050598145,3.1833066940307617,4.27276611328125,,,,,,,,
E3,1290,0.20000000298023224,1.4109304079578981,0.9589115948904128,0.8109574013028238,-0.8958289583901032,0.16414829134009778,11.91213321685791,3.211791515350342,4.286153316497803,,,,,,,,
E3,1294,0.20000000298023224,1.4558376512002378,0.9751694302355486,0.8081183703969035,-0.9196138428561094,0.10190898187768956,11.696378707885742,3.201876640319824,4.299260139465332,,,,,,,,
E3,1298,0.20000000298023224,1.5716172937481176,0.9173614754681549,0.9566872082859167,-1.0638301692725647,0.17101649811957031,11.86640453338623,3.190577983856201,4.312593460083008,,,,,,,,
E3,1302,0.20000000298023224,1.5262683646546469,0.9104061603900933,0.8630718187665316,-1.0253194080340484,0.19457264337688684,12.023627281188965,3.187005043029785,4.326061725616455,,,,,,,,
E3,1306,0.20000000298023224,1.598666021866458,1.2305404025292586,0.6050404339139142,-0.9537762636134016,0.07125340466154739,11.703080177307129,3.1815834045410156,4.339186668395996,,,,,,,,
E3,1310,0.20000000298023224,1.5164156388787051,0.9078852537250708,0.9180729743510262,-1.0295614657687053,0.1883030622266233,11.754765510559082,3.18648624420166,4.352395057678223,,,,,,,,
E3,1314,0.20000000298023224,1.5163980630773402,0.8830227799831875,0.968146587826256,-1.0338619462739203,0.21116830315440893,11.91080379486084,3.179281234741211,4.36881685256958,,,,,,,,
E3,1319,0.20000000298023224,1.5534268491088399,0.9046327340460959,0.8975645386711207,-1.0685341710202574,0.1809603264555335,11.931758880615234,3.175830841064453,4.382208824157715,,,,,,,,
E3,1323,0.20000000298023224,1.5291599862514034,0.8989815354228966,0.9788962737170618,-1.0394321165587161,0.16908308980055153,11.855390548706055,3.1926989555358887,4.395496368408203,,,,,,,,
E3,1327,0.20000000298023224,1.575864325587948,0.8790724909613057,1.0328591286705167,-1.0868414209911688,0.19818755006417632,11.813899040222168,3.1771693229675293,4.408773899078369,,,,,,,,
E3,1331,0.20000000298023224,1.4877587406644746,0.9267152388181005,0.8972124767962343,-0.9909757178069817,0.16265863948501647,11.890372276306152,3.1878771781921387,4.42210054397583,,,,,,,,
E3,1335,0.20000000298023224,1.5863235924570334,0.9228353161542189,0.9529418857462371,-1.0668423193846903,0.147057477501221,11.966463088989258,3.1898460388183594,4.435505390167236,,,,,,,,
E3,1339,0.20000000298023224,1.5200392117221204,0.9279923069453428,0.851910101826678,-1.0106789026897223,0.18186830403283238,11.895840644836426,3.195185661315918,4.448831558227539,,,,,,,,
E3,1343,0.20000000298023224,1.510108878215154,0.9547489542100165,0.8319155888757043,-0.9919012842555752,0.1724500771961175,11.839696884155273,3.177180290222168,4.462133884429932,,,,,,,,
E3,1347,0.20000000298023224,1.4565179003846078,0.9457223393496067,0.856377535235526,-0.946545979163299,0.1484345830976963,11.938637733459473,3.2243289947509766,4.4755072593688965,,,,,,,,
E3,1351,0.20000000298023224,1.5107042887617672,0.9602368016919446,0.8259083790037391,-0.9797536130654552,0.14540851872880012,11.806849479675293,3.180860996246338,4.488758563995361,,,,,,,,
E3,1355,0.20000000298023224,1.520071828294368,0.9093937545659996,0.9580714497854238,-1.022730300857109,0.18150527239777148,11.911723136901855,3.200669765472412,4.502145290374756,,,,,,,,
E3,1359,0.20000000298023224,1.435725393276366,0.9367526269384793,0.8367908857621704,-0.9385307720854937,0.20183318046232065,11.744487762451172,3.2054805755615234,4.515304088592529,,,,,,,,
E3,1363,0.20000000298023224,1.4909449219703674,0.957543933911929,0.8906811246537228,-0.9784524643106297,0.12409772619139403,11.85173511505127,3.184685230255127,4.528598785400391,,,,,,,,
E3,1367,0.20000000298023224,1.495975696792205,0.9444933447336393,0.8311822761142098,-0.9782953034469207,0.20032622083090246,11.871356964111328,3.188276767730713,4.541929244995117,,,,,,,,
E3,1371,0.20000000298023224,1.4979564377239771,0.9284238098041405,0.8940868948155375,-0.9936724877823884,0.16717466968111694,11.874364852905273,3.180250644683838,4.555230617523193,,,,,,,,
E3,1375,0.20000000298023224,1.4480415073386024,0.9359336130557552,0.8759300136285375,-0.9512070925233679,0.1971931557636708,11.795525550842285,3.1785130500793457,4.568453311920166,,,,,,,,
E3,1379,0.20000000298023224,1.4502977143440927,0.9418113017011256,0.8743458027715114,-0.9463980602902464,0.1402808295097202,11.833684921264648,3.1926350593566895,4.581712245941162,,,,,,,,
E3,1383,0.20000000298023224,1.5238612247483125,0.9316906110634879,0.8803396417634256,-1.0223267747658409,0.15794436470605433,11.996734619140625,3.188326358795166,4.595152378082275,,,,,,,,
E3,1387,0.20000000298023224,1.5142341612705164,0.8987108828529479,0.9555448698463724,-1.0266103843626166,0.17432804219424725,11.944225311279297,3.1935224533081055,4.608531951904297,,,,,,,,
E3,1391,0.20000000298023224,1.5430133697532473,0.8987949064799717,0.9974219858882698,-1.0496473834251188,0.1666121183661744,11.832828521728516,3.1884703636169434,4.621795177459717,,,,,,,,
E3,1395,0.20000000298023224,1.6254733790540032,0.9111338331704102,1.0025473919474701,-1.1187439275506352,0.1124495065305382,11.953344345092773,3.2059545516967773,4.635185241699219,,,,,,,,
E3,1399,0.20000000298023224,1.677208045290576,0.8916390372647179,1.0565206767129365,-1.1749220342497297,0.13802332116756588,11.945355415344238,3.185868263244629,4.648569107055664,,,,,,,,
E3,1403,0.20000000298023224,1.5488800071771183,0.8950126390490267,0.9278042893578757,-1.0771444231818712,0.2329492005519569,11.966254234313965,3.1832222938537598,4.661973476409912,,,,,,,,
E3,1407,0.20000000298023224,1.6142040676777325,0.8567298544304711,1.076848802393052,-1.143534329701363,0.16175460582599044,11.847542762756348,3.1924514770507812,4.6752495765686035,,,,,,,,
E3,1411,0.20000000298023224,1.6508727595505734,0.8882079469187866,1.029695597261802,-1.1511146738120015,0.13491482473909855,12.014985084533691,3.1767568588256836,4.688714504241943,,,,,,,,
E3,1415,0.20000000298023224,1.6733280809980535,0.8867059887519905,1.0852597644274582,-1.1873284699875744,0.1270230085356161,12.01833724975586,3.178529739379883,4.7051615715026855,,,,,,,,
E3,1419,0.20000000298023224,1.6394702123389358,0.8523243009334519,1.0202270941739318,-1.1740100996583582,0.23050809651613235,11.958778381347656,3.183655261993408,4.718557834625244,,,,,,,,
E3,1423,0.20000000298023224,1.5662937516730928,0.8665322325236741,1.0390715512066064,-1.1019093739072097,0.17609749703357616,11.76986026763916,3.1934714317321777,4.731746673583984,,,,,,,,
E3,1427,0.20000000298023224,1.655292623040695,0.8886487418342204,1.0368052980751354,-1.1691310670160289,0.16002302686683834,11.984944343566895,3.1780271530151367,4.745172023773193,,,,,,,,
E3,1431,0.20000000298023224,1.431264544526736,0.9650765177276399,0.7924695454968779,-0.9353637105752048,0.1644847764109727,11.912957191467285,3.213118076324463,4.758518695831299,,,,,,,,
E3,1435,0.20000000298023224,1.5052405361027,0.8808604425026311,0.9280761638100246,-1.0403507837604375,0.23769651888869703,11.94813060760498,3.1904163360595703,4.771923542022705,,,,,,,,
E3,1439,0.20000000298023224,1.4711539261043072,0.9241108129185344,0.8643123201136269,-0.9786316423883868,0.15953828091733158,11.831634521484375,3.1987557411193848,4.785186767578125,,,,,,,,
E3,1444,0.20000000298023224,1.5050129203037137,0.9016645746749072,0.9507645766681699,-1.0132563721835761,0.19970378908328712,10.994998931884766,3.175060272216797,4.797518253326416,,,,,,,,
E3,1448,0.20000000298023224,1.5135552657856828,0.9053193524716392,0.9621143581679286,-1.022366639012323,0.17506322730332613,10.030279159545898,3.171548366546631,4.808753490447998,,,,,,,,
E3,1452,0.20000000298023224,1.5179710332599898,0.9301289858089553,0.9264655422294207,-1.0260887007775998,0.16943190759047866,10.916629791259766,3.2058095932006836,4.820982456207275,,,,,,,,
E3,1456,0.20000000298023224,1.5861421235733562,0.8820694398785395,1.0542139378932318,-1.0977754650031408,0.15010207099840045,11.725360870361328,3.193392276763916,4.8341169357299805,,,,,,,,
E3,1460,0.20000000298023224,1.6041538158342952,0.8804173072179159,1.0181726623229237,-1.1308347772629488,0.17778452346101403,11.897366523742676,3.19268798828125,4.847444534301758,,,,,,,,
E3,1464,0.20000000298023224,1.5571817636253342,0.889533010267076,0.9885925220589695,-1.066014093812555,0.18831761507317424,12.00639820098877,3.190807819366455,4.860897541046143,,,,,,,,
E3,1468,0.20000000298023224,1.5981417370753155,0.8922574769055086,1.0047046965641429,-1.1090933303422634,0.18507664743810892,11.950607299804688,3.1787338256835938,4.874289035797119,,,,,,,,
E3,1472,0.20000000298023224,1.5280271515486732,0.9239312823684442,0.9087764866191393,-1.0324154988833008,0.16260095383040607,11.859724998474121,3.213022232055664,4.887580871582031,,,,,,,,
E3,1476,0.20000000298023224,1.5059877955133008,0.8860634536378913,0.9334504262043802,-1.0244162590760324,0.2168556391261518,11.948126792907715,3.1787467002868652,4.900979518890381,,,,,,,,
E3,1480,0.20000000298023224,1.4773826885318,0.9155106114607955,0.8894699608990505,-0.9887209854029592,0.19893355667591095,11.963900566101074,3.194288730621338,4.91438627243042,,,,,,,,
E3,1484,0.20000000298023224,1.4779454831861787,0.9249139423408206,0.8955424518199332,-0.9784878662247802,0.1728956203442067,11.97291088104248,3.1852264404296875,4.927798271179199,,,,,,,,
E3,1488,0.20000000298023224,1.4992655752197144,0.893116995426161,0.8989800238685514,-1.0247778878399423,0.20834567801405987,11.910379409790039,3.1905746459960938,4.941145420074463,,,,,,,,
E3,1492,0.20000000298023224,1.4572342969181518,0.9133709264061753,0.8798740383362703,-0.9732838932069994,0.2143179140985012,12.044524192810059,3.1888628005981445,4.954641819000244,,,,,,,,
E3,1496,0.20000000298023224,1.4726584929795492,0.8960742192076785,0.9369323475967481,-0.9907407879548532,0.17538267700001597,11.941527366638184,3.1910500526428223,4.968024253845215,,,,,,,,
E3,1500,0.20000000298023224,1.3283236175775528,0.6843110620975494,1.480304941534996,-0.8589926306158304,0.1402007876895368,9.980592727661133,3.15690279006958,4.9818830490112305,16.466019098955726,1,0.009103645570576191,0.6241199970245361,0.026270000264048576,1,1,1
E4,0,0.0,0.29123398661613464,3.498396635055542,-1.1060759956017137,2.11614378541708,0.0003142826972180046,248.5355224609375,17.658164978027344,0.014034857042133808,,,,,,,,
E4,4,0.003583999816328287,8.30339045923144,0.835045933773342,1.0664726335160208,-7.141062230300454,0.0006268522295916531,11.668485641479492,3.1284079551696777,0.02911427430808544,,,,,,,,
E4,8,0.011264001950621605,7.869810994655367,0.28547990537435186,3.2788446663753756,-7.737483690478026,0.009139269264778704,11.455859184265137,3.1345553398132324,0.0419464148581028,,,,,,,,
E4,12,0.01740800403058529,4.83382649530494,0.48891206341056476,3.6678220342094106,-4.147146190117512,0.01879674922383856,11.767308235168457,3.137570381164551,0.05512797087430954,,,,,,,,
E4,16,0.023040005937218666,4.303283640021936,0.902055236449953,3.2331714770520357,-3.346083866410135,0.011903840004379163,11.894142150878906,3.142941951751709,0.06845162808895111,,,,,,,,
E4,20,0.02918400801718235,3.3189095320209625,0.5445851794636202,3.2126251385310916,-2.785674879464158,0.019315552854095586,11.945460319519043,3.14054536819458,0.08183950930833817,,,,,,,,
E4,24,0.03276800736784935,3.4100942040483155,0.5043798430179733,4.523661028065566,-2.966317527513537,0.03396571570192464,12.04676342010498,3.1393537521362305,0.09533397108316422,,,,,,,,
E4,28,0.03788800910115242,3.59248979831168,0.8321261011463191,3.526314948727168,-2.784803941228708,0.022233672287256923,12.107830047607422,3.147696018218994,0.10890169441699982,,,,,,,,
E4,32,0.041984010487794876,3.0611745116729585,0.5006955952812282,4.0187059576664845,-2.6203013907319734,0.02173337207932491,12.056501388549805,3.1381053924560547,0.1224072128534317,,,,,,,,
E4,36,0.04300801083445549,3.0739802440244053,0.8497193945897004,3.0141434183399847,-2.44158531806343,0.02451078567537479,12.139359474182129,3.149989604949951,0.13601037859916687,,,,,,,,
E4,40,0.04147201031446457,2.145224701908846,0.9233141269032208,1.667429275789868,-1.4645409582677993,0.01784436439629644,12.267724990844727,3.156460762023926,0.1497524231672287,,,,,,,,
E4,44,0.045568011701107025,2.6626113579268496,0.7269494495177198,3.0688866089973876,-2.040200188597073,0.03594463993795216,12.40490436553955,3.137845039367676,0.16364820301532745,,,,,,,,
E4,48,0.045568011701107025,2.080899890630491,0.8735598959028721,2.177449095702327,-1.484148130419531,0.02408085807110183,12.139962196350098,3.142392158508301,0.17724695801734924,,,,,,,,
E4,52,0.04454401135444641,2.0615124170269286,0.7345450133499172,2.5478967697595927,-1.5708519297334114,0.040895558486226946,11.905672073364258,3.141716957092285,0.19058345258235931,,,,,,,,
E4,57,0.04608001187443733,2.634315434370249,0.7339884437738903,2.9702047797948565,-2.063232055050321,0.028876623138785362,11.972939491271973,3.146543502807617,0.20399530231952667,,,,,,,,
E4,61,0.04812801256775856,2.870995271537039,0.6694759379717565,3.4792212460106655,-2.241857557173168,0.027972491399850696,12.010833740234375,3.1426944732666016,0.2174517959356308,,,,,,,,
E4,65,0.04608001187443733,2.2566941836996683,0.8214532987672895,2.123983876418267,-1.6816977135798272,0.04618162492988631,12.060490608215332,3.14333438873291,0.23096176981925964,,,,,,,,
E4,69,0.049152012914419174,2.608537414362506,0.5815481441391129,2.9518314980563116,-2.0595520233203257,0.040755780413746834,11.860753059387207,3.139838218688965,0.24425308406352997,,,,,,,,
E4,73,0.05478401482105255,2.91570804055248,0.5191697852079948,4.025085618691658,-2.404237348316533,0.050387061724904925,12.182886123657227,3.1522254943847656,0.2579001188278198,,,,,,,,
E4,77,0.05683201551437378,3.2754213974352866,0.7437464091002882,3.0825715605169535,-2.494248842510084,0.047196307161357254,12.044184684753418,3.1434144973754883,0.2714034914970398,,,,,,,,
E4,81,0.05888001620769501,2.600835017209488,0.7796533352192787,3.2028616306219084,-2.054595038353924,0.023075132208759896,12.212355613708496,3.146092414855957,0.2850837707519531,,,,,,,,
E4,85,0.06195201724767685,2.659847480200586,0.6477723464458471,2.6754745618620914,-2.107895493137813,0.023029644100461155,11.932842254638672,3.1590185165405273,0.29846590757369995,,,,,,,,
E4,89,0.062464017421007156,2.80362977134803,0.8270661880868295,2.6409017335373295,-2.080224618605811,0.02591322228545323,12.191949844360352,3.147770881652832,0.31212252378463745,,,,,,,,
E4,93,0.06758398562669754,2.956177850194748,0.588697266306669,2.9046863703640984,-2.452779540171226,0.021048364811576903,11.986724853515625,3.152067184448242,0.32555004954338074,,,,,,,,
E4,97,0.07372794300317764,3.3188108421034284,0.43442235117970357,4.095068224636254,-2.8157490617595613,0.03595956676872447,12.082428932189941,3.1569595336914062,0.33912625908851624,,,,,,,,
E4,101,0.07884790748357773,2.594204724367176,0.7042688098366535,2.678672706736113,-2.029274295087874,0.04435896058566868,11.953777313232422,3.16412353515625,0.3525184988975525,,,,,,,,
E4,105,0.07987190037965775,1.842999804351065,0.8343655570809331,1.840011855990473,-1.3326752189073772,0.04997949820244685,12.142003059387207,3.1705265045166016,0.36833328008651733,,,,,,,,
E4,109,0.07782391458749771,2.3926962592772076,0.9568225816187877,1.6238979134958849,-1.6327532250951562,0.03191487689036876,12.071598052978516,3.1542820930480957,0.3818557560443878,,,,,,,,
E4,113,0.0773119181394577,1.9025325718380155,0.8446172560372996,1.980444911825679,-1.3858334937775951,0.03346056774898898,12.105326652526855,3.149867534637451,0.3954200744628906,,,,,,,,
E4,117,0.08140788972377777,2.5924766919915636,0.6651646497969826,3.0584658241427656,-2.0412808790699475,0.05473286140477285,11.965970993041992,3.1612939834594727,0.40882909297943115,,,,,,,,
E4,121,0.08089589327573776,1.905578934484058,0.9226383419914378,1.4725919845757256,-1.3336916737228868,0.02874032736872323,12.02754020690918,3.151001453399658,0.4223021864891052,,,,,,,,
E4,125,0.07782391458749771,1.8335159083917028,0.8794618238000169,1.7635252198982816,-1.297126081513448,0.03847338567720726,12.154745101928711,3.1555967330932617,0.4359396994113922,,,,,,,,
E4,129,0.07475193589925766,1.8422321257373644,0.9105040577077677,1.6033486237527053,-1.2744899866104658,0.05029672948876396,12.025552749633789,3.1713857650756836,0.4494105577468872,,,,,,,,
E4,133,0.07577592879533768,2.48747181892395,0.793563761822288,2.2557924807523237,-1.7553950076708422,0.03595920722000301,11.945158004760742,3.143296718597412,0.46279510855674744,,,,,,,,
E4,137,0.07833591103553772,2.5045277767238163,0.6654133971056176,2.84771140214445,-1.9521352432091676,0.04867179796565324,12.031760215759277,3.1517386436462402,0.47627273201942444,,,,,,,,
E4,141,0.07526393234729767,1.8573344508333811,0.9690646818351178,1.495163890727754,-1.296607738800554,0.045278039877302945,12.166723251342773,3.184708595275879,0.48991575837135315,,,,,,,,
E4,145,0.07526393234729767,2.0033855173322888,0.84496984375079,1.8293146214434015,-1.428210300238182,0.03943974321009591,11.965596199035645,3.1457762718200684,0.5033190846443176,,,,,,,,
E4,149,0.07321594655513763,1.7629187800108441,0.9326204039038174,1.3262524666375857,-1.2209670651918425,0.03943742421688512,12.006863594055176,3.1484909057617188,0.5167720317840576,,,,,,,,
E4,153,0.06809598207473755,1.6085420971706745,0.9977841161427989,1.2836932153441012,-1.0549698072866285,0.03923099493840709,11.865399360656738,3.1684679985046387,0.5300629734992981,,,,,,,,
E4,157,0.06297601759433746,1.6762779144540665,0.9943061205188907,1.2086283719556323,-1.096364522229008,0.055560545122716576,11.992626190185547,3.153508186340332,0.5434969067573547,,,,,,,,
E4,161,0.05888001620769501,1.8131619042583875,0.9227617704974753,1.2471885162530774,-1.2434111684412947,0.05729224161768798,11.979961395263672,3.167222499847412,0.5569165945053101,,,,,,,,
E4,165,0.055808015167713165,1.967504067878638,1.0104480334631507,1.424269247855713,-1.337379740913295,0.04386319614422973,12.076918601989746,3.1498818397521973,0.5704512596130371,,,,,,,,
E4,169,0.054272014647722244,1.9228868022088021,0.8504193652835157,1.5246650749094672,-1.3920025671684435,0.06442093930672854,12.048905372619629,3.1510391235351562,0.5839481353759766,,,,,,,,
E4,173,0.0512000136077404,1.8733678422276936,0.9139621746208932,1.3263541800247978,-1.310210574771248,0.043155141320312396,12.061633110046387,3.1472573280334473,0.5974593758583069,,,,,,,,
E4,177,0.0512000136077404,2.0322371640848735,0.8982644932462819,1.39842859627818,-1.4402421136046686,0.05433098989306018,12.028986930847168,3.1529946327209473,0.6109347343444824,,,,,,,,
E4,182,0.0512000136077404,1.9541409470968776,0.8908238739425701,1.439495432892564,-1.3642921504002834,0.04881829803343862,11.873200416564941,3.144237518310547,0.6242349147796631,,,,,,,,
E4,186,0.04761601239442825,1.8240948162736401,1.0375900277424426,1.0581166564222815,-1.1815608242630131,0.02606074055074714,12.024555206298828,3.1466026306152344,0.6377045512199402,,,,,,,,
E4,190,0.04147201031446457,1.7467520497148,0.9565711149738895,1.1486898950620819,-1.1855018458787412,0.04255075202672742,11.95953369140625,3.154789924621582,0.6511041522026062,,,,,,,,
E4,194,0.038912009447813034,2.222753128007291,0.9284118244217502,1.377388059891371,-1.534479309649517,0.04505032746237703,12.061646461486816,3.1537113189697266,0.6646153926849365,,,,,,,,
E4,198,0.03481600806117058,1.7566980933031393,0.9313305245623702,1.2483138481761809,-1.205813234782822,0.032130777603015304,11.824629783630371,3.1502089500427246,0.6778640151023865,,,,,,,,
E4,202,0.03225600719451904,1.6347967022586436,1.0011953636412583,1.145692036681767,-1.0715183500673562,0.06836682348512113,12.084220886230469,3.1397900581359863,0.6914004683494568,,,,,,,,
E4,206,0.027136005461215973,1.7367693097108887,0.9376176129730921,1.0775504775845737,-1.1685007025694683,0.07591127679916099,11.91054916381836,3.1408753395080566,0.7074967622756958,,,,,,,,
E4,210,0.02099200338125229,1.7464675314369655,0.9861513025585621,1.0449345140481618,-1.1513944640423037,0.05466602783417329,12.103271484375,3.142763614654541,0.7210547924041748,,,,,,,,
E4,214,0.014848001301288605,1.8098958882074507,0.9828390369103068,0.999883991534085,-1.200357497499753,0.07061861688271165,11.960476875305176,3.1424927711486816,0.7344611883163452,,,,,,,,
E4,218,0.01228800043463707,1.7863434887831173,0.9870806509954115,1.126890817073299,-1.1480774146667312,0.05851951468503103,12.07356071472168,3.1398229598999023,0.7479857802391052,,,,,,,,
E4,222,0.008191999047994614,1.700002224554145,1.00812158869609,0.9973524141702245,-1.0890679012407505,0.06842283753212541,12.172027587890625,3.141751766204834,0.761620819568634,,,,,,,,
E4,226,0.005119998008012772,2.154036552660049,0.9804563748812865,1.1917398715280552,-1.4552107218852532,0.043192514625843614,12.040377616882324,3.140300750732422,0.7751109004020691,,,,,,,,
E4,230,0.006143998354673386,2.280451316445593,0.8499896257879243,1.4198765414419459,-1.6994124201259442,0.07262426149100065,11.946438789367676,3.1363120079040527,0.7884931564331055,,,,,,,,
E4,234,0.0015359979588538408,1.772322646327435,0.9584466464935787,1.0804728674076831,-1.2088074057459062,0.0880060805939138,12.023077011108398,3.1355457305908203,0.8019610643386841,,,,,,,,
E4,238,0.0,1.6854145207575388,0.9873708399633566,1.0280196117376215,-1.1060476229149139,0.06098270241636783,12.046051979064941,3.1230297088623047,0.8154588341712952,,,,,,,,
E4,242,0.0,1.7653978207991237,0.9802189513686157,1.0268300945189461,-1.1610774914475366,0.07481496571563184,12.045160293579102,3.1186585426330566,0.8289549350738525,,,,,,,,
E4,246,0.0,1.9932688719459943,0.9629970232527407,1.122699816252536,-1.3402501440178307,0.08012805646285415,11.972257614135742,3.1261658668518066,0.8423675894737244,,,,,,,,
E4,250,0.0,1.7434501845448735,0.9968615795175234,1.0102323787703889,-1.1404761072129956,0.04156365018570796,12.029213905334473,3.118659019470215,0.8558424711227417,,,,,,,,
E4,254,0.0,1.785319320561867,0.9842421537235616,1.026710337097409,-1.1576299697256809,0.06825304357334971,12.091710090637207,3.12648868560791,0.869390606880188,,,,,,,,
E4,258,0.0,1.9675448029523803,1.0346040570783237,1.0196898306490603,-1.24982354987324,0.05088066856842488,11.99512004852295,3.1296000480651855,0.8828309178352356,,,,,,,,
E4,262,0.0,1.971899767953252,0.925843765900012,1.2990420504727147,-1.3592071443803548,0.051558636128902435,11.918172836303711,3.1271772384643555,0.8961855173110962,,,,,,,,
E4,266,0.0,2.037042897963335,0.8634755088696404,1.4071941315265957,-1.4546253164151004,0.1298541926080361,12.053695678710938,3.1399197578430176,0.909687876701355,,,,,,,,
E4,270,0.0,1.8459216314885352,0.9585825686180403,1.0956110059068218,-1.2427985639281807,0.08877954783383757,12.081108093261719,3.118659496307373,0.9232247471809387,,,,,,,,
E4,274,1.1641532182693481e-10,1.8730244803286733,0.9930251070726959,1.0498786266726345,-1.2361849201030084,0.07576145644998178,11.949661254882812,3.118659496307373,0.9366105794906616,,,,,,,,
E4,278,0.0005119999987073243,1.8135623626765751,0.9590365819869533,1.074612254249071,-1.1974868235096985,0.05672183202113956,11.950345039367676,3.118659496307373,0.9499971270561218,,,,,,,,
E4,282,1.1641532182693481e-10,2.0920061451338587,0.9109879904204891,1.19367194476315,-1.4410805923398584,0.09428901423234493,12.139424324035645,3.1383962631225586,0.9635955095291138,,,,,,,,
E4,286,0.0015360000543296337,1.9620311917766693,0.9122510380333378,1.1723936098947454,-1.347498200412485,0.07762977154925466,11.990477561950684,3.1186599731445312,0.9770306944847107,,,,,,,,
E4,290,0.0005119999987073243,1.8727595697319697,0.970933808279889,1.0640609970371893,-1.2727662613855615,0.06230509374290705,11.906593322753906,3.1304569244384766,0.9903683066368103,,,,,,,,
E4,294,0.0010239999974146485,1.8471634720289518,0.918037742021538,1.0995265301594983,-1.2490015477496421,0.088915083440952,11.685480117797852,3.1186599731445312,1.0034582614898682,,,,,,,,
E4,298,0.0,1.7538188958451861,1.1466345445563395,0.8915936225997423,-1.092822470753971,0.05222284418414347,12.044012069702148,3.1319994926452637,1.0169496536254883,,,,,,,,
E4,302,0.0005119999987073243,1.7448794622979467,0.9620113219651911,1.0695738445119516,-1.1548300887206717,0.08917653054231778,11.992247581481934,3.138154983520508,1.0303832292556763,,,,,,,,
E4,306,0.0,1.7606377972969933,0.9754975025970785,0.9634696255896741,-1.1738367860375474,0.08742507197894156,12.054610252380371,3.1186599731445312,1.046563982963562,,,,,,,,
E4,311,0.0,2.0243697731740893,0.8875573833014757,1.2463389022706717,-1.4120125192003177,0.09695424244273454,11.894918441772461,3.123124599456787,1.0598883628845215,,,,,,,,
E4,315,0.0,1.8171182305566849,0.9480729487443728,1.0638497372282976,-1.2238121714816237,0.10352423693984747,12.075589179992676,3.1186599731445312,1.0734151601791382,,,,,,,,
E4,319,0.0005119999987073243,1.694991668183652,0.9777572563006764,1.0279554957245935,-1.1133040209884741,0.079363361466676,11.967849731445312,3.1382555961608887,1.0868251323699951,,,,,,,,
E4,323,0.0030719998758286238,2.114491662631432,0.9021053263060157,1.2598538690510748,-1.501996628422704,0.07587140647228807,11.685928344726562,3.1369285583496094,1.099915623664856,,,,,,,,
E4,327,0.0,1.6381878867627135,1.0057817403641012,0.8659801862844633,-1.0351058967773699,0.08642258169129491,11.814018249511719,3.131380081176758,1.113153100013733,,,,,,,,
E4,331,0.0,1.6817611122710838,1.0167399941692277,0.8385786909762937,-1.0842097435582665,0.0944801241857931,12.103046417236328,3.1187124252319336,1.1267105340957642,,,,,,,,
E4,335,0.0,1.876175189302081,0.9672832256035199,0.9777385203807212,-1.2491535010621957,0.07300235889852047,12.038090705871582,3.119344711303711,1.1401960849761963,,,,,,,,
E4,339,0.0010240001138299704,1.7164885396403926,0.9700637591027078,0.8752400810732993,-1.1216941956829811,0.1464095562696457,12.033905982971191,3.124014377593994,1.1536762714385986,,,,,,,,
E4,343,0.0,1.7759396050657545,0.995638424441928,0.8569525773428491,-1.1596212689358267,0.11940427008084953,11.889774322509766,3.1361851692199707,1.1669948101043701,,,,,,,,
E4,347,0.0,1.6876881907856653,1.0560385581874658,0.734179423176753,-1.0401367284560812,0.06618316599633545,11.974187850952148,3.1186633110046387,1.1804081201553345,,,,,,,,
E4,351,0.0010239999974146485,1.989310434945519,0.9324604442254418,1.0364556588274219,-1.3444507872844706,0.0877031822456047,12.077220916748047,3.1320033073425293,1.1939367055892944,,,,,,,,
E4,355,0.0,1.6935476615788445,1.0259681306483726,0.8212020999001367,-1.0908162068457357,0.08135248580947518,11.979781150817871,3.118663787841797,1.2073566913604736,,,,,,,,
E4,359,0.0,1.609454801394826,1.0575697757303715,0.660855314322511,-0.996709642744261,0.09372435254044831,11.95012378692627,3.118663787841797,1.2207441329956055,,,,,,,,
E4,363,0.0,1.6430899194545217,1.0033475486413828,0.8122633626309237,-1.0476516021105151,0.09700414538383484,11.912734031677246,3.118663787841797,1.23408842086792,,,,,,,,
E4,367,0.0005119999987073243,1.8427578735919226,0.9593896819426427,0.9712828419782888,-1.2377071266417348,0.1320460872957483,12.013618469238281,3.139254093170166,1.2475504875183105,,,,,,,,
E4,371,0.0005119999987073243,1.6725059865959107,1.0139909089794235,0.8451734300174597,-1.0733708812345175,0.07784416212234646,11.959105491638184,3.12558650970459,1.2609494924545288,,,,,,,,
E4,375,0.0015360000543296337,1.9612417623755478,0.9733702119380708,0.9402792421239081,-1.3162086237746748,0.07076036208309233,11.936890602111816,3.118664264678955,1.2743251323699951,,,,,,,,
E4,379,0.0010239999974146485,1.7445117755541726,0.9690061278404698,0.8506300928376949,-1.1570280842032166,0.14194063935428858,11.952810287475586,3.12808895111084,1.2877144813537598,,,,,,,,
E4,383,0.0005119999987073243,1.5992914526945068,0.9852024735439391,0.8578827691598059,-1.0365009017081723,0.11346723651513457,11.998740196228027,3.120656967163086,1.3011723756790161,,,,,,,,
E4,387,0.0015360000543296337,1.7037453429684752,0.9953490767687087,0.8692540158204901,-1.1194493616709398,0.06496289861388505,11.962488174438477,3.121835708618164,1.314582109451294,,,,,,,,
E4,391,0.0005119999987073243,1.848365728935552,0.9254414191144327,1.0342059544619229,-1.2611613647480096,0.11467344717433055,11.887535095214844,3.128939151763916,1.3279017210006714,,,,,,,,
E4,395,0.0005119999987073243,1.8468518857031115,0.9969501779784286,0.9038373246205165,-1.2105288719943177,0.0979613265953958,12.07296371459961,3.126070022583008,1.3414264917373657,,,,,,,,
E4,399,0.0,1.7235481086231412,1.0008393651731904,0.7858973999452123,-1.1050403893422631,0.10404259781353176,12.058152198791504,3.1186647415161133,1.354933738708496,,,,,,,,
E4,403,0.0015360000543296337,1.681026210624074,1.003990522600592,0.7942149248182663,-1.0926004653511983,0.10092579200863838,12.114999771118164,3.123772621154785,1.3685146570205688,,,,,,,,
E4,407,0.0,1.8370129775906365,0.9820120184431,0.9702474695018757,-1.2071819359728593,0.06801401427946985,11.904943466186523,3.1323938369750977,1.3846784830093384,,,,,,,,
E4,411,0.0005119999987073243,1.7506533200660395,0.9975656281624522,0.8018312593157501,-1.1197887491286984,0.1262662127846852,12.095099449157715,3.1186647415161133,1.3982272148132324,,,,,,,,
E4,415,0.0005119999987073243,1.7612643578341083,0.977325394099194,0.8141628396002325,-1.1476667273700947,0.09823270153719932,12.033086776733398,3.119842529296875,1.4117112159729004,,,,,,,,
E4,419,0.0005119999987073243,1.9295903255069067,1.0283819947036958,0.9289637927640119,-1.2931128765293767,0.08127875425270759,12.076677322387695,3.1187453269958496,1.4252429008483887,,,,,,,,
E4,423,0.0010239999974146485,1.7519368419335002,0.9406594174012305,0.8653462704604686,-1.172614935099975,0.11889688321389258,11.911859512329102,3.1345129013061523,1.4385863542556763,,,,,,,,
E4,427,0.0,1.8179738301902064,1.005976369338376,0.9001975363231639,-1.1807465756326796,0.07307093706913292,12.083003997802734,3.1199140548706055,1.452121376991272,,,,,,,,
E4,431,0.0005120001151226461,2.0218143902482493,0.9160949641040393,1.0538972229974817,-1.39266431233975,0.08362394629511982,12.083358764648438,3.1196703910827637,1.4656612873077393,,,,,,,,
E4,436,0.0015360000543296337,1.8948577735277394,0.9574994361471563,0.9473192214187401,-1.2764483743443316,0.10794569610152394,12.083056449890137,3.125683307647705,1.4792014360427856,,,,,,,,
E4,440,0.002047999994829297,1.7768413633226403,0.9609028559828562,0.9368145817459853,-1.1868412469251317,0.12330284877680242,12.003767967224121,3.1340184211730957,1.492647409439087,,,,,,,,
E4,444,0.0005120001151226461,1.9102756945741555,0.964667931021679,0.9424738936306937,-1.2794629866626883,0.09355978178791702,11.639505386352539,3.1355247497558594,1.5056859254837036,,,,,,,,
E4,448,0.0,1.7626766269760472,0.9724674562494906,0.8700143277728513,-1.1802736311626163,0.12950324884150177,11.747520446777344,3.1269216537475586,1.5188448429107666,,,,,,,,
E4,452,0.0,1.634325852706319,1.0213141472093643,0.7528410260565579,-1.0275887751449195,0.11015616334043443,12.02132797241211,3.122762680053711,1.532310962677002,,,,,,,,
E4,456,0.0005119999987073243,1.8011889979243279,0.9607595688116456,0.9601175122802625,-1.1855051663781826,0.09266442914182942,11.949357986450195,3.1235594749450684,1.5456979274749756,,,,,,,,
E4,460,0.0,1.968565339725169,0.9383911083023699,1.0172744925940103,-1.3574227124437808,0.06033990776631981,11.967225074768066,3.1418118476867676,1.55910325050354,,,,,,,,
E4,464,0.0005120001151226461,1.9566804739602266,0.950255882231489,1.0455500763222407,-1.3088125184451835,0.09414035046938807,11.86699390411377,3.137485980987549,1.5723965167999268,,,,,,,,
E4,468,0.0,1.8421482709901673,0.979667125654126,0.8858920430083439,-1.233762728479055,0.11344606045167893,11.938013076782227,3.1186676025390625,1.5857869386672974,,,,,,,,
E4,472,0.0,1.843604681333379,0.9141465644278224,0.9918205955156139,-1.259167796394433,0.09799354302231222,11.93875503540039,3.129154682159424,1.5991687774658203,,,,,,,,
E4,476,0.0005120001151226461,1.8307180334296491,0.9698918271987211,0.9553680186257211,-1.227439858180116,0.08577373181469738,11.901308059692383,3.131962299346924,1.6125001907348633,,,,,,,,
E4,480,0.0005119999987073243,1.9030709927162481,0.9542528774057116,1.0041312724560387,-1.3040188771731678,0.07329234154894948,11.810004234313965,3.118668556213379,1.6257295608520508,,,,,,,,
E4,484,0.0,1.893427958386758,0.9538672789339981,0.9399324793980193,-1.2869015943133346,0.14327686955220997,11.959550857543945,3.13942813873291,1.639131784439087,,,,,,,,
E4,488,0.0,1.664909548880089,0.9905513871520285,0.8760056550086323,-1.0669484314737872,0.1121191376587376,11.905430793762207,3.118668556213379,1.652471899986267,,,,,,,,
E4,492,0.0010239999974146485,1.7924855127043666,0.965920832067255,0.9576855523984379,-1.187370843359358,0.07176373933907598,12.006945610046387,3.1187191009521484,1.6659218072891235,,,,,,,,
E4,496,0.0005119999987073243,1.8468345989665342,0.9275187623524477,0.9505744494059916,-1.271467077957895,0.1338188461959362,11.898818969726562,3.1218156814575195,1.6792504787445068,,,,,,,,
E4,500,0.0025599999353289604,2.053463442280652,0.9020731796229643,1.066378013880701,-1.4368441475976614,0.10637003905139863,11.603752136230469,3.140815258026123,1.6922541856765747,,,,,,,,
E4,504,0.0005120001151226461,1.9349641289621118,0.9267704958717028,1.03140679283985,-1.328496014806516,0.13466750620864332,11.849668502807617,3.138136863708496,1.705532431602478,,,,,,,,
E4,508,0.0005119999987073243,1.7932645171762458,0.9524366963832152,0.9075491360437348,-1.198780382022498,0.13599939976120368,11.961522102355957,3.1186704635620117,1.7217899560928345,,,,,,,,
E4,512,0.0,1.73678476345681,0.9520463565039257,0.8081788870318334,-1.1605920010479167,0.15271743841003627,12.032111167907715,3.120863437652588,1.7352787256240845,,,,,,,,
E4,516,0.002047999994829297,1.7847346466566836,0.927019132212514,0.9988696857758644,-1.197396280386278,0.12965894467197359,12.009794235229492,3.1332578659057617,1.7487778663635254,,,,,,,,
E4,520,0.0,1.8461142241186093,0.9599593619387301,0.9241706222352205,-1.2340268033726642,0.11189329375823338,11.902594566345215,3.130100727081299,1.7621344327926636,,,,,,,,
E4,524,0.0010240001138299704,1.9587403610940017,0.9697026153287244,1.0146550023511274,-1.3140327365004592,0.0959167123073712,12.023042678833008,3.1262435913085938,1.775601863861084,,,,,,,,
E4,528,0.0010240001138299704,1.8015616527270704,0.9322978433162447,0.8987408092648569,-1.2220093375737113,0.11744220950640738,10.902395248413086,3.123168468475342,1.787855863571167,,,,,,,,
E4,532,0.002047999994829297,2.069918680226519,0.8565057265084415,1.1745660166923346,-1.475340085505094,0.12072500085923821,11.970351219177246,3.139871120452881,1.8013067245483398,,,,,,,,
E4,536,0.0005120001151226461,1.787562254934557,0.9603063533348697,0.883480087019948,-1.1860596586207284,0.15310317475814372,11.667101860046387,3.118673324584961,1.814424991607666,,,,,,,,
E4,540,0.0005119999987073243,1.8365375489469558,0.914259140808431,0.9857823751004997,-1.2678315098441781,0.10537072026636451,11.90459156036377,3.118673324584961,1.8277597427368164,,,,,,,,
E4,544,0.0,1.8147504621791462,0.9916648232038059,0.8492329616808513,-1.185548398240898,0.13728123006876558,11.934844017028809,3.133063316345215,1.8411712646484375,,,,,,,,
E4,548,0.0005119999987073243,1.693605800528848,0.938855880605323,0.9056677916921231,-1.1176543629835434,0.16453909524716437,11.780402183532715,3.123478889465332,1.8543673753738403,,,,,,,,
E4,552,0.0010239999974146485,1.9000344986598643,0.954275774045123,0.9427275485706641,-1.277992842584065,0.09816027723718435,11.878097534179688,3.1350321769714355,1.8677202463150024,,,,,,,,
E4,556,0.0,1.7678346532204794,1.0043719191518095,0.7879369128286949,-1.1370121768365304,0.11301946523599327,11.81992244720459,3.1223249435424805,1.8809601068496704,,,,,,,,
E4,561,0.0,1.715863476196925,0.9259026839383064,0.8114251465633956,-1.143979196817363,0.16623312374576926,11.92397689819336,3.1430139541625977,1.8943580389022827,,,,,,,,
E4,565,0.0010240001138299704,1.5635338927663507,1.0218002939271549,0.7836519073375237,-0.986437326269446,0.07578075397759676,11.700636863708496,3.1376566886901855,1.9075065851211548,,,,,,,,
E4,569,0.0005119999987073243,1.7099005270098884,0.9786423740997201,0.8406849794242698,-1.1117763545064787,0.13553676358424127,11.878210067749023,3.140557289123535,1.920815348625183,,,,,,,,
E4,573,0.0,1.8038057010798227,0.980263835794869,0.9248782337657107,-1.2020897059220939,0.08049598580691963,11.967347145080566,3.1309590339660645,1.934220790863037,,,,,,,,
E4,577,0.0,1.9189072362487278,0.9455089802365928,1.0194029336058492,-1.2890610077957962,0.09128355979919434,12.040604591369629,3.135213851928711,1.9477092027664185,,,,,,,,
E4,581,0.0010240001138299704,1.854323977367982,0.9479022874009042,0.9039560003282586,-1.26165627820846,0.1266842712648213,11.988115310668945,3.135533332824707,1.9611380100250244,,,,,,,,
E4,585,0.0005119999987073243,1.7119275816967563,0.9893035353530967,0.8117018881091622,-1.1075308327175055,0.12423963937908411,11.865922927856445,3.122283458709717,1.9744338989257812,,,,,,,,
E4,589,0.002047999994829297,1.8492052325062336,0.9750571389874768,0.8915361567685353,-1.2275576378691881,0.07403931871522218,11.96259593963623,3.1334452629089355,1.9878336191177368,,,,,,,,
E4,593,0.0010240001138299704,1.6942757383461982,0.967941290920689,0.875581204404693,-1.1001524237328253,0.13468972372356802,11.9423828125,3.1290102005004883,2.0012145042419434,,,,,,,,
E4,597,0.0010239999974146485,1.8632227669632624,0.8753473356602683,1.0347164020901407,-1.2983903345644534,0.14256379194557667,12.012991905212402,3.1350584030151367,2.0146782398223877,,,,,,,,
E4,601,0.0,1.9860289381255234,0.9387931402565705,1.0353906264306227,-1.3521337670658433,0.09337947843596339,11.851790428161621,3.1393074989318848,2.0279541015625,,,,,,,,
E4,605,0.0005119999987073243,1.850298180821396,0.9379728692509826,0.9640879489398048,-1.2560983612553203,0.09713575360365212,12.123703002929688,3.1186747550964355,2.041534900665283,,,,,,,,
E4,609,0.0005119999987073243,1.8423458566031758,0.933544070356422,0.923898859317901,-1.2456163688237587,0.14073711610399187,11.965188980102539,3.1373047828674316,2.0577707290649414,,,,,,,,
E4,613,0.0015360000543296337,1.9099711577393232,0.9088951655264411,1.0410939488462658,-1.3310387841895193,0.11921661510132253,12.122560501098633,3.125145435333252,2.0713517665863037,,,,,,,,
E4,617,0.002047999994829297,1.870269008335613,0.8898627318382736,1.1562201582493066,-1.306452188371045,0.09015442582312971,11.91516399383545,3.138411521911621,2.0847020149230957,,,,,,,,
E4,621,0.0035840000491589308,1.8707293609955482,0.9320506545168067,1.074164678196687,-1.2891286221658071,0.21247987472452223,12.103836059570312,3.1516060829162598,2.098259925842285,,,,,,,,
E4,625,0.0005119999987073243,1.6975121381618674,0.9310022621519036,0.8776809734000421,-1.1446395373038416,0.10221760661806911,11.942296981811523,3.1281790733337402,2.1116414070129395,,,,,,,,
E4,629,0.0005119999987073243,1.7209722967374892,0.9436926095495148,0.8827046018038223,-1.154492274810013,0.13817302137613297,11.992619514465332,3.1329569816589355,2.125074863433838,,,,,,,,
E4,633,0.0010239999974146485,1.8396706270674865,0.9051067761130749,1.0625437945405494,-1.2716539039623938,0.12184621091000736,11.877877235412598,3.1311569213867188,2.138380527496338,,,,,,,,
E4,637,0.0,1.8912602255623492,0.9282894929250082,0.9836265399996469,-1.2929737503873184,0.12608861655462533,11.871197700500488,3.140561103820801,2.1516783237457275,,,,,,,,
E4,641,0.0005119999987073243,1.9100973286207705,0.8821255471853037,1.065469005951352,-1.3407060114541165,0.12811412941664457,11.945353507995605,3.1186776161193848,2.165065288543701,,,,,,,,
E4,645,0.0005119999987073243,1.9143691572050254,0.921553047935641,1.0746634969724091,-1.3343888908506385,0.11210564314387739,11.899946212768555,3.118678092956543,2.1783952713012695,,,,,,,,
E4,649,0.0,2.0060357396446524,0.9147477866933932,1.104637791402638,-1.3908670339474662,0.13264518355329832,11.786221504211426,3.139740467071533,2.191601514816284,,,,,,,,
E4,653,0.0010239999974146485,1.8268998434382773,0.9574951113807777,0.9797812263453518,-1.2249530792968082,0.09273211087565869,11.98166275024414,3.122720718383789,2.2050230503082275,,,,,,,,
E4,657,0.0010240001138299704,1.8959933741106874,0.8890481033022442,1.043266764313761,-1.3238101542967977,0.15199918823782355,12.056912422180176,3.125239372253418,2.218531847000122,,,,,,,,
E4,661,0.002047999994829297,2.136730951685754,0.8504050747742729,1.1362224049803649,-1.5288176788368248,0.11815890995785594,11.9998140335083,3.129655361175537,2.23197865486145,,,,,,,,
E4,665,0.002047999994829297,1.8384712188253327,0.9690851982505548,0.891875217828566,-1.2320779341103008,0.13088960541062988,11.944812774658203,3.132932662963867,2.245358943939209,,,,,,,,
E4,669,0.0025599999353289604,1.935529462401829,0.8539754297170374,1.089569712683225,-1.37600117503658,0.16033866698853672,12.015247344970703,3.1428093910217285,2.2588186264038086,,,,,,,,
E4,673,0.0035840000491589308,2.046255894537483,0.8581452681017774,1.1268447108372157,-1.4561793497423567,0.1265868121990934,12.012662887573242,3.1379189491271973,2.2722787857055664,,,,,,,,
E4,677,0.004608000162988901,1.867962845379398,0.8981199969374944,1.089949976499957,-1.315282529767876,0.1442125327885151,12.00998306274414,3.1398606300354004,2.285735607147217,,,,,,,,
E4,681,0.006144000682979822,1.9659384369613633,0.8712772219367917,1.0878955499380272,-1.3980878395183634,0.11590722249820828,11.903202056884766,3.138986110687256,2.299078941345215,,,,,,,,
E4,686,0.005632000509649515,1.9121720207234223,0.8593557777681521,1.087827320266237,-1.3725095301005428,0.13563231518492103,12.01130485534668,3.140117645263672,2.3125336170196533,,,,,,,,
E4,690,0.006656000856310129,1.8856563039478802,0.9315969254821539,1.0722963605944846,-1.294763917731683,0.14846864459104836,11.940911293029785,3.1408286094665527,2.3259098529815674,,,,,,,,
E4,694,0.00870400108397007,1.841339868212503,0.8967426496129187,1.0826882150566288,-1.2923730501446813,0.13558953267056495,12.043800354003906,3.1409525871276855,2.3394010066986084,,,,,,,,
E4,698,0.009216001257300377,1.8931419287645628,0.89751005562998,1.0818079523498942,-1.3261819839115359,0.09988933894783258,11.888755798339844,3.144742965698242,2.3527185916900635,,,,,,,,
E4,702,0.00870400108397007,1.9745594284955472,0.8839259990860545,1.0978495716256327,-1.3916796571722934,0.13632834143936634,11.835095405578613,3.1382570266723633,2.365976095199585,,,,,,,,
E4,706,0.010240001603960991,1.9739997896055381,0.8534840515681675,1.2528421496416429,-1.4296477382470454,0.12044761376455426,11.724138259887695,3.1396474838256836,2.3791093826293945,,,,,,,,
E4,710,0.008192000910639763,2.132543905830336,0.8705328720961771,1.1872303974397702,-1.524941845787763,0.13321350992191583,11.958765983581543,3.1420726776123047,2.395357608795166,,,,,,,,
E4,714,0.007168000563979149,1.8131235895294047,0.8819736187893247,1.088521574313442,-1.278358156382594,0.17762262281030416,11.814826965332031,3.1403722763061523,2.408595085144043,,,,,,,,
E4,718,0.006656000390648842,1.7979416791645308,0.8735212775922957,1.0544942648970146,-1.2498952056214745,0.13898009923286736,12.042594909667969,3.140833854675293,2.4220848083496094,,,,,,,,
E4,722,0.005632000043988228,1.8076516038605146,0.9018531975351156,0.9888082428612927,-1.2660953452596293,0.16368760587647557,11.992435455322266,3.1400861740112305,2.4355242252349854,,,,,,,,
E4,726,0.0035839995834976435,1.8741886900767448,0.9049190139131886,1.0231152758586095,-1.2981964870474287,0.12486633472144604,11.969663619995117,3.1420512199401855,2.448936939239502,,,,,,,,
E4,730,0.0,1.6819485032132693,1.003860995794336,0.8702162990221448,-1.084276265841687,0.1241145288804546,11.940264701843262,3.134493350982666,2.4623165130615234,,,,,,,,
E4,734,0.0005119999987073243,1.9011960840887494,0.8862518581251303,1.0255125560936755,-1.3252276017992122,0.13924191461410373,12.054503440856934,3.1230907440185547,2.4758200645446777,,,,,,,,
E4,738,0.0,1.9334945756173323,0.8986432476649209,1.1030818848147876,-1.3692832009105513,0.10770732932724059,12.044008255004883,3.133026123046875,2.489311456680298,,,,,,,,
E4,742,0.004095999989658594,2.3342638337127273,0.7852184698429137,1.4023068377178218,-1.7200652969823707,0.09566126391291618,12.05150032043457,3.1386566162109375,2.5028157234191895,,,,,,,,
E4,746,0.004095999989658594,1.9893706471674026,0.9005343102155223,1.1331389427407463,-1.4152086929950332,0.15362037101294845,11.967413902282715,3.138514518737793,2.5162224769592285,,,,,,,,
E4,750,0.007680001202970743,1.9520494430252011,0.846918900896396,1.1791849496788276,-1.410986770206826,0.1338110137730837,12.034868240356445,3.1390466690063477,2.5297036170959473,,,,,,,,
E4,754,0.006656000390648842,1.914158929967218,0.8808776335938583,1.142411817330867,-1.357790233393658,0.13831800711341202,12.029422760009766,3.1420912742614746,2.5431785583496094,,,,,,,,
E4,758,0.005632000043988228,1.8501266307300992,0.859736948259293,1.0826802797017814,-1.3160326626735726,0.17561182659119368,12.010936737060547,3.1361289024353027,2.556633234024048,,,,,,,,
E4,762,0.005632000043988228,1.9241909905381145,0.9095760086580874,1.0878156331270488,-1.3484075923176808,0.17640034737996757,11.872162818908691,3.1413674354553223,2.5699620246887207,,,,,,,,
E4,766,0.00307199964299798,1.7530726341028062,0.9552570353188212,0.971031315381458,-1.1563016490655995,0.11164434789679945,11.952147483825684,3.1398978233337402,2.583350658416748,,,,,,,,
E4,770,0.0020479997619986534,1.8342815544751903,0.88823491329002,1.0459649618541293,-1.285027316525682,0.14311443292535841,11.962599754333496,3.1387667655944824,2.5967509746551514,,,,,,,,
E4,774,0.0010239998809993267,1.924937600654269,0.8463926190539958,1.081605335384774,-1.374586592940244,0.1893498047720641,12.07150650024414,3.141033172607422,2.6102750301361084,,,,,,,,
E4,778,0.0010239998809993267,1.8685670845683604,0.8502456231841019,1.0821511789831813,-1.3335515657284607,0.1837194599211216,11.844615936279297,3.1326794624328613,2.6235477924346924,,,,,,,,
E4,782,0.0,1.7501720255684285,0.9473262773383231,0.9591909302885074,-1.1740487464648184,0.12041123362723738,12.140456199645996,3.1187491416931152,2.6371469497680664,,,,,,,,
E4,786,0.0,2.078528807749824,0.8768176177427882,1.1406733332855155,-1.478343604805155,0.1432022568769753,12.046849250793457,3.1382479667663574,2.6506459712982178,,,,,,,,
E4,790,0.0010239999974146485,1.964556148423562,0.8076949657074043,1.161038247020498,-1.4236437166312945,0.19005585880950093,12.000079154968262,3.122795581817627,2.6640994548797607,,,,,,,,
E4,794,0.0005119999987073243,1.9149531287451584,0.9027219043660258,1.088580245033963,-1.3380162126628594,0.10583919944474474,11.846452713012695,3.1355981826782227,2.6791141033172607,,,,,,,,
E4,798,0.002047999994829297,1.9703468377036708,0.7916257481371599,1.170890556130586,-1.4499795261460047,0.1752887403126806,11.95293140411377,3.1338906288146973,2.6925036907196045,,,,,,,,
E4,802,0.0030720001086592674,2.017957526273907,0.8578702289138048,1.284106976387383,-1.429198426704499,0.11720549094025046,11.941773414611816,3.140434741973877,2.705880641937256,,,,,,,,
E4,806,0.004095999989658594,1.9853628590584746,0.8933912616755281,1.109135311152508,-1.3913831388400424,0.1464491814840585,12.036054611206055,3.1421194076538086,2.7193763256073,,,,,,,,
E4,810,0.006144000682979822,2.1204862588100015,0.7974504327904137,1.3575888111033658,-1.578083174975796,0.12131605425383896,11.886192321777344,3.1389670372009277,2.735595464706421,,,,,,,,
E4,815,0.007680000737309456,1.891812246351961,0.8357216049103983,1.1523403455746541,-1.3618771199558286,0.2236020618584007,11.88410472869873,3.148784637451172,2.7489078044891357,,,,,,,,
E4,819,0.006656000390648842,1.7986251002266294,0.8427852566634851,1.055405858066628,-1.2933697077327422,0.21531666116788983,12.049708366394043,3.1385059356689453,2.7624056339263916,,,,,,,,
E4,823,0.004607999697327614,1.855255458149172,0.8801237141329145,1.0794460122306735,-1.3037507258584753,0.1584218768402934,11.97104263305664,3.1378073692321777,2.775820016860962,,,,,,,,
E4,827,0.0035839995834976435,1.8903433371276137,0.8955298235551232,1.0200627954162436,-1.3253353953413252,0.14972267113626003,11.8971586227417,3.167815685272217,2.789149761199951,,,,,,,,
E4,831,0.0020479997619986534,2.0719821293143528,0.826699682555738,1.2647469049291824,-1.4981966423986863,0.12786009488627315,12.026510238647461,3.1356639862060547,2.802621364593506,,,,,,,,
E4,835,0.0020479997619986534,1.9382209420085899,0.844558939101204,1.1343575854257528,-1.4062287939383487,0.16961102001369,12.065415382385254,3.1426143646240234,2.8161368370056152,,,,,,,,
E4,839,0.00307199964299798,1.9031209040374037,0.8564450975270972,1.1466925823088012,-1.3561980940885694,0.15820447751320899,11.806792259216309,3.1367616653442383,2.829362630844116,,,,,,,,
E4,843,0.005119999870657921,1.9766367919861325,0.8341954879699245,1.1788792789024725,-1.407304497984504,0.1718286502485474,11.7953519821167,3.1389994621276855,2.8425838947296143,,,,,,,,
E4,847,0.007680000737309456,2.159939924994158,0.7842662792120662,1.3618967152311843,-1.6268013529368632,0.165467168437317,11.96816635131836,3.1374292373657227,2.855990171432495,,,,,,,,
E4,851,0.009728001430630684,1.9079607110766192,0.9163531207789978,1.026866504866908,-1.3500151495035324,0.1624327478930354,12.006438255310059,3.141201972961426,2.869443893432617,,,,,,,,
E4,855,0.011776002123951912,1.91412884127053,0.8104491612267872,1.2156590751316676,-1.3920039840408467,0.17373985704034567,12.043045043945312,3.14564847946167,2.882936477661133,,,,,,,,
E4,859,0.011776002123951912,2.0218648767719665,0.8748265769155252,1.2292913551956637,-1.4559302770510494,0.12040541600435972,11.899984359741211,3.1622729301452637,2.8962748050689697,,,,,,,,
E4,863,0.011264001950621605,1.8490675647580435,0.8357629407019842,1.173032324754202,-1.3312445252095275,0.16784621658734977,12.050140380859375,3.1421408653259277,2.9097726345062256,,,,,,,,
E4,867,0.013312002643942833,1.9210976530753432,0.8586967651924443,1.1726094186653508,-1.3766553268531367,0.14535347395576537,11.869418144226074,3.1396851539611816,2.9230709075927734,,,,,,,,
E4,871,0.013312002643942833,2.1161287479575663,0.8004430553742817,1.3021766728992616,-1.551635081203477,0.12110191630199552,11.959224700927734,3.139218807220459,2.936467409133911,,,,,,,,
E4,875,0.014336002990603447,2.0126614653401904,0.8050957217457748,1.2699260011370948,-1.4850561780012435,0.18415483483113348,11.853468894958496,3.1414437294006348,2.94974946975708,,,,,,,,
E4,879,0.012800002470612526,1.8926957199379566,0.8344275549290672,1.159036342158858,-1.3701142388329441,0.1854043724015355,12.057134628295898,3.1403274536132812,2.9632556438446045,,,,,,,,
E4,883,0.01382400281727314,1.9685427865811758,0.880557718317187,1.0824158903621415,-1.388724407916593,0.14484039694070816,12.037810325622559,3.1431570053100586,2.9767448902130127,,,,,,,,
E4,887,0.012800002470612526,1.940353879025058,0.8799406824603914,1.0785976889015023,-1.3656908825246825,0.17678065388463438,11.988441467285156,3.1382150650024414,2.9901740550994873,,,,,,,,
E4,891,0.01382400281727314,1.9068789852280466,0.8172035093995786,1.2025804858891043,-1.3874480148614754,0.18027986865490675,12.079180717468262,3.1459202766418457,3.003754138946533,,,,,,,,
E4,895,0.013312002643942833,1.8382785063650873,0.8773253782992325,1.1055061687896055,-1.2946610755863643,0.1893767116125673,12.018074035644531,3.1416358947753906,3.017216444015503,,,,,,,,
E4,899,0.014336002990603447,1.8856848813593388,0.8475728628654329,1.211067445576191,-1.3501065211954513,0.10511831589974463,12.150243759155273,3.141709327697754,3.030827045440674,,,,,,,,
E4,903,0.018432004377245903,2.119810575767169,0.8360608301701999,1.277903803137701,-1.5720687247202954,0.15370254253502935,12.027996063232422,3.141474723815918,3.0443084239959717,,,,,,,,
E4,907,0.02048000507056713,1.9204576686024666,0.8128434495320396,1.2146439587020061,-1.3923170275058567,0.1859606777628263,11.92785930633545,3.1404995918273926,3.0576729774475098,,,,,,,,
E4,911,0.019968004897236824,1.9309616592077037,0.833174029779103,1.2099584668054622,-1.4092490690213346,0.16971318563446403,11.968844413757324,3.1434388160705566,3.0739712715148926,,,,,,,,
E4,915,0.020992005243897438,1.8860610519491492,0.8232395214339098,1.1297427932731807,-1.384097563967641,0.17633672012016177,11.82803726196289,3.141246795654297,3.0872225761413574,,,,,,,,
E4,919,0.01894400455057621,1.8647896777247153,0.9153998572793272,1.0889552050346591,-1.2819030706600716,0.11484807927627116,12.079083442687988,3.148385524749756,3.1007566452026367,,,,,,,,
E4,923,0.019968004897236824,1.861542556967054,0.8417534112693772,1.1123358273197577,-1.3525781307761218,0.1740951098036021,11.950455665588379,3.140225887298584,3.114147186279297,,,,,,,,
E4,927,0.021504005417227745,1.9309865675038762,0.8311592284590006,1.2565749890393396,-1.3810690277540643,0.16615204536356032,11.980132102966309,3.167178153991699,3.1275670528411865,,,,,,,,
E4,931,0.02252800576388836,1.981840642583039,0.8642944176163938,1.2377586467400081,-1.4255901288263322,0.17627775063738227,11.830876350402832,3.1427459716796875,3.140819787979126,,,,,,,,
E4,935,0.023552006110548973,1.865706615711725,0.8125540157040906,1.1820238512634897,-1.3712148721947053,0.18263926380313933,12.008938789367676,3.1431069374084473,3.1542716026306152,,,,,,,,
E4,940,0.023040005937218666,1.9374490107690532,0.8071632205789524,1.3004997251694328,-1.4220462731078327,0.13842302665580064,11.802268981933594,3.145451068878174,3.167492389678955,,,,,,,,
E4,944,0.024576006457209587,2.0158546975562497,0.8086028416005392,1.2679926380758355,-1.4833500108807274,0.20084482291713357,11.94170093536377,3.14394474029541,3.1808691024780273,,,,,,,,
E4,948,0.025088006630539894,1.9244341736748105,0.8297345852331509,1.1831655081973147,-1.3974148656115941,0.14729402225930244,11.852371215820312,3.1641135215759277,3.194145917892456,,,,,,,,
E4,952,0.024576006457209587,1.9729543984054574,0.8659824688164961,1.2427812480687428,-1.4091354965136225,0.17258236440829933,12.008612632751465,3.140150547027588,3.2075979709625244,,,,,,,,
E4,956,0.0256000068038702,1.8524520962484299,0.8244192377324142,1.1301101892283048,-1.3509739584562974,0.1755887269973755,11.894227027893066,3.1455535888671875,3.2209224700927734,,,,,,,,
E4,960,0.026112006977200508,1.8758630939419307,0.8373630823537944,1.12036452500094,-1.3551190600671348,0.198585920734331,12.068509101867676,3.1450743675231934,3.234440803527832,,,,,,,,
E4,964,0.027136007323861122,1.9982283972795047,0.8149931818572065,1.2882255387367374,-1.4512015312692033,0.12489620014093816,11.825019836425781,3.1403555870056152,3.2476868629455566,,,,,,,,
E4,968,0.027136007323861122,2.113905177466453,0.7991073336895733,1.355688565014514,-1.5953677410097231,0.11509826907422394,11.939892768859863,3.1582155227661133,3.2610628604888916,,,,,,,,
E4,972,0.02918400801718235,2.0990863360819363,0.8140221959837373,1.2969666640415336,-1.5561770882442711,0.1380546192328135,11.868926048278809,3.1814632415771484,3.274360179901123,,,,,,,,
E4,976,0.031744007021188736,2.0604012791244757,0.7737347389911375,1.3821590065455704,-1.5595615913976901,0.174150024773553,12.053454399108887,3.1431522369384766,3.2878623008728027,,,,,,,,
E4,980,0.031744007021188736,1.8833452283389984,0.8337748864340404,1.198891664194916,-1.3688949548698488,0.19835256622172892,12.142999649047852,3.1446313858032227,3.3014683723449707,,,,,,,,
E4,984,0.03584000840783119,2.0537779599664705,0.7820867450523471,1.365538565393315,-1.5573715319698085,0.1307593317469582,11.949877738952637,3.152061939239502,3.314859390258789,,,,,,,,
E4,988,0.03788800910115242,1.9271924400495157,0.8456422358987823,1.215117083035354,-1.3857168670640223,0.1589276718441397,11.961556434631348,3.1645703315734863,3.328258514404297,,,,,,,,
E4,992,0.03840000927448273,1.8614592127620229,0.7759543651389698,1.2031438240934331,-1.3916259265526951,0.23954917560331523,11.999783515930176,3.143683433532715,3.341700315475464,,,,,,,,
E4,996,0.040448009967803955,1.9689451108967502,0.8555690808339961,1.1781468183816926,-1.4167152633040494,0.16657207533717155,12.04667854309082,3.153498649597168,3.355196237564087,,,,,,,,
E4,1000,0.04147201031446457,1.9253421917794242,0.7955894029832312,1.2251065826919207,-1.423728754082399,0.22570498008280993,12.037164688110352,3.1431169509887695,3.368683338165283,,,,,,,,
E4,1004,0.04147201031446457,1.8402707500767612,0.8743918901161541,1.2095380829813986,-1.2986355996173289,0.11641652579419315,11.90135383605957,3.1432409286499023,3.3820149898529053,,,,,,,,
E4,1008,0.041984010487794876,1.9629311210342817,0.8155327671990981,1.1772575820518185,-1.431211047077788,0.17647697310894728,12.112504959106445,3.1462173461914062,3.395582675933838,,,,,,,,
E4,1012,0.044032011181116104,1.9142253453887643,0.8499985191793669,1.1909156024956435,-1.3751813220968914,0.15896417177282274,12.01498031616211,3.1531548500061035,3.411895751953125,,,,,,,,
E4,1016,0.04505601152777672,1.9489727843966749,0.809822295925447,1.2409653823280624,-1.4366226176110406,0.19147407892160118,12.075709342956543,3.147644519805908,3.425427198410034,,,,,,,,
E4,1020,0.044032011181116104,1.7843588562238784,0.8522384962628758,1.0885075745311803,-1.2910807744880755,0.19196585624013096,11.927661895751953,3.142518997192383,3.4387898445129395,,,,,,,,
E4,1024,0.04454401135444641,1.910781089748655,0.8053501682385565,1.2142112189208838,-1.410582535811478,0.19914975599385798,12.076602935791016,3.1560888290405273,3.452317714691162,,,,,,,,
E4,1028,0.045568011701107025,1.8672429552626988,0.8580944854470473,1.1396887586799576,-1.34120297037612,0.18039804557338357,12.008591651916504,3.142934799194336,3.4657695293426514,,,,,,,,
E4,1032,0.04454401135444641,1.822039214805478,0.8641250282230358,1.1214214020561595,-1.291967395689368,0.1712379464879632,12.123720169067383,3.1489109992980957,3.4793572425842285,,,,,,,,
E4,1036,0.04454401135444641,1.8049724686240394,0.8259746033757452,1.1536669272887097,-1.308937766766619,0.22535444299379984,11.890533447265625,3.1431703567504883,3.4926795959472656,,,,,,,,
E4,1040,0.04608001187443733,1.8510379439426794,0.8554466396038022,1.2250609782441004,-1.330615286778156,0.14531417307443917,12.044307708740234,3.146524429321289,3.506171464920044,,,,,,,,
E4,1044,0.04812801256775856,1.8222984246732223,0.8335549121219961,1.1622430670436528,-1.3076281082236194,0.1926442482508719,12.053550720214844,3.1620306968688965,3.519676923751831,,,,,,,,
E4,1048,0.049152012914419174,1.8629365095661745,0.8409639058841599,1.2013268281441571,-1.34021862057252,0.12908419920131564,11.969939231872559,3.155996799468994,3.5330851078033447,,,,,,,,
E4,1052,0.05017601326107979,1.954744439276438,0.8189455770429165,1.242068266485637,-1.440077639347504,0.16211355361156166,11.931196212768555,3.1482491493225098,3.546450138092041,,,,,,,,
E4,1056,0.050688013434410095,1.8614122279816203,0.8228803513542055,1.161618866582415,-1.3598534590490754,0.19889177661389112,11.903289794921875,3.1474318504333496,3.559783697128296,,,,,,,,
E4,1060,0.05171201378107071,1.9726981795614673,0.8317652179135216,1.2583225576498949,-1.4513617751321621,0.11217435856815428,12.057487487792969,3.144585132598877,3.5732903480529785,,,,,,,,
E4,1065,0.05273601412773132,2.1038580024171445,0.8005468270608357,1.2784488712986515,-1.552149470304213,0.15641721931751817,11.993546485900879,3.1573500633239746,3.586726188659668,,,,,,,,
E4,1069,0.05273601412773132,1.7977175454771708,0.8444812250220113,1.1128537868941897,-1.28942761852199,0.22670788457617164,11.937713623046875,3.152071475982666,3.6000986099243164,,,,,,,,
E4,1073,0.05324801430106163,1.8217425248216068,0.8569201254064128,1.0639896309420245,-1.304353738255385,0.18821442918851972,11.979759216308594,3.1583638191223145,3.613517999649048,,,,,,,,
E4,1077,0.0583680160343647,1.8783097289620885,0.8201933720755199,1.2946455060476576,-1.3705242877116515,0.13206897536292672,11.991315841674805,3.1507883071899414,3.62695050239563,,,,,,,,
E4,1081,0.0583680160343647,1.8452673686283922,0.8456105136327328,1.2198962975960614,-1.3444183598908166,0.1430993457324803,12.016921043395996,3.17087459564209,3.6404149532318115,,,,,,,,
E4,1085,0.0583680160343647,1.9498009109899166,0.8527206649915093,1.1922447702555514,-1.4183588896264574,0.14287612214684486,11.894718170166016,3.150320053100586,3.6537394523620605,,,,,,,,
E4,1089,0.05888001620769501,1.8120646124321318,0.8567257333724272,1.1234830030059415,-1.2951099989207697,0.18275182391516864,12.039722442626953,3.1487698554992676,3.6672260761260986,,,,,,,,
E4,1093,0.060928016901016235,1.8410673715055934,0.8122111398371912,1.1896687159106247,-1.3524703883033777,0.20524071087129414,12.009957313537598,3.154564380645752,3.6806793212890625,,,,,,,,
E4,1097,0.06195201724767685,1.848569585808686,0.8266165449564892,1.2200680862931508,-1.3448046118682546,0.19175371481105685,12.056680679321289,3.1516685485839844,3.6941888332366943,,,,,,,,
E4,1101,0.06195201724767685,1.757400562188455,0.8358797593899663,1.101700515634465,-1.2671290489379317,0.19605903762082258,11.825657844543457,3.1569933891296387,3.7074384689331055,,,,,,,,
E4,1105,0.062464017421007156,1.9024486989078542,0.8745022950073084,1.1759454456032878,-1.3616762784390992,0.10543571086600423,12.056374549865723,3.15213680267334,3.7209434509277344,,,,,,,,
E4,1109,0.06451200693845749,1.8748266180119817,0.8372388174609532,1.1403393380747024,-1.3579077773047463,0.16528277087491006,12.01076602935791,3.1587576866149902,3.7344014644622803,,,,,,,,
E4,1113,0.06963197141885757,1.933485894508305,0.8045804607608016,1.2831417581678104,-1.4249092633355527,0.17902036057785153,12.03566837310791,3.1682205200195312,3.7506563663482666,,,,,,,,
E4,1117,0.07065596431493759,1.8165449036492243,0.857923052672829,1.100641984728846,-1.3018989351241745,0.1795895209070295,11.91454029083252,3.1869101524353027,3.764002561569214,,,,,,,,
E4,1121,0.07014396786689758,1.8643027592509511,0.8040779703666293,1.2015705681892472,-1.3775064879732708,0.22922220546752214,12.020371437072754,3.1577935218811035,3.7774674892425537,,,,,,,,
E4,1125,0.06809598207473755,1.7707574191902364,0.8106110619883689,1.181855222828853,-1.2999836240141165,0.1896093152463436,12.07934284210205,3.1484642028808594,3.7910001277923584,,,,,,,,
E4,1129,0.06809598207473755,1.9167548909428573,0.7842886524186248,1.2569088372054384,-1.4380966624178524,0.1789969033561647,12.012280464172363,3.1492652893066406,3.8044581413269043,,,,,,,,
E4,1133,0.06809598207473755,1.840881770447133,0.8736799637535735,1.2232715421106055,-1.3038215026082027,0.14659024821594357,12.035909652709961,3.1548542976379395,3.8179404735565186,,,,,,,,
E4,1137,0.06963197141885757,1.9712396638083554,0.8393939692408793,1.3163051897548694,-1.438205039346709,0.10573251463938504,12.009400367736816,3.1615896224975586,3.831393003463745,,,,,,,,
E4,1141,0.07372794300317764,1.8938886729024706,0.8499819232476136,1.219251579236684,-1.3575786541822175,0.19530594698153436,12.04159927368164,3.143705368041992,3.844883680343628,,,,,,,,
E4,1145,0.07475193589925766,1.8844721751021487,0.8136507770608342,1.1424494449938856,-1.3965468525827405,0.2245440916158259,11.99809455871582,3.152283191680908,3.858323812484741,,,,,,,,
E4,1149,0.07577592879533768,1.834060893527099,0.7664985821715423,1.2078108447047868,-1.379401483338341,0.24432548973709345,11.941956520080566,3.1514716148376465,3.8717010021209717,,,,,,,,
E4,1153,0.07526393234729767,1.8107454102959424,0.860055965356647,1.198558288838353,-1.2953022948784074,0.1262284191325307,12.02163314819336,3.1502466201782227,3.885166883468628,,,,,,,,
E4,1157,0.07628792524337769,1.7862715951447923,0.8876545126919472,1.0546122251370393,-1.2633673669622532,0.18215425056405365,11.999190330505371,3.157904624938965,3.8986082077026367,,,,,,,,
E4,1161,0.07628792524337769,1.8201058753544377,0.834174349815363,1.1657354203261323,-1.3111996034064168,0.1627301174448803,12.00716495513916,3.170687198638916,3.9120583534240723,,,,,,,,
E4,1165,0.0773119181394577,1.8413654215160817,0.8243020045024062,1.2013734435436851,-1.3447299967409068,0.1557863506798943,11.860549926757812,3.1536154747009277,3.9253456592559814,,,,,,,,
E4,1169,0.07577592879533768,1.899347355086652,0.8494931606073228,1.172257687236224,-1.4020832562412593,0.17818258563056588,12.014439582824707,3.1565322875976562,3.9388039112091064,,,,,,,,
E4,1173,0.07782391458749771,1.8667220920915641,0.7826996967492122,1.2705747483909797,-1.3826155114497634,0.18333666655234993,11.9627685546875,3.15989351272583,3.9522180557250977,,,,,,,,
E4,1177,0.07884790748357773,1.8679167873388718,0.8630259403633693,1.1433377550157315,-1.333132479328751,0.18268159381113946,12.069100379943848,3.155144214630127,3.9657394886016846,,,,,,,,
E4,1181,0.08191988617181778,1.7728609032928944,0.7985243261570022,1.1653900453334314,-1.3046597247584797,0.21476586000062525,11.870623588562012,3.1795387268066406,3.979052782058716,,,,,,,,
E4,1185,0.0834558755159378,1.7611492518039922,0.9231024789254344,1.1459921447615793,-1.239663186874832,0.12317177024669945,12.094986915588379,3.168323516845703,3.9926013946533203,,,,,,,,
E4,1190,0.08550386130809784,1.7615035357811148,0.7968826553237344,1.1559427858246907,-1.2891249188096336,0.1925588466692716,11.98955249786377,3.1653103828430176,4.0060319900512695,,,,,,,,
E4,1194,0.08447986841201782,1.8042184051185373,0.815426911390017,1.1815967890294963,-1.3168350740997417,0.2182458674069494,12.120205879211426,3.1703906059265137,4.019608497619629,,,,,,,,
E4,1198,0.08447986841201782,1.812556781052124,0.9592207504643334,1.0052755837217529,-1.2479450434911996,0.14651664812117815,11.936113357543945,3.1681671142578125,4.032979965209961,,,,,,,,
E4,1202,0.08499186486005783,1.774686243030287,0.7902930440410735,1.2149673422256402,-1.3187272762288413,0.2132501876913011,11.941500663757324,3.1559972763061523,4.046356678009033,,,,,,,,
E4,1206,0.0890878364443779,1.8225914877321985,0.7997616537151828,1.2499257647293383,-1.3487582333193766,0.21885944600217044,12.017377853393555,3.1646804809570312,4.059818267822266,,,,,,,,
E4,1210,0.0890878364443779,1.778971444697134,0.8550344243763931,1.1326807509245935,-1.2798273169975136,0.15731869742739946,11.951597213745117,3.156393051147461,4.0732221603393555,,,,,,,,
E4,1214,0.09113582223653793,1.8707930375304487,0.8107018090843682,1.2269142288367139,-1.3720567425720334,0.1491517568938434,11.929409980773926,3.1531763076782227,4.089459419250488,,,,,,,,
E4,1218,0.08959983289241791,1.806439132621837,0.8421715318210541,1.1334905132873734,-1.3094109239847591,0.20278690429404378,12.002779960632324,3.156576633453369,4.102904796600342,,,,,,,,
E4,1222,0.09164781868457794,1.8290455510159807,0.8478745130437707,1.214628908685895,-1.319581306070119,0.11641876236535609,12.017011642456055,3.1656746864318848,4.116369724273682,,,,,,,,
E4,1226,0.08959983289241791,1.7745370146419321,0.8793980598390575,1.0742678926500089,-1.2625609536226543,0.1731279690284282,11.962944984436035,3.1505894660949707,4.129770278930664,,,,,,,,
E4,1230,0.09164781868457794,1.9183808326839455,0.8229267897882632,1.2589111984425196,-1.4094101536523786,0.14821867877617478,11.848525047302246,3.166440963745117,4.1430463790893555,,,,,,,,
E4,1234,0.09318380802869797,1.9498574837805733,0.8158048444560596,1.2790683307823962,-1.4417180835531789,0.15652874927036464,11.979752540588379,3.1796507835388184,4.156466007232666,,,,,,,,
E4,1238,0.09625578671693802,1.9355476036786088,0.8116415373330551,1.2746600898872338,-1.419845484718237,0.19215510203503072,12.049481391906738,3.1536240577697754,4.1699652671813965,,,,,,,,
E4,1242,0.09727977961301804,1.7585900196480373,0.7955379248079326,1.176465247931487,-1.3044570879363973,0.1898505047429353,12.031298637390137,3.1608519554138184,4.18344259262085,,,,,,,,
E4,1246,0.09574379026889801,1.8439973079200302,0.861836010974551,1.1630708466200574,-1.332065464087969,0.14364197407849133,11.974438667297363,3.1789894104003906,4.196874141693115,,,,,,,,
E4,1250,0.09625578671693802,1.7604067911586119,0.8411063433639587,1.1292890943030813,-1.2774147099246167,0.21070235641673207,12.08389663696289,3.16829776763916,4.210410118103027,,,,,,,,
E4,1254,0.09830377250909805,1.803664391239484,0.825952141974417,1.2151047430147153,-1.3109821293850443,0.15903007611632347,12.054896354675293,3.159695625305176,4.223913669586182,,,,,,,,
E4,1258,0.1013757511973381,1.9164927182571283,0.8337394371628761,1.240684474512601,-1.4082541843536236,0.12057368911337107,12.075227737426758,3.166077136993408,4.23744010925293,,,,,,,,
E4,1262,0.1013757511973381,1.8216076776503571,0.8332641214014046,1.1984690377669436,-1.3302415893875092,0.20600519026629627,11.9307861328125,3.15413761138916,4.25081205368042,,,,,,,,
E4,1266,0.10291174054145813,1.9330993681436492,0.8000998174150785,1.3346403266178137,-1.4491365690205602,0.14929204294458032,12.055184364318848,3.158583641052246,4.264316082000732,,,,,,,,
E4,1270,0.10393573343753815,1.8773490348387332,0.8076579145022801,1.2190008943956068,-1.3981719764636917,0.2024927455931902,12.029022216796875,3.1739745140075684,4.277795791625977,,,,,,,,
E4,1274,0.10393573343753815,1.8675823257201247,0.8424230639541906,1.19009781582281,-1.359188763870089,0.16499425051733851,12.091110229492188,3.1586380004882812,4.291340351104736,,,,,,,,
E4,1278,0.10393573343753815,1.7302600953077514,0.8641978060560567,1.0655748500391395,-1.237774503539272,0.25244129495695233,11.922203063964844,3.1643295288085938,4.3046979904174805,,,,,,,,
E4,1282,0.10649571567773819,1.7578367406413669,0.8190373797856626,1.1641733604135798,-1.280277408042272,0.19823481980711222,12.087627410888672,3.1735734939575195,4.318238735198975,,,,,,,,
E4,1286,0.10649571567773819,1.7827263716312627,0.8378217896180493,1.2201460192827924,-1.2853836031955859,0.1601512806955725,11.975600242614746,3.1609630584716797,4.3316569328308105,,,,,,,,
E4,1290,0.10854370146989822,1.8907872147503353,0.8022536462734616,1.2852902160470945,-1.4104914924218541,0.16312852688133717,11.957491874694824,3.1716246604919434,4.3450517654418945,,,,,,,,
E4,1294,0.10956769436597824,1.7616278054931807,0.8273174568774209,1.1437971519489745,-1.2744880563039924,0.20439771562814713,11.937707901000977,3.1873483657836914,4.358425617218018,,,,,,,,
E4,1298,0.11007969081401825,1.6416387850980436,0.8620285656717088,1.050079974394514,-1.1509308895994244,0.25064250687137246,12.042337417602539,3.163410186767578,4.371915340423584,,,,,,,,
E4,1302,0.11110368371009827,1.7960003329411385,0.8270541663680758,1.2346907626879193,-1.3024229953575523,0.13822841783985496,12.087048530578613,3.1623849868774414,4.3854546546936035,,,,,,,,
E4,1306,0.1131516695022583,1.6689747120771143,0.8554923465800663,1.0745968974904339,-1.1949451834015135,0.21102022589184344,12.066768646240234,3.158989906311035,4.3989715576171875,,,,,,,,
E4,1310,0.1131516695022583,1.6615781191263408,0.9150909087251103,1.0159393846780174,-1.1355481730785133,0.1632512838114053,12.046380996704102,3.15531587600708,4.412469863891602,,,,,,,,
E4,1314,0.11366366595029831,1.7511266799909728,0.8299409657243698,1.115992737058272,-1.2630606155236443,0.18423079047352076,12.025410652160645,3.1619653701782227,4.428875923156738,,,,,,,,
E4,1319,0.11468765884637833,1.863819756737304,0.8196223338563291,1.238355356859349,-1.381433755870805,0.16448347771074623,12.108277320861816,3.1613926887512207,4.44244384765625,,,,,,,,
E4,1323,0.11673564463853836,1.6710383445615806,0.8367108806731209,1.1025669023728193,-1.1942122419963457,0.24051145697012544,11.984987258911133,3.1827054023742676,4.455869197845459,,,,,,,,
E4,1327,0.11468765884637833,1.6488585935402957,0.8654198517047224,1.0260870386359853,-1.1690270782721834,0.18082759575918317,11.993746757507324,3.1694583892822266,4.469322204589844,,,,,,,,
E4,1331,0.1131516695022583,1.6395971839508368,0.8579322753681077,1.0713133087812632,-1.1626761574797067,0.1758315754123032,12.006752967834473,3.165912628173828,4.482772350311279,,,,,,,,
E4,1335,0.11007969081401825,1.722831584572319,0.8418720562365793,1.0927883647312757,-1.2518422799111004,0.20046486053615808,12.054006576538086,3.1672592163085938,4.496274948120117,,,,,,,,
E4,1339,0.11110368371009827,1.721151259446901,0.8858291738563113,1.0760890425377483,-1.2056350551309094,0.1793205759022385,12.07524585723877,3.16910457611084,4.509803295135498,,,,,,,,
E4,1343,0.11212767660617828,1.7018411462269132,0.8191870114514752,1.1512297503094175,-1.237081911584865,0.21868866868317127,11.951648712158203,3.1654257774353027,4.523191452026367,,,,,,,,
E4,1347,0.11161568015813828,1.6915360443175784,0.8294142380001999,1.172883091953152,-1.2154107748952119,0.1795759964734316,12.099387168884277,3.1687660217285156,4.536745071411133,,,,,,,,
E4,1351,0.11161568015813828,1.694032741651412,0.8360979960314812,1.0945591147669327,-1.2209643267486836,0.24845543783158064,12.008997917175293,3.171764373779297,4.55019998550415,,,,,,,,
E4,1355,0.11161568015813828,1.721134598411265,0.8469557139194674,1.1857666271571905,-1.2336796011280504,0.13765263371169567,12.02041244506836,3.1590819358825684,4.563665390014648,,,,,,,,
E4,1359,0.11161568015813828,1.7759777572715567,0.8739974782284763,1.0862178811732905,-1.2562334533292978,0.11372224365671475,11.82851505279541,3.1667838096618652,4.5769171714782715,,,,,,,,
E4,1363,0.11417566239833832,1.644730195432665,0.8998270792857049,0.9948783747768447,-1.1411226766945293,0.20698361960239708,12.036457061767578,3.174191474914551,4.590400218963623,,,,,,,,
E4,1367,0.11622364819049835,1.7177182337830936,0.8297581535483164,1.094968951095257,-1.2478673277526267,0.19731178181245923,12.001976013183594,3.1801915168762207,4.603847980499268,,,,,,,,
E4,1371,0.11724764108657837,1.6391800935306247,0.8469263419863724,1.0640232909762704,-1.1515929160532468,0.20712830196134746,12.081696510314941,3.1616954803466797,4.617385387420654,,,,,,,,
E4,1375,0.11519965529441833,1.6905372071242522,0.8644055497374327,1.0467392579972077,-1.1881967616093803,0.19875053688883781,11.909990310668945,3.1519412994384766,4.630735397338867,,,,,,,,
E4,1379,0.11673564463853836,1.7309130562380666,0.8384458586455338,1.1349116984490695,-1.2569662863314743,0.1667801586445421,11.957578659057617,3.1781654357910156,4.644130229949951,,,,,,,,
E4,1383,0.11673564463853836,1.703880353934235,0.8767537159756535,1.054373710895819,-1.2031800162346502,0.16968719963915646,11.952836036682129,3.157616138458252,4.6575236320495605,,,,,,,,
E4,1387,0.11673564463853836,1.7145204392099191,0.8182835873393786,1.1616319853034038,-1.2477753575991042,0.21995269018225372,11.958664894104004,3.1770920753479004,4.670919418334961,,,,,,,,
E4,1391,0.11775963753461838,1.673431309368757,0.8270296599893343,1.0898874737808841,-1.2016610918115707,0.22955247247591615,11.99263858795166,3.157613754272461,4.684353351593018,,,,,,,,
E4,1395,0.11519965529441833,1.590884711977745,0.9414148634033543,0.9711992805823684,-1.069322554217208,0.16229475184809417,12.048511505126953,3.178234100341797,4.697849750518799,,,,,,,,
E4,1399,0.11622364819049835,1.7094766569752542,0.8207737756153893,1.1152332620764736,-1.2459392634623254,0.19665782852098346,12.008707046508789,3.1689348220825195,4.711307525634766,,,,,,,,
E4,1403,0.11622364819049835,1.7019982864814145,0.8468616122882517,1.1151830594805974,-1.2219230909647036,0.18923831987194717,12.037758827209473,3.161808967590332,4.724804878234863,,,,,,,,
E4,1407,0.11827163398265839,1.7688628119372187,0.8687866756485568,1.1702809922689044,-1.2529194652332023,0.12207390367984772,11.982234954833984,3.16640567779541,4.738232135772705,,,,,,,,
E4,1411,0.11673564463853836,1.828497107687687,0.840933364801227,1.227859639173457,-1.3387903518353899,0.13582474214490503,12.008962631225586,3.1559386253356934,4.751684188842773,,,,,,,,
E4,1415,0.1187836304306984,1.7779646504906907,0.8043791496800998,1.129814311125274,-1.3170570912918755,0.25521727511659265,12.0651273727417,3.1591687202453613,4.768092632293701,,,,,,,,
E4,1419,0.11775963753461838,1.6645787818919098,0.8751024979920614,1.0441090942485565,-1.164848594789556,0.16867919941432774,12.010638236999512,3.1667094230651855,4.7815470695495605,,,,,,,,
E4,1423,0.11571165174245834,1.7408299724024439,0.8944758872782427,1.0469391972009996,-1.2240157576226112,0.15924524298558632,11.860662460327148,3.1696391105651855,4.794834613800049,,,,,,,,
E4,1427,0.11622364819049835,1.7585523833949415,0.8046880006671898,1.1428190271870524,-1.2831906680505545,0.18275197525508702,12.00775146484375,3.160456657409668,4.808285236358643,,,,,,,,
E4,1431,0.12031961977481842,1.7522000893950462,0.8038468386327463,1.1822944308436518,-1.2935083428848653,0.2583070914261043,12.020637512207031,3.161813735961914,4.821756839752197,,,,,,,,
E4,1435,0.1192956268787384,1.7620423775580194,0.8460303746636898,1.1968355586807897,-1.2768090383467516,0.12309732520952821,12.079915046691895,3.164658546447754,4.835288047790527,,,,,,,,
E4,1439,0.12339159846305847,1.956236175512747,0.8030066781100773,1.314737490732779,-1.4576373507623517,0.1485906238667667,11.8572416305542,3.180856704711914,4.848573207855225,,,,,,,,
E4,1444,0.1259515881538391,1.8047777929949382,0.8004562089604045,1.295662602597375,-1.3395797528718258,0.1823039234150201,12.114886283874512,3.1669363975524902,4.8621439933776855,,,,,,,,
E4,1448,0.12390359491109848,1.758112676500801,0.8208308600125804,1.1395110246280569,-1.278501460624356,0.22242458956316113,11.947813987731934,3.161890983581543,4.875531196594238,,,,,,,,
E4,1452,0.1259515881538391,1.72468182131175,0.814628451175633,1.153815609166649,-1.2559495751398602,0.23550464352592826,11.937867164611816,3.1932859420776367,4.888903617858887,,,,,,,,
E4,1456,0.1259515881538391,1.7323801114652602,0.8407953381242733,1.080083557286425,-1.2602155595308258,0.1715462936554104,11.88630485534668,3.1744284629821777,4.902218341827393,,,,,,,,
E4,1460,0.12851160764694214,1.752141410070989,0.8177433605823252,1.2280608984057917,-1.280235884271355,0.18216114328242838,12.068445205688477,3.175971508026123,4.915737152099609,,,,,,,,
E4,1464,0.12851160764694214,1.7105713384965109,0.8859974077592293,1.065546812990041,-1.1983541660639088,0.17553690227214247,12.01944637298584,3.15671443939209,4.929200649261475,,,,,,,,
E4,1468,0.12851160764694214,1.6953961903022394,0.8089669903828984,1.1558865842256527,-1.2433051738947156,0.26984513783827424,12.027776718139648,3.1683592796325684,4.942675590515137,,,,,,,,
E4,1472,0.12953561544418335,1.6534207018594893,0.8589491639877596,1.05971105702555,-1.1729819801181467,0.19962194096297026,11.931662559509277,3.1781058311462402,4.95604133605957,,,,,,,,
E4,1476,0.13004761934280396,1.6347884325281021,0.8501335532655792,1.0681357260744797,-1.152598039267422,0.2087285192683339,12.018950462341309,3.179076671600342,4.969504356384277,,,,,,,,
E4,1480,0.13004761934280396,1.7391295369477973,0.8536317979414312,1.1374653193738256,-1.2409522653250615,0.1515821621287614,12.038605690002441,3.16656494140625,4.982994079589844,,,,,,,,
E4,1484,0.13107162714004517,1.5875520229871785,0.9127483002486683,0.990776599947808,-1.0777206453827344,0.19891572557389736,11.998483657836914,3.1608195304870605,4.996434211730957,,,,,,,,
E4,1488,0.13209563493728638,1.6806021446864756,0.8297586794055644,1.0859062233798658,-1.2227169448003499,0.21930375198523203,11.905228614807129,3.159005641937256,5.009772777557373,,,,,,,,
E4,1492,0.1346556544303894,1.5918769947001858,0.8534212959191155,1.060160142473821,-1.1285413909215658,0.20385531149804592,12.017822265625,3.177910327911377,5.023234844207764,,,,,,,,
E4,1496,0.1346556544303894,1.689663779167902,0.8778058001919399,1.1133094346220258,-1.1980068898345861,0.1342820463469252,12.072246551513672,3.1792826652526855,5.036757469177246,,,,,,,,
E4,1500,0.1336316466331482,1.006811335682869,0.9785287231206894,1.4979261979460716,-0.28167800954543054,0.2146987314336002,9.979545593261719,3.1468448638916016,5.05032205581665,15.815291109800087,1,0.008196279406547546,0.5471000075340271,0.03669999912381172,1,1,1
E5,0,0.0,0.2912314906716347,3.4958959817886353,-1.2390626072883606,2.117260415107012,0.0003429890930419788,250.57264709472656,17.658164978027344,0.014028746634721756,,,,,,,,
E5,4,0.005632000509649515,7.906489846873141,0.7273504384793341,1.2349143907794673,-6.8907481854530195,0.0013583103961233671,11.797619819641113,3.128530979156494,0.029234325513243675,,,,,,,,
E5,8,0.012288002297282219,7.894121330172297,0.3899258426529178,3.0960565116186975,-7.159569954381339,0.0060909692001587246,12.00632095336914,3.135756492614746,0.04268353432416916,,,,,,,,
E5,12,0.019456004723906517,5.046495345258523,0.4329293259014819,3.580916581119397,-4.449110774216169,0.016344495772500522,11.88339614868164,3.137113094329834,0.05599513277411461,,,,,,,,
E5,16,0.026624007150530815,4.203582471680074,0.6163181986563676,2.949673619524423,-3.5686859262013244,0.04040263556817081,11.833701133728027,3.1415624618530273,0.06925157457590103,,,,,,,,
E5,20,0.03276800736784935,3.545238758877127,0.6671087752615604,4.271924747988137,-2.9426078753885885,0.030044243729207665,11.902031898498535,3.13999605178833,0.08258412033319473,,,,,,,,
E5,24,0.03840000927448273,3.512228130939461,0.815051292557092,1.8065354097356547,-2.5518530507882438,0.04835463795461692,11.988456726074219,3.139346122741699,0.0960133969783783,,,,,,,,
E5,28,0.04659201204776764,3.0016796237656047,0.4842826810754126,3.6232762139902186,-2.573457026296103,0.02482056853477843,12.094525337219238,3.1478233337402344,0.10956437140703201,,,,,,,,
E5,32,0.050688013434410095,3.2982545776351815,0.6474379786615452,3.6541378368248245,-2.605577213231415,0.03016610926715657,12.115439414978027,3.142016887664795,0.12313573062419891,,,,,,,,
E5,36,0.05683201551437378,2.8906532855970517,0.53296305593251,3.650214715360372,-2.42267234263561,0.02405940173775889,12.072443008422852,3.1484060287475586,0.136662557721138,,,,,,,,
E5,40,0.06348801404237747,3.4177736839249966,0.5234440460076762,4.587747816913831,-2.8999660525781414,0.01893730451047304,12.214374542236328,3.15055513381958,0.15034477412700653,,,,,,,,
E5,44,0.0655359998345375,2.1705080787577327,0.9453074858479557,1.544205044243318,-1.5162173245131734,0.01949199882801622,12.194461822509766,3.1614789962768555,0.16400475800037384,,,,,,,,
E5,48,0.07167995721101761,2.309584949106451,0.770289093640352,2.5372378419695507,-1.7217352183180905,0.03292818140471354,12.083608627319336,3.1519241333007812,0.1775406301021576,,,,,,,,
E5,52,0.07628792524337769,2.3171665614086483,0.7531538699117918,2.352666343193946,-1.7477058336279163,0.04873542854329571,11.89200496673584,3.1540255546569824,0.190866619348526,,,,,,,,
E5,57,0.0829438790678978,2.112357796775916,0.6788937776452966,2.9595340976296964,-1.6688876803724155,0.05887535276997369,12.016064643859863,3.1471095085144043,0.2043265700340271,,,,,,,,
E5,61,0.08601585775613785,2.5342526247813586,0.765335749391289,2.678906980415445,-1.9550602343635604,0.03566004859749228,12.00120735168457,3.1489334106445312,0.21777373552322388,,,,,,,,
E5,65,0.09318380802869797,3.058674344349475,0.49194778457638766,3.6908126975784996,-2.5166034679656613,0.038445436308393255,11.990601539611816,3.170595169067383,0.23122216761112213,,,,,,,,
E5,69,0.10035175830125809,3.282793721982411,0.5514862504861657,3.689967443489216,-2.681926863090623,0.022089735527212422,11.825455665588379,3.143350124359131,0.2444709837436676,,,,,,,,
E5,73,0.10598371922969818,2.5708049395018153,0.7537828862874044,2.2591821095808897,-2.0306643915052214,0.02145315211964771,11.961559295654297,3.164825439453125,0.2578701674938202,,,,,,,,
E5,77,0.11212767660617828,2.758978337404274,0.7005679100190126,2.633884693190122,-2.1109064593356814,0.039054424181813374,12.038570404052734,3.1648545265197754,0.271355539560318,,,,,,,,
E5,81,0.11827163398265839,2.080335450077814,0.7621655888441536,2.1508716643551615,-1.5979707462293657,0.041783382825087756,12.109265327453613,3.157043933868408,0.2849200665950775,,,,,,,,
E5,85,0.12339159846305847,2.0995383932595213,0.854470328605246,2.0005376578739553,-1.4949283697864129,0.03916970733553171,12.037322044372559,3.1650705337524414,0.29840394854545593,,,,,,,,
E5,89,0.1259515881538391,1.851221954656972,0.9211834323193345,1.487609056908804,-1.2948645350175896,0.034985699894605204,12.341227531433105,3.158137798309326,0.3122282326221466,,,,,,,,
E5,93,0.13209563493728638,2.33436673418397,0.8550639173222913,1.6501062494605334,-1.7389110736179327,0.049769628152716905,12.046147346496582,3.157917022705078,0.32572197914123535,,,,,,,,
E5,97,0.13721567392349243,1.796530091218532,0.9055004029993027,1.5531394616839713,-1.247441495820466,0.04985252540791407,12.059703826904297,3.170088291168213,0.33923104405403137,,,,,,,,
E5,101,0.13823968172073364,1.664820590899104,0.9487778477607265,1.1251512427828205,-1.104544739183482,0.07427018065936863,11.956977844238281,3.162661552429199,0.3526249825954437,,,,,,,,
E5,105,0.13977569341659546,1.7792337596534737,0.9315850989567855,1.3109378714475837,-1.2063230810675858,0.048367376381065696,12.112235069274902,3.171790599822998,0.3683423101902008,,,,,,,,
E5,109,0.14182370901107788,1.6487314289524442,0.9898248447312249,1.0882698135700688,-1.0547953224205042,0.05753101303707808,12.040477752685547,3.154601573944092,0.38182973861694336,,,,,,,,
E5,113,0.1443837285041809,1.6230225334801371,1.0155012042276443,1.0328777836941516,-1.0310166528862383,0.06439289596164599,12.029594421386719,3.158381462097168,0.3953050971031189,,,,,,,,
E5,117,0.1443837285041809,1.4700000735502394,1.0576552887639357,0.810032279592063,-0.8803858842759852,0.0565593073843047,11.892932891845703,3.158639430999756,0.40862736105918884,,,,,,,,
E5,121,0.1428477168083191,1.5148302589853604,1.074565162556985,0.7844871326884839,-0.8900682588758332,0.0712966377614066,11.629308700561523,3.1538400650024414,0.42165374755859375,,,,,,,,
E5,125,0.14079970121383667,1.399211345506566,1.092010897066858,0.7057016717700927,-0.8030459724832326,0.05372457089833915,11.78192138671875,3.160073757171631,0.43488970398902893,,,,,,,,
E5,129,0.13926368951797485,1.3931671109582697,1.114194779287255,0.6350680356358748,-0.7786126042280109,0.052128191076917574,11.939085006713867,3.1848225593566895,0.44830673933029175,,,,,,,,
E5,133,0.13721567392349243,1.414359736182387,1.102718943996089,0.7222505280268238,-0.7917653265601349,0.05307357773805658,11.916532516479492,3.1577272415161133,0.4616576135158539,,,,,,,,
E5,137,0.13567966222763062,1.4062227304019626,1.1291000000422908,0.6320045452022841,-0.7903351077739711,0.04441682872129604,11.983259201049805,3.171261787414551,0.4750808775424957,,,,,,,,
E5,141,0.13619166612625122,1.9666475599247313,0.969540136496699,1.1923751733613326,-1.300654717613869,0.05052409062045626,12.07573413848877,3.1855783462524414,0.48860791325569153,,,,,,,,
E5,145,0.13619166612625122,1.4713028876317873,1.0751148519061862,0.8121572289435165,-0.8721136045383496,0.04476925521157682,11.982104301452637,3.1625099182128906,0.5020300149917603,,,,,,,,
E5,149,0.13721567392349243,1.581563111808565,1.0694270005656614,0.8066956418385701,-0.9627399579363151,0.05503591330489144,11.970280647277832,3.1671581268310547,0.515438973903656,,,,,,,,
E5,153,0.13977569341659546,1.4646553368795485,1.0975098496982976,0.6734656120108357,-0.837969115547215,0.04603656189283356,12.011565208435059,3.1704864501953125,0.5288941264152527,,,,,,,,
E5,157,0.13875168561935425,1.4642264656722546,1.0660921946640998,0.773571853790043,-0.8479670466936474,0.061793877626769245,11.965688705444336,3.163252830505371,0.5422978401184082,,,,,,,,
E5,161,0.13772767782211304,1.74035266981948,1.0590074907337863,0.9076107440849961,-1.07211765672435,0.04691736662061885,11.931183815002441,3.1640801429748535,0.555662989616394,,,,,,,,
E5,165,0.13772767782211304,1.5190429005712744,1.0533141117720377,0.8408496716587958,-0.9215354461089841,0.03453554434236139,11.883173942565918,3.168548107147217,0.5689743161201477,,,,,,,,
E5,169,0.14028769731521606,1.639489000870122,0.9761492171812625,1.1060785838722516,-1.0563063076530983,0.07642163510899991,12.046585083007812,3.1615591049194336,0.5824686884880066,,,,,,,,
E5,173,0.14131170511245728,1.449433207630165,1.0879259606202443,0.7657837677058944,-0.8546641625441789,0.0526359595824033,12.01945686340332,3.1566877365112305,0.5959327816963196,,,,,,,,
E5,177,0.14028769731521606,1.5189057706249138,1.0384597317093895,0.8548342899641773,-0.9186514951048478,0.059999675722792745,11.988460540771484,3.1824417114257812,0.6093619465827942,,,,,,,,
E5,182,0.13721567392349243,1.4136018050568444,1.111174057518679,0.7184726143214129,-0.8001353232428388,0.04200907802442089,11.82133674621582,3.177234172821045,0.6226468682289124,,,,,,,,
E5,186,0.13670367002487183,1.5848466645157526,1.0521599559320345,0.865522893291634,-0.9638066957298194,0.06021573691396043,11.85055160522461,3.1817002296447754,0.6359216570854187,,,,,,,,
E5,190,0.1346556544303894,1.4021661399848877,1.1170605215288343,0.7083967424609434,-0.7938162809799588,0.0474218285526149,11.21293830871582,3.170954704284668,0.6485227346420288,,,,,,,,
E5,194,0.13260763883590698,1.5269755096662612,1.0695721684467225,0.8547841121734523,-0.9034678307454294,0.05448031873675063,11.802474021911621,3.1808691024780273,0.6617861986160278,,,,,,,,
E5,198,0.13107162714004517,1.4850442458003286,1.082260836329725,0.8920169615638301,-0.8687513038490174,0.04550764740755161,11.478543281555176,3.168877124786377,0.6746677756309509,,,,,,,,
E5,202,0.12646359205245972,1.4077287300948114,1.11913012902415,0.6996531320054695,-0.7878951465374686,0.04542646184563637,11.892387390136719,3.1768689155578613,0.6879885196685791,,,,,,,,
E5,206,0.12851160764694214,2.122202149991478,1.0113872355884976,1.1169572792210574,-1.5232327194692241,0.034118806826882064,11.688454627990723,3.1625380516052246,0.7041426301002502,,,,,,,,
E5,210,0.13055962324142456,1.4651681123863136,0.9888946508604383,1.0161537262263582,-0.9274853879774344,0.06069569126702845,11.86392593383789,3.1772775650024414,0.7174745202064514,,,,,,,,
E5,214,0.12748759984970093,1.4092904784613185,1.0810382362632525,0.7625966075210096,-0.826192580712294,0.04788049067428801,11.54557991027832,3.182229995727539,0.730452299118042,,,,,,,,
E5,218,0.1259515881538391,1.4111561031332092,1.0749474176102214,0.7620629593938478,-0.8119624893934954,0.052204069681465626,11.622961044311523,3.1562438011169434,0.743471622467041,,,,,,,,
E5,222,0.12390359491109848,1.4326285677296775,1.0883695142609733,0.8012688041998268,-0.8368718519193371,0.046449576737359166,11.654192924499512,3.1597890853881836,0.7565656900405884,,,,,,,,
E5,226,0.1187836304306984,1.4129510855390912,1.1397838494370853,0.68287738035572,-0.7760989635744842,0.03310078859794885,11.621705055236816,3.166752815246582,0.7696232199668884,,,,,,,,
E5,230,0.11571165174245834,1.4554869296058777,1.1101611955534845,0.6890620200811371,-0.8331011375264515,0.04599541798233986,11.886398315429688,3.165916919708252,0.782986044883728,,,,,,,,
E5,234,0.11724764108657837,1.6135687457900199,1.0350589204638723,0.8985312024284321,-0.9959120174910548,0.04860895377350971,11.971179962158203,3.161208152770996,0.7963957786560059,,,,,,,,
E5,238,0.11110368371009827,1.3481853514436692,1.1565474722357023,0.5505266986307757,-0.7225896591165414,0.046437191718723625,12.060681343078613,3.1709322929382324,0.8099058866500854,,,,,,,,
E5,242,0.10803170502185822,1.4430868197528144,1.1012526996552,0.6909007212154067,-0.8203937366331321,0.04904107266338542,11.964224815368652,3.149604320526123,0.8233080506324768,,,,,,,,
E5,246,0.10598371922969818,1.4084147669020153,1.109970865386819,0.6900389602810922,-0.7881228064430789,0.041355682391440496,11.952360153198242,3.173947811126709,0.8366968631744385,,,,,,,,
E5,250,0.10239974409341812,1.4592425809020089,1.1018440803838154,0.6763688066779677,-0.8311610947518299,0.05844690644880757,11.944416999816895,3.1552696228027344,0.8500767350196838,,,,,,,,
E5,254,0.1013757511973381,1.5017845374014642,1.0925750786822939,0.6912490346177078,-0.8689974067817693,0.0668453123071231,12.051729202270508,3.1611504554748535,0.8635788559913635,,,,,,,,
E5,258,0.095231793820858,1.3322655219170783,1.1351537121430275,0.6002673108179345,-0.7097536692698856,0.03915949843940325,11.922417640686035,3.155336856842041,0.8769341111183167,,,,,,,,
E5,262,0.09215981513261795,1.4468577842390726,1.1066749506289997,0.7413531943421924,-0.8275807478228614,0.04565817071124911,11.832777976989746,3.180872917175293,0.8901916146278381,,,,,,,,
E5,266,0.08959983289241791,1.4763553878144613,1.1044181491883973,0.6687101816563908,-0.841499227939898,0.05084238655399531,11.868452072143555,3.1745548248291016,0.9034863710403442,,,,,,,,
E5,270,0.08550386130809784,1.3800847750334513,1.1102635063349255,0.6552231353985618,-0.7672981316332764,0.04563177691306919,11.89042854309082,3.1535162925720215,0.9168300628662109,,,,,,,,
E5,274,0.08140788972377777,1.406806996713082,1.12472950820885,0.6933079473465792,-0.7879984179153181,0.048700381797971204,11.995697021484375,3.161592483520508,0.9302673935890198,,,,,,,,
E5,278,0.08243188261985779,1.5165368345758272,1.0809216042241407,0.7838508350107429,-0.8879147598239047,0.054816060001030564,11.853012084960938,3.1810407638549805,0.9435449838638306,,,,,,,,
E5,282,0.08089589327573776,1.4794031576149993,1.081429166926278,0.7724653054376258,-0.864153069200083,0.05175337509717792,12.120222091674805,3.159379482269287,0.9571219682693481,,,,,,,,
E5,286,0.07782391458749771,1.4585533658899958,1.1117875203490257,0.7261156507441079,-0.8331592964407589,0.04706078942399472,11.97652816772461,3.16473388671875,0.9705379605293274,,,,,,,,
E5,290,0.0767999216914177,1.4484126824471686,1.0724028989909187,0.737356941632704,-0.8529550174901647,0.0710325229447335,11.948980331420898,3.152996063232422,0.9839230179786682,,,,,,,,
E5,294,0.07577592879533768,1.4613677263851204,1.076188959003914,0.7018339348498231,-0.8540926205459982,0.07342814048752189,11.883147239685059,3.150866985321045,0.9972368478775024,,,,,,,,
E5,298,0.07423993945121765,1.4836910436787303,1.0965246102876134,0.7193875371985861,-0.8583106147799833,0.058896325004752725,12.042462348937988,3.1600751876831055,1.0107260942459106,,,,,,,,
E5,302,0.07321594655513763,1.4943670014303827,1.0687124561222772,0.7854179808341745,-0.8791053976460789,0.06357088102959096,12.082128524780273,3.1487669944763184,1.0242646932601929,,,,,,,,
E5,306,0.07321594655513763,1.5095479587713878,1.0720797175216297,0.8113186382897087,-0.8964541220265101,0.05875179124996066,12.046677589416504,3.1557416915893555,1.040776014328003,,,,,,,,
E5,311,0.07270395010709763,1.4403707480856351,1.0876952511450602,0.7468289777118741,-0.8324045675145166,0.057744468736927956,12.029726028442383,3.153132915496826,1.0542513132095337,,,,,,,,
E5,315,0.07014396786689758,1.4911541518947435,1.085712164167374,0.7380424242591791,-0.8724164920267723,0.06078788486775011,12.052474021911621,3.1827287673950195,1.0677520036697388,,,,,,,,
E5,319,0.0711679607629776,1.325177524357088,1.133499813458276,0.6435902410763691,-0.7122829471463485,0.05400966008892283,12.016925811767578,3.149425506591797,1.081213116645813,,,,,,,,
E5,323,0.07219195365905762,1.5947940568365748,1.05680640816452,0.8200995464698037,-0.9576444654607229,0.07693553634453565,12.004387855529785,3.163503646850586,1.0946600437164307,,,,,,,,
E5,327,0.06809598207473755,1.4580213297454139,1.105503719832216,0.6463115348720528,-0.8387037009529267,0.06882602721452713,11.823960304260254,3.1514105796813965,1.1079065799713135,,,,,,,,
E5,331,0.06758398562669754,1.4494757817259856,1.1739010686675708,0.6898006715867391,-0.7773508755785842,0.04961881798226386,11.958063125610352,3.1486473083496094,1.1213017702102661,,,,,,,,
E5,335,0.0655359998345375,1.3975580878082723,1.0940581788382833,0.6502885521500746,-0.7912169059975043,0.06687478377716616,12.045707702636719,3.169386863708496,1.134825587272644,,,,,,,,
E5,339,0.062464017421007156,1.379241462146479,1.1066445771545645,0.6811507561125918,-0.7640776103408637,0.054841143370140344,11.984619140625,3.152029037475586,1.1482505798339844,,,,,,,,
E5,343,0.06041601672768593,1.3490362416893718,1.1387922336303054,0.6357484747474985,-0.7241358409158974,0.04796779324533418,12.039392471313477,3.1472315788269043,1.1617368459701538,,,,,,,,
E5,347,0.060928016901016235,1.502372283192854,1.0974192318343927,0.6298055325203867,-0.8801262297830175,0.050172259216196835,12.017983436584473,3.154371738433838,1.1751991510391235,,,,,,,,
E5,351,0.06195201724767685,1.4747761110701259,1.0802738764692867,0.6423324126430523,-0.8615598844379069,0.08484213793417439,12.025370597839355,3.1570167541503906,1.1886699199676514,,,,,,,,
E5,355,0.05990401655435562,1.4001565951676596,1.1447559154577671,0.5441176535374026,-0.7537967205557617,0.05359056100132875,12.078454971313477,3.1447033882141113,1.2022145986557007,,,,,,,,
E5,359,0.06041601672768593,1.5240628851784601,1.0549730993807316,0.7810254026232148,-0.9104797996447554,0.07806500873994082,11.953429222106934,3.163924217224121,1.2156046628952026,,,,,,,,
E5,363,0.06297601759433746,1.6498612859655941,1.0298781499030099,0.8299914134263214,-1.0278245862055984,0.07838602119591087,12.018922805786133,3.159572124481201,1.2290685176849365,,,,,,,,
E5,367,0.06297601759433746,1.3508746555991589,1.1410534277203537,0.6176004137829947,-0.7285755096910713,0.04042104844120331,12.012105941772461,3.162217617034912,1.2425243854522705,,,,,,,,
E5,371,0.05990401655435562,1.4656741107621836,1.1330249149884497,0.5931195376142026,-0.8143446217549758,0.10068313975352794,12.1309814453125,3.1533584594726562,1.2561129331588745,,,,,,,,
E5,375,0.05990401655435562,1.452478662842796,1.0777512169073498,0.680625835461403,-0.8511735449363995,0.0506726301391609,11.770434379577637,3.1524338722229004,1.2692979574203491,,,,,,,,
E5,379,0.06041601672768593,1.4793348848997128,1.069503704529433,0.6950500256993544,-0.8774938219548425,0.11228066310286522,12.013021469116211,3.15444278717041,1.2827543020248413,,,,,,,,
E5,383,0.059392016381025314,1.3962689195242193,1.117365456171452,0.5678084731213192,-0.7753648715969619,0.08190928807016462,11.982356071472168,3.158132553100586,1.296176791191101,,,,,,,,
E5,387,0.057344015687704086,1.3241927162522362,1.119194841692372,0.5307821361382784,-0.7094044591399974,0.08342326892307028,11.963862419128418,3.150332450866699,1.3095786571502686,,,,,,,,
E5,391,0.054272014647722244,1.3199860474893026,1.1398055121775656,0.5434997010637413,-0.6984705270770641,0.08435868433055778,11.954554557800293,3.1456918716430664,1.3229718208312988,,,,,,,,
E5,395,0.050688013434410095,1.3997148029387942,1.1544368579274131,0.46292746215085706,-0.7443234015187795,0.04904924059519544,11.990228652954102,3.153172492980957,1.3364030122756958,,,,,,,,
E5,399,0.050688013434410095,1.2774012381477016,1.1515084143195833,0.5179433615204058,-0.6556632383375444,0.15686854836530983,11.867936134338379,3.16888427734375,1.3496973514556885,,,,,,,,
E5,403,0.050688013434410095,1.4349956181905572,1.1438979653138963,0.5434118369872223,-0.7859354275389618,0.034392577392281964,11.572866439819336,3.1563572883605957,1.3626692295074463,,,,,,,,
E5,407,0.04864001274108887,1.3960188404908256,1.1017739098696482,0.6274589175400116,-0.7877934466389614,0.057655220152810216,11.948637962341309,3.1491308212280273,1.3790881633758545,,,,,,,,
E5,411,0.049152012914419174,1.4625434603482959,1.0939406918154821,0.7138721485511025,-0.8370883664049741,0.059925230336375535,11.958538055419922,3.145348072052002,1.3924838304519653,,,,,,,,
E5,415,0.05017601326107979,1.4739494457367868,1.0931771512897241,0.6787994274758359,-0.8496631056731863,0.10275696072494611,11.916053771972656,3.146496295928955,1.4058332443237305,,,,,,,,
E5,419,0.0512000136077404,1.3254518284211083,1.1055372709792757,0.5278281538066134,-0.7270921467635263,0.06503122259164229,11.907195091247559,3.153505325317383,1.4191714525222778,,,,,,,,
E5,423,0.052224013954401016,1.5412549490611704,1.063741218949121,0.7551384314950278,-0.9247639789319937,0.0790115820709616,11.985867500305176,3.151928424835205,1.4325977563858032,,,,,,,,
E5,427,0.05478401482105255,1.5945502197340367,1.0574840636598686,0.7495651519648842,-0.9657463455121846,0.06710594694595784,12.008548736572266,3.1490426063537598,1.4460495710372925,,,,,,,,
E5,431,0.05888001620769501,1.5411276139673733,1.048683739666428,0.7298574726437844,-0.9411085744911346,0.08538446947932243,11.973718643188477,3.1620993614196777,1.459462285041809,,,,,,,,
E5,436,0.05785601586103439,1.5525605620609388,1.0626122312295059,0.7283989030610659,-0.9370622974007375,0.08321029366925359,12.017265319824219,3.150035858154297,1.4729238748550415,,,,,,,,
E5,440,0.05990401655435562,1.5335412063887195,1.0538752562115117,0.7028869011772991,-0.92708753637271,0.0918753007426858,12.001790046691895,3.149000644683838,1.4863680601119995,,,,,,,,
E5,444,0.06041601672768593,1.4746226829195779,1.090165900214324,0.605306806480651,-0.8513727923892143,0.05653062090277672,12.043889045715332,3.158745288848877,1.4998592138290405,,,,,,,,
E5,448,0.06144001707434654,1.523258031183292,1.0823485626587792,0.6892026414775025,-0.8941058785772867,0.05857184308115393,12.06624984741211,3.1535115242004395,1.5133757591247559,,,,,,,,
E5,452,0.06655999273061752,1.5936385279610044,1.0640375601748626,0.6601928738779875,-0.9477646419176063,0.10778247064445168,11.977394104003906,3.1564431190490723,1.5267926454544067,,,,,,,,
E5,456,0.0655359998345375,1.4046592061954832,1.0843194097517028,0.6700430067792309,-0.8212772047198895,0.08889805215100448,11.87512493133545,3.1581287384033203,1.5400965213775635,,,,,,,,
E5,460,0.06707198917865753,1.4129898486629364,1.0697439303473821,0.6776625745922827,-0.8238309183165372,0.08255201438441873,12.09033203125,3.159414291381836,1.5536398887634277,,,,,,,,
E5,464,0.06809598207473755,1.4418106716540124,1.094757728692558,0.6509572937876097,-0.8152510813670233,0.05973188829375431,11.921194076538086,3.1626996994018555,1.5669937133789062,,,,,,,,
E5,468,0.07321594655513763,1.5638776181472673,1.0475578071579101,0.7489473867966835,-0.9501573584460107,0.08173822693061084,11.892319679260254,3.1476969718933105,1.580315113067627,,,,,,,,
E5,472,0.07423993945121765,1.5306711924809313,1.0443110023107793,0.7833907220498728,-0.9352360107503566,0.07735509274061769,11.944169998168945,3.162740707397461,1.5936946868896484,,,,,,,,
E5,476,0.07782391458749771,1.5329636544698761,1.04887917525475,0.7544065967563596,-0.9570966350572508,0.08832792221801355,12.256922721862793,3.1517038345336914,1.6074250936508179,,,,,,,,
E5,480,0.07987190037965775,1.41832703074056,1.0893129501196126,0.616598706025241,-0.8053270574559325,0.10598315147217363,12.197232246398926,3.148925304412842,1.6210882663726807,,,,,,,,
E5,484,0.0829438790678978,1.467893234794102,1.0348701216871776,0.7098183549954487,-0.8851905386942985,0.12210912303999066,12.021194458007812,3.163702964782715,1.6345547437667847,,,,,,,,
E5,488,0.08396787196397781,1.4561875787164484,1.0949716628307389,0.6415489611855305,-0.8467865165725853,0.068447248369921,11.790387153625488,3.180482864379883,1.6477622985839844,,,,,,,,
E5,492,0.08243188261985779,1.4665582927446517,1.106796700566534,0.5982902376884733,-0.8384643036942367,0.12749279686249793,11.952279090881348,3.163959503173828,1.6611510515213013,,,,,,,,
E5,496,0.07935990393161774,1.2438508635238996,1.1581310267959322,0.4812375872514085,-0.6205252477463098,0.054400163993705064,11.865241050720215,3.170837879180908,1.6744424104690552,,,,,,,,
E5,500,0.08038389682769775,1.469483065995432,1.0758590368287904,0.6085999543681296,-0.8582768683646997,0.07776232302421704,11.129227638244629,3.146353244781494,1.6869094371795654,,,,,,,,
E5,504,0.08243188261985779,1.4609835633328037,1.0536141750949717,0.7264167969254082,-0.8791895940205052,0.09454131522215903,11.842792510986328,3.155458927154541,1.7001755237579346,,,,,,,,
E5,508,0.0829438790678978,1.36973148069921,1.1117024275636862,0.5472685180173548,-0.7541029473179064,0.09544153069145977,11.986571311950684,3.1605401039123535,1.716722011566162,,,,,,,,
E5,512,0.08396787196397781,1.3723548329065716,1.101765169747292,0.6034484931629207,-0.7706224443982281,0.07686673302669078,11.92544174194336,3.152358055114746,1.7300808429718018,,,,,,,,
E5,516,0.08396787196397781,1.3507508222782423,1.0771641537310586,0.6058231594923661,-0.7728627469845205,0.12670897878706455,11.939589500427246,3.1664838790893555,1.743455410003662,,,,,,,,
E5,520,0.08191988617181778,1.3068601238940443,1.1129474727407334,0.5505123837131329,-0.701788912865422,0.08168795409922798,11.794511795043945,3.1493306159973145,1.7566696405410767,,,,,,,,
E5,524,0.08140788972377777,1.306377350870106,1.133937917649746,0.5092291132435759,-0.686448700836904,0.07871438260190189,11.943902969360352,3.19126033782959,1.7700488567352295,,,,,,,,
E5,528,0.0834558755159378,1.3824636890065103,1.110574465599798,0.5863240426406264,-0.7614977742408565,0.057711322559043765,11.846531867980957,3.1646275520324707,1.7833192348480225,,,,,,,,
E5,532,0.08447986841201782,1.421377942808682,1.0896797487068743,0.6519999382009646,-0.8082619512376065,0.0540007358067669,11.857063293457031,3.1524105072021484,1.796601414680481,,,,,,,,
E5,536,0.0834558755159378,1.4551610383722517,1.1004436498596555,0.6126991089315279,-0.8309205372869555,0.10235332045704126,11.855823516845703,3.1524276733398438,1.8098819255828857,,,,,,,,
E5,540,0.08601585775613785,1.4241024007399876,1.0763355714697687,0.5985432890966645,-0.8197234310431495,0.11629972443915904,11.926068305969238,3.1504602432250977,1.8232413530349731,,,,,,,,
E5,544,0.08601585775613785,1.3421870935412625,1.077569044298596,0.5889298584652759,-0.7686915700915196,0.10531943326350302,11.973052024841309,3.1597933769226074,1.8366533517837524,,,,,,,,
E5,548,0.08703985065221786,1.4152026539520612,1.112576360858622,0.5866664781673019,-0.7825770328017247,0.07958848716225475,11.879043579101562,3.1712331771850586,1.8499674797058105,,,,,,,,
E5,552,0.09011182934045792,1.4139976124796603,1.0844715735505497,0.6041049121448131,-0.8032258050701034,0.08719705976545811,11.833891868591309,3.154695510864258,1.8632235527038574,,,,,,,,
E5,556,0.09164781868457794,1.5285364821375835,1.0927088310912487,0.6547449526269294,-0.8986962899003946,0.057407256797887385,11.930643081665039,3.179962158203125,1.876587986946106,,,,,,,,
E5,561,0.09676778316497803,1.6317687149913538,1.0178252609949263,0.7966103555335761,-1.0209838028494564,0.12130587024148554,11.927529335021973,3.1603240966796875,1.889949083328247,,,,,,,,
E5,565,0.09881576895713806,1.4442923581079832,1.048346633239398,0.6606401869116713,-0.8592797746966844,0.11434997082687914,11.887491226196289,3.173524856567383,1.903265118598938,,,,,,,,
E5,569,0.09983976185321808,1.4218738674526177,1.0619459990707656,0.6434168326042926,-0.831072205563061,0.094936040812172,11.824201583862305,3.1754846572875977,1.9165139198303223,,,,,,,,
E5,573,0.1013757511973381,1.463200384189212,1.0778457777249435,0.6712428485460357,-0.8526486200834846,0.0814884405117482,12.051342964172363,3.1645054817199707,1.9300134181976318,,,,,,,,
E5,577,0.09830377250909805,1.378735767293071,1.1273708967935472,0.5853397797014731,-0.7562290038137386,0.11695538397179917,11.983566284179688,3.157989978790283,1.9434401988983154,,,,,,,,
E5,581,0.09932776540517807,1.3621083272709733,1.0903147906064987,0.6325087289450996,-0.7626167971581693,0.06694785133004189,12.049578666687012,3.1749024391174316,1.9569402933120728,,,,,,,,
E5,585,0.10035175830125809,1.46605250972604,1.082401381362052,0.5966895121982265,-0.8481231656688679,0.08609812147915363,11.865710258483887,3.169722557067871,1.9702339172363281,,,,,,,,
E5,589,0.10188774764537811,1.3458944001486377,1.1049038085436065,0.5945555693278812,-0.7299648736389206,0.15289967448916286,12.03829288482666,3.1683101654052734,1.983718991279602,,,,,,,,
E5,593,0.10291174054145813,1.4005045899973503,1.1105553487700128,0.573657001469479,-0.775188586456583,0.05715874093584716,11.882556915283203,3.1654210090637207,1.9970295429229736,,,,,,,,
E5,597,0.1070077121257782,1.5251193055439562,1.0602802615908404,0.6883393206508525,-0.9033599834249814,0.06215162872103974,11.999934196472168,3.1588521003723145,2.010471820831299,,,,,,,,
E5,601,0.1070077121257782,1.4616120296219985,1.0996370966590585,0.6320539533522036,-0.8372177096695402,0.0676685948856175,11.86302375793457,3.1616368293762207,2.0237603187561035,,,,,,,,
E5,605,0.10854370146989822,1.543270681762979,1.0208883578815158,0.8171746908937261,-0.9715951118758688,0.11883909010794014,11.99542236328125,3.161111354827881,2.0371971130371094,,,,,,,,
E5,609,0.11263967305421829,1.4186928281708369,1.029237433085366,0.6557567278687745,-0.8566679411331222,0.1069937878055498,11.798726081848145,3.1665468215942383,2.053448438644409,,,,,,,,
E5,613,0.11468765884637833,1.40129056271343,1.0789670995658351,0.6523093981008087,-0.8006947071010632,0.0952617950970307,11.931324005126953,3.1665124893188477,2.0668134689331055,,,,,,,,
E5,617,0.1187836304306984,1.437189290684367,1.061444507527446,0.5890379035358887,-0.8528248497833764,0.12981522525660694,11.787647247314453,3.1703763008117676,2.080017566680908,,,,,,,,
E5,621,0.12236760556697845,1.4685154327797512,1.060803441419488,0.6761732583990626,-0.8682774380662494,0.08649545826483518,11.532378196716309,3.1727094650268555,2.09293532371521,,,,,,,,
E5,625,0.12236760556697845,1.3826800301552764,1.1068184985705312,0.5684453962064946,-0.7652165292806569,0.1055360195459798,12.022977828979492,3.1650991439819336,2.106403350830078,,,,,,,,
E5,629,0.1254395842552185,1.4472108218404982,1.0408110804264508,0.7316605532194362,-0.8690028588974937,0.08771739713847637,11.270586967468262,3.1671080589294434,2.1190288066864014,,,,,,,,
E5,633,0.12953561544418335,1.3912435050403316,1.0804304083188374,0.6573358478733519,-0.7998104764920999,0.11133081268053502,11.976994514465332,3.1623153686523438,2.1324450969696045,,,,,,,,
E5,637,0.1331196427345276,1.4886846412564554,1.0282946671876643,0.7650791236804103,-0.9044620209902022,0.09891024674288929,12.056169509887695,3.1638870239257812,2.1459503173828125,,,,,,,,
E5,641,0.13516765832901,1.42198986920809,1.0625338527773107,0.6497710286778634,-0.8363296831422116,0.12019296921789646,12.035664558410645,3.1725716590881348,2.1594324111938477,,,,,,,,
E5,645,0.13721567392349243,1.3604202899076636,1.0677800276686276,0.6230499754666782,-0.7807038183442302,0.10684244928415865,12.025168418884277,3.167658805847168,2.172902822494507,,,,,,,,
E5,649,0.13619166612625122,1.3975112603179045,1.0812708478834894,0.5774763947543264,-0.8090015591587871,0.10613319308807452,12.06821060180664,3.191032886505127,2.1864230632781982,,,,,,,,
E5,653,0.13567966222763062,1.4177101989468885,1.0993024445478878,0.5898697369874442,-0.7903372058164446,0.10215376177802682,11.927922248840332,3.1674752235412598,2.199784755706787,,,,,,,,
E5,657,0.14079970121383667,1.432671656388612,1.103731707773275,0.6174348912083669,-0.8290901345788457,0.07647270010784268,11.865995407104492,3.172975540161133,2.2130768299102783,,,,,,,,
E5,661,0.14079970121383667,1.312431125118146,1.0827780422710238,0.5679159896767962,-0.7186799229470097,0.11404921510256827,11.920082092285156,3.1666908264160156,2.226443290710449,,,,,,,,
E5,665,0.1438717246055603,1.3544869210038866,1.06334555693089,0.5976152437488869,-0.7773883933097951,0.0969902437645942,11.80511474609375,3.179835319519043,2.2396671772003174,,,,,,,,
E5,669,0.14540773630142212,1.4332386355196673,1.0955470412496537,0.6458576669179793,-0.8201591589983316,0.07518641516799107,12.006857872009277,3.1953978538513184,2.253117084503174,,,,,,,,
E5,673,0.1443837285041809,1.3821356258695088,1.0720427059346722,0.5526619739204979,-0.8010808128035731,0.12503045110497624,11.901061058044434,3.1638946533203125,2.2664482593536377,,,,,,,,
E5,677,0.14745575189590454,1.3857487642930613,1.0373199564951754,0.6347192818917501,-0.8137858500981349,0.1518807705724612,11.950095176696777,3.1695852279663086,2.279834747314453,,,,,,,,
E5,681,0.14745575189590454,1.3303746604138897,1.0902333728496045,0.6086798211309448,-0.735595682480683,0.08173427917063236,11.881897926330566,3.1763839721679688,2.293144702911377,,,,,,,,
E5,686,0.14899176359176636,1.3751232491007872,1.0779502328544381,0.604064490152662,-0.7834152055965249,0.10332425415981561,11.952391624450684,3.1658854484558105,2.3065335750579834,,,,,,,,
E5,690,0.14796775579452515,1.3575678115326262,1.0835328090876815,0.5600010417401791,-0.7650893102714141,0.09642954863375053,11.928760528564453,3.172245979309082,2.319899082183838,,,,,,,,
E5,694,0.15001577138900757,1.4167753494684658,1.0455346089152118,0.6806628594397387,-0.8393222232707702,0.12178302486427128,11.935880661010742,3.1776537895202637,2.33327054977417,,,,,,,,
E5,698,0.15513581037521362,1.7770572807344178,1.1771216950719319,0.6521455366511955,-1.0992107347433737,0.053881251253187656,11.915335655212402,3.190995693206787,2.3466176986694336,,,,,,,,
E5,702,0.15769582986831665,1.3792481574392508,1.0398104492397535,0.6324682363531372,-0.8189838605319401,0.15736073441803455,11.834362030029297,3.167659282684326,2.3598744869232178,,,,,,,,
E5,706,0.16076785326004028,1.3570178995529811,1.0393996889156008,0.6798267893131766,-0.7930322107711126,0.10549382900353521,11.84849739074707,3.183703899383545,2.373187780380249,,,,,,,,
E5,710,0.16588789224624634,1.4787822543746896,1.0323037887731241,0.775657026451637,-0.8952183015681507,0.11754532344639301,11.838077545166016,3.1878609657287598,2.389460325241089,,,,,,,,
E5,714,0.16793590784072876,1.3759353968004386,1.0644227600996456,0.5865362536296193,-0.7965354647797843,0.102705636061728,11.664362907409668,3.174661636352539,2.4025516510009766,,,,,,,,
E5,718,0.16844791173934937,1.2695493792730665,1.1078168516239477,0.5618022872107242,-0.6696975660022526,0.1364102717489004,11.830334663391113,3.179337978363037,2.4158031940460205,,,,,,,,
E5,722,0.171519935131073,1.3844635193901402,1.0751416175256645,0.6162501913564864,-0.8004295426080861,0.07441301923245192,12.04859447479248,3.1707491874694824,2.429299831390381,,,,,,,,
E5,726,0.17407995462417603,1.3889465696873173,1.0532117487774009,0.6163568193537753,-0.815020078512293,0.14358033891767263,11.979862213134766,3.1661877632141113,2.4427194595336914,,,,,,,,
E5,730,0.17305594682693481,1.2482403269599354,1.1200363116841467,0.5075646570862841,-0.652783054712465,0.09144288080278784,11.872325897216797,3.18638277053833,2.4560186862945557,,,,,,,,
E5,734,0.17663997411727905,1.2825261559633037,1.0880720164804232,0.5804191669900971,-0.7062782719398716,0.13081483589485288,11.870314598083496,3.1745076179504395,2.469315767288208,,,,,,,,
E5,738,0.17971199750900269,1.2975284878814977,1.0710924901659526,0.6428924480265479,-0.7195999696915452,0.1054817670956254,11.941150665283203,3.175656795501709,2.482691764831543,,,,,,,,
E5,742,0.1807360053062439,1.325961068804775,1.1075867529189776,0.581177324828094,-0.737872475878306,0.07830082828877494,11.921799659729004,3.172985553741455,2.496046543121338,,,,,,,,
E5,746,0.1807360053062439,1.353930078772089,1.078773409009926,0.595375461823571,-0.7659272966344678,0.1265017983969301,11.783893585205078,3.168328285217285,2.5092933177948,,,,,,,,
E5,750,0.1812480092048645,1.2678964598074791,1.0846879981339923,0.6292198021937885,-0.6816278848360987,0.11942600714974105,12.009597778320312,3.1742029190063477,2.5227460861206055,,,,,,,,
E5,754,0.1812480092048645,1.2919355865627054,1.0937771623333294,0.5706218492774877,-0.7114365982272411,0.09585749951656908,11.926080703735352,3.179436206817627,2.5361053943634033,,,,,,,,
E5,758,0.18432003259658813,1.3640438932629804,1.0527340879161207,0.6990261727096095,-0.7988383272101008,0.09822133218403906,12.08964729309082,3.174220085144043,2.5496480464935303,,,,,,,,
E5,762,0.1822720170021057,1.2955579943954945,1.1250501286297563,0.5601140812088027,-0.6990388202691629,0.1013353414600715,11.97379207611084,3.1752777099609375,2.563060760498047,,,,,,,,
E5,766,0.18278402090072632,1.2988768151355168,1.0679118522694186,0.6475140667562165,-0.7281138264308018,0.11070097610354424,12.031678199768066,3.245457649230957,2.576538324356079,,,,,,,,
E5,770,0.18380802869796753,1.3475129108225543,1.071321461172331,0.5729890028779298,-0.769868610997773,0.1200506038730964,11.923931121826172,3.1955313682556152,2.589895248413086,,,,,,,,
E5,774,0.18483203649520874,1.2819563217224583,1.0811869130721168,0.5912191067238464,-0.6996584342060876,0.12105384445749223,12.005446434020996,3.1807589530944824,2.6033527851104736,,,,,,,,
E5,778,0.18483203649520874,1.3232825141222704,1.0722179480251812,0.6040395425780761,-0.7440226899556047,0.09605769999325275,11.764081001281738,3.173459529876709,2.6165335178375244,,,,,,,,
E5,782,0.18534404039382935,1.3072507941415386,1.0734010593640426,0.5924230892239,-0.731449217433923,0.11173259536735713,11.967352867126465,3.1680893898010254,2.629939079284668,,,,,,,,
E5,786,0.18636804819107056,1.2991467051444545,1.0852961407176085,0.5596166493982744,-0.7198902377729408,0.11538980004843324,12.008493423461914,3.177338123321533,2.643390655517578,,,,,,,,
E5,790,0.18636804819107056,1.3155342552751776,1.0906784307389032,0.5958712405747554,-0.7285182291571612,0.10255800804588944,11.99486255645752,3.172208309173584,2.656826972961426,,,,,,,,
E5,794,0.18739205598831177,1.3479958933497231,1.0584611094423704,0.6367428043037097,-0.7858813397534605,0.09995724656619132,11.870218276977539,3.1761679649353027,2.670123815536499,,,,,,,,
E5,798,0.18892806768417358,1.3509879520842953,1.0590462710649249,0.6976082664636423,-0.7758249512056835,0.10928593552671373,11.924729347229004,3.19736909866333,2.6834816932678223,,,,,,,,
E5,802,0.1899520754814148,1.2845232529890915,1.095027690132459,0.531080509855676,-0.7160260166385255,0.14028984610922635,12.02040958404541,3.190769672393799,2.696946620941162,,,,,,,,
E5,806,0.18790405988693237,1.252940628618475,1.0802448911089746,0.5655180752944591,-0.6783601635520066,0.08765093702822924,11.964216232299805,3.1805005073547363,2.710355758666992,,,,,,,,
E5,810,0.1899520754814148,1.3824114380552182,1.0678325084939835,0.7087978004658623,-0.7979484076190385,0.12228031374979764,11.969575881958008,3.17814302444458,2.7267110347747803,,,,,,,,
E5,815,0.1914880871772766,1.3309069631236887,1.0592802600964668,0.6470127989774319,-0.7594423329065894,0.1066878690617159,11.835493087768555,3.1703405380249023,2.7399685382843018,,,,,,,,
E5,819,0.1914880871772766,1.2983463826988424,1.0786524749700985,0.5862795709382131,-0.7240609129676447,0.13779944193083793,11.966800689697266,3.169429302215576,2.7533984184265137,,,,,,,,
E5,823,0.1914880871772766,1.2366075399257834,1.0799301685321898,0.5641429157538423,-0.6672618996124671,0.11957223759964108,11.934404373168945,3.1761374473571777,2.7667672634124756,,,,,,,,
E5,827,0.1914880871772766,1.2748801934104117,1.0784657037565633,0.6058084621483376,-0.7012323060364921,0.11067483760416508,11.82520866394043,3.2020606994628906,2.780014991760254,,,,,,,,
E5,831,0.190976083278656,1.3047455056082635,1.0750336021421447,0.5893060948852616,-0.7419177375831789,0.09834604256320745,11.917028427124023,3.1716017723083496,2.7933642864227295,,,,,,,,
E5,835,0.190976083278656,1.325715706875873,1.066274062153839,0.6534292386712701,-0.7568906317465007,0.10610263119451702,11.899677276611328,3.179452419281006,2.8066940307617188,,,,,,,,
E5,839,0.1899520754814148,1.2735629293417174,1.0659682728231898,0.6027177879830071,-0.7088785915273346,0.14443739992566407,11.994720458984375,3.168516159057617,2.8201303482055664,,,,,,,,
E5,843,0.190976083278656,1.2686478466623359,1.075098841081536,0.5719684181121093,-0.7026501742860539,0.10436397014806668,11.757898330688477,3.167849540710449,2.8333029747009277,,,,,,,,
E5,847,0.19456011056900024,1.3152033474355462,1.0691963306495122,0.619281554309679,-0.74528764108462,0.10433967562858015,12.226783752441406,3.1693544387817383,2.846999168395996,,,,,,,,
E5,851,0.19660812616348267,1.369372642643395,1.053401139283937,0.7142995346976972,-0.7925910033740192,0.1054886506171897,11.946945190429688,3.214630126953125,2.860381841659546,,,,,,,,
E5,855,0.19456011056900024,1.3543083260338458,1.0569602190147316,0.6492813250585112,-0.7863773908521536,0.12065912084653974,11.998745918273926,3.1832432746887207,2.8738224506378174,,,,,,,,
E5,859,0.19763213396072388,1.3008804912604983,1.0483160965617686,0.6451094181089203,-0.7484460907197366,0.11626515979878604,11.932661056518555,3.1775617599487305,2.8871891498565674,,,,,,,,
E5,863,0.19712013006210327,1.3156679322913525,1.076029315945648,0.6363888905564351,-0.7333579677885161,0.1267187457997352,12.054728507995605,3.207279682159424,2.9006924629211426,,,,,,,,
E5,867,0.2001921534538269,1.3332075208188996,1.0548925928416706,0.6552053378033105,-0.7744269007595167,0.11190303310286254,12.017753601074219,3.178609848022461,2.9141547679901123,,,,,,,,
E5,871,0.20326417684555054,1.3288679391973548,1.0825369037569514,0.6397515124738661,-0.7413989770991195,0.0964034041389823,12.168041229248047,3.1971755027770996,2.9277849197387695,,,,,,,,
E5,875,0.20224016904830933,1.3519138401403787,1.0787317600869943,0.6196315988112908,-0.7683331413759983,0.09611248411238194,12.078031539916992,3.1811752319335938,2.941314458847046,,,,,,,,
E5,879,0.20172816514968872,1.2575230322305173,1.0728442163339682,0.5992599319555422,-0.690020071523678,0.12883955868892372,12.249421119689941,3.170914649963379,2.955035924911499,,,,,,,,
E5,883,0.2007041573524475,1.3174450788351277,1.057341759048757,0.6149545828290561,-0.7540348048621256,0.13179300678893924,12.220890998840332,3.1714186668395996,2.9687254428863525,,,,,,,,
E5,887,0.2007041573524475,1.2887676325700586,1.0773564161998885,0.6073240379788982,-0.7163341424745758,0.11723785381764174,12.066643714904785,3.178736686706543,2.9822423458099365,,,,,,,,
E5,891,0.1996801495552063,1.286751436631358,1.0763873914995836,0.577681483683496,-0.7154681053352616,0.1154540404677391,11.928767204284668,3.18526029586792,2.9956045150756836,,,,,,,,
E5,895,0.20224016904830933,1.310687380355029,1.0444569589481467,0.637567490082123,-0.7541567133222189,0.14339798991568387,11.99478530883789,3.1671504974365234,3.0090408325195312,,,,,,,,
E5,899,0.20633620023727417,1.372209255894025,1.028526377583307,0.714239918383589,-0.8126257523665175,0.12798037542961538,12.033801078796387,3.1785078048706055,3.0225207805633545,,,,,,,,
E5,903,0.20736020803451538,1.2787781411574946,1.0769029341874614,0.6310254883215721,-0.7092993413541644,0.09742337872739881,12.045674324035645,3.1745920181274414,3.0360140800476074,,,,,,,,
E5,907,0.20736020803451538,1.3565089026140789,1.0595729163005239,0.6555710148426112,-0.7931902220228776,0.11584056712066133,12.12011432647705,3.1677050590515137,3.0495927333831787,,,,,,,,
E5,911,0.21094423532485962,1.3486935551913957,1.0291201647903239,0.6748768761754036,-0.7957245621900444,0.11462792020756751,12.24718189239502,3.178896427154541,3.0662665367126465,,,,,,,,
E5,915,0.21299225091934204,1.4041211895999455,1.0508083069608325,0.7264696168157259,-0.8245245629038277,0.11391354422084987,12.106496810913086,3.183492660522461,3.0798277854919434,,,,,,,,
E5,919,0.21606427431106567,1.3820036480587625,1.0337743711258685,0.7045620523268051,-0.8180514508673536,0.12751027662307024,12.053942680358887,3.185763359069824,3.0933306217193604,,,,,,,,
E5,923,0.2191362977027893,1.3247399855227697,1.0719679317304067,0.6492205055277628,-0.759938826281873,0.107476836303249,11.976373672485352,3.1835875511169434,3.1067464351654053,,,,,,,,
E5,927,0.22272032499313354,1.2040722441696932,1.088215035460298,0.5728511855548332,-0.6358035430053456,0.13106237666215748,12.099183082580566,3.180936336517334,3.120299816131592,,,,,,,,
E5,931,0.22067230939865112,1.210832226548403,1.099040972926314,0.49340802945071527,-0.63985529508523,0.1015531657030806,12.057395935058594,3.1805076599121094,3.1338062286376953,,,,,,,,
E5,935,0.22579234838485718,1.3356961657012265,1.0420851357990788,0.7197339204557017,-0.7799424142539797,0.12400090578012168,12.076268196105957,3.1893258094787598,3.147333860397339,,,,,,,,
E5,940,0.2288643717765808,1.3175209666646661,1.0580224426729339,0.636083949760381,-0.7554920418779292,0.11684896587394178,11.962141990661621,3.188858985900879,3.160733699798584,,,,,,,,
E5,944,0.2288643717765808,1.287210164148183,1.0388571713415404,0.6778673739103016,-0.7451975421373924,0.12817337340675294,12.042628288269043,3.1815948486328125,3.1742238998413086,,,,,,,,
E5,948,0.23193639516830444,1.2997588782260816,1.0825381987979488,0.6105080383982676,-0.7246566695708131,0.12226244539488107,12.0166597366333,3.1809277534484863,3.1876847743988037,,,,,,,,
E5,952,0.23193639516830444,1.2744422376983695,1.074858749787959,0.6314109338086042,-0.7073854221611299,0.10616516892332584,11.961454391479492,3.1944022178649902,3.2010836601257324,,,,,,,,
E5,956,0.23091238737106323,1.3473656380933428,1.0714736333087322,0.6111342179999033,-0.7677188215422488,0.10395428829360753,11.913985252380371,3.2122349739074707,3.2144298553466797,,,,,,,,
E5,960,0.23244839906692505,1.3243575828179481,1.068913745915606,0.6932050557320576,-0.7567955593944394,0.08841763413511217,12.01099681854248,3.1771650314331055,3.227884292602539,,,,,,,,
E5,964,0.23449641466140747,1.370057410604897,1.012430172058798,0.6742212726706778,-0.8242445032866228,0.17124018585309386,12.014777183532715,3.19010591506958,3.2413432598114014,,,,,,,,
E5,968,0.2365444302558899,1.275718560057973,1.0667034482790365,0.6155728830976773,-0.7003150248848315,0.11561098578386009,11.978550910949707,3.1918954849243164,3.2547614574432373,,,,,,,,
E5,972,0.23859244585037231,1.276189835298629,1.0802211423241903,0.6030510509118551,-0.7065116154761719,0.1250016251578927,11.903142929077148,3.1950225830078125,3.268097400665283,,,,,,,,
E5,976,0.24217647314071655,1.345441576566488,1.0693127929809547,0.6543245101799327,-0.7643853146545885,0.09541659348178655,12.053457260131836,3.1739425659179688,3.281599283218384,,,,,,,,
E5,980,0.2472965121269226,1.3598456499832017,1.0362625933947072,0.735706874982579,-0.806559442775324,0.11398212378844619,12.058709144592285,3.190077304840088,3.295107364654541,,,,,,,,
E5,984,0.24934452772140503,1.3032003940925712,1.050088890724712,0.6416576003252682,-0.7513168850185586,0.12888721353374422,12.11982250213623,3.2045302391052246,3.308685064315796,,,,,,,,
E5,988,0.2544645667076111,1.3343309020948788,1.0289508201891469,0.7066163681864516,-0.8010665290612018,0.11298712407005951,12.0214204788208,3.1784324645996094,3.3221511840820312,,,,,,,,
E5,992,0.2570245862007141,1.2618155475291941,1.0734960443916775,0.5877390762950891,-0.6917692980921221,0.1359915768261999,12.140462875366211,3.202019691467285,3.3357508182525635,,,,,,,,
E5,996,0.2580485939979553,1.253802657600433,1.0662909871529018,0.5916262982628628,-0.7036041294960009,0.13512423122301698,12.047910690307617,3.188688278198242,3.3492467403411865,,,,,,,,
E5,1000,0.26009660959243774,1.227526002578319,1.0803782579208177,0.5724203973911258,-0.6634287996317393,0.11107714904937893,12.077935218811035,3.1990771293640137,3.362776279449463,,,,,,,,
E5,1004,0.26112061738967896,1.284908051942549,1.0507615921752793,0.6280259282203086,-0.7245210871240864,0.12818281981162727,11.890305519104004,3.186527729034424,3.3760955333709717,,,,,,,,
E5,1008,0.26060861349105835,1.2053766450475132,1.0978577413729258,0.5471983645250326,-0.6358620780076654,0.12266220396850258,12.049973487854004,3.1855130195617676,3.3895933628082275,,,,,,,,
E5,1012,0.26265662908554077,1.3176770933741142,1.0494969611957905,0.7173529659474353,-0.7548494458952475,0.1119256834499538,11.93093490600586,3.1828842163085938,3.405856132507324,,,,,,,,
E5,1016,0.26163262128829956,1.2864368358656528,1.0717967305155027,0.6077703228776357,-0.721613483784336,0.14977957005612552,12.086189270019531,3.1833739280700684,3.4193944931030273,,,,,,,,
E5,1020,0.2647046446800232,1.2900951639527367,1.051354056963372,0.664322599740838,-0.7357586107793308,0.08879970398265868,11.945618629455566,3.181708335876465,3.4327759742736816,,,,,,,,
E5,1024,0.266240656375885,1.2594677070599227,1.0684602294885923,0.6065955326975837,-0.7005210358183831,0.13081520213745534,11.933805465698242,3.196312427520752,3.4461441040039062,,,,,,,,
E5,1028,0.26828867197036743,1.2817174531519413,1.0871181621674508,0.5754035321314499,-0.703573285738775,0.113239866332151,11.973255157470703,3.190034866333008,3.4595611095428467,,,,,,,,
E5,1032,0.26982468366622925,1.2476987142766278,1.1093344271537804,0.5743760856410572,-0.6645016109530207,0.09530278877355158,11.9229154586792,3.1901631355285645,3.472916841506958,,,,,,,,
E5,1036,0.27084869146347046,1.2144168662055144,1.0668831598900614,0.5660498465806472,-0.6563700333049166,0.14917370056112608,11.90239143371582,3.1913437843322754,3.4862518310546875,,,,,,,,
E5,1040,0.2723847031593323,1.2776233274193982,1.0648219923651407,0.6276453927423415,-0.7102863923757381,0.12270380812697113,11.945513725280762,3.1765012741088867,3.4996330738067627,,,,,,,,
E5,1044,0.27033668756484985,1.255187329082262,1.0795786518544432,0.5671567651060924,-0.6888175587916362,0.1289100614376366,12.06821060180664,3.1747684478759766,3.5131516456604004,,,,,,,,
E5,1048,0.27136069536209106,1.2018799458940823,1.0814931855670042,0.5797739195595704,-0.6325594082803628,0.1275481943739578,11.986957550048828,3.195378303527832,3.5265791416168213,,,,,,,,
E5,1052,0.2723847031593323,1.2247629567152925,1.0604089720854684,0.589525960368424,-0.678458628285351,0.14250935870222747,11.950668334960938,3.182464122772217,3.539966106414795,,,,,,,,
E5,1056,0.27187269926071167,1.239493514041579,1.070873417315029,0.6086641773581505,-0.6852417599117856,0.1263224717695266,11.921677589416504,3.1752114295959473,3.5533206462860107,,,,,,,,
E5,1060,0.2728967070579529,1.2184975095211514,1.0863573038507075,0.5453259030516857,-0.6652344533866863,0.13725565816275775,12.01089859008789,3.192345142364502,3.56677508354187,,,,,,,,
E5,1065,0.2728967070579529,1.2328744756560477,1.0698793955029002,0.6068707748955644,-0.6660932212613434,0.12353470793459564,12.082284927368164,3.2116971015930176,3.5803139209747314,,,,,,,,
E5,1069,0.2728967070579529,1.2568890319043209,1.0925879011906328,0.6137092980841147,-0.6820173165169618,0.10877720336429775,12.018610954284668,3.1724801063537598,3.5937769412994385,,,,,,,,
E5,1073,0.2723847031593323,1.1999131958222105,1.1006694689156518,0.5131141042454974,-0.6277424325826504,0.11159993964247406,12.013251304626465,3.1903204917907715,3.607234001159668,,,,,,,,
E5,1077,0.2764807343482971,1.2261806970077849,1.069806461769437,0.5997541914277001,-0.6755207555058101,0.11867405625525862,11.91384506225586,3.2104454040527344,3.6205801963806152,,,,,,,,
E5,1081,0.2764807343482971,1.2285653175933966,1.0927927342672197,0.6060969482954425,-0.6585667106906868,0.11803821451030672,12.103411674499512,3.198561668395996,3.6341428756713867,,,,,,,,
E5,1085,0.27852874994277954,1.2303144449870738,1.0774711745362433,0.5733433616132155,-0.6693127012852255,0.12006760016083717,11.871567726135254,3.182206153869629,3.6474411487579346,,,,,,,,
E5,1089,0.27904075384140015,1.2589005489079725,1.0712274016723746,0.6703677339750383,-0.6929106814620484,0.1239278792636469,12.12395191192627,3.1897525787353516,3.661022186279297,,,,,,,,
E5,1093,0.2821127772331238,1.286992493129912,1.0612705802870175,0.6066570673381159,-0.7254208799373979,0.12508880230598152,11.996572494506836,3.200617790222168,3.6744604110717773,,,,,,,,
E5,1097,0.2841607928276062,1.2899467175796864,1.0627993812400198,0.6177698638769729,-0.7287939643720165,0.12059856625273824,12.034470558166504,3.194200038909912,3.687941074371338,,,,,,,,
E5,1101,0.2841607928276062,1.2739557673533757,1.0303344222170019,0.6169724100706817,-0.7308523304934155,0.1416215617209673,11.94375228881836,3.1921181678771973,3.701322078704834,,,,,,,,
E5,1105,0.2836487889289856,1.2517018454770248,1.0900474764288417,0.6027396489282264,-0.6862667869953882,0.1464358428493142,12.125212669372559,3.1957597732543945,3.714904308319092,,,,,,,,
E5,1109,0.2836487889289856,1.2027361260815745,1.0779966815478272,0.5717461016654635,-0.6539764924544014,0.09889111324446276,12.09581184387207,3.200252056121826,3.7284538745880127,,,,,,,,
E5,1113,0.28672081232070923,1.2459067342773316,1.0626749107170672,0.5997733697816452,-0.6964809647096055,0.12839305447414517,12.056103706359863,3.200617790222168,3.744917869567871,,,,,,,,
E5,1117,0.28774482011795044,1.2104065603620948,1.0578924813677395,0.627176661485695,-0.6630687075962741,0.11866171343717724,11.969453811645508,3.1956987380981445,3.7583258152008057,,,,,,,,
E5,1121,0.285696804523468,1.21041730927333,1.1295139763563398,0.5499309757898159,-0.6223368695308824,0.08826470788335428,11.9574556350708,3.2087182998657227,3.7717201709747314,,,,,,,,
E5,1125,0.28672081232070923,1.286856322061448,1.0314221468473237,0.6628061921836169,-0.7503745791683387,0.15115371928550303,12.018775939941406,3.2066946029663086,3.7851834297180176,,,,,,,,
E5,1129,0.28774482011795044,1.3067882606789234,1.0546215934649346,0.7323228930776466,-0.74866400287664,0.10427302896277979,11.999655723571777,3.2002415657043457,3.7986252307891846,,,,,,,,
E5,1133,0.29030483961105347,1.259217380472119,1.0483028898754763,0.5825478341152419,-0.7233841285915188,0.1543548391200602,11.953554153442383,3.19089412689209,3.8120152950286865,,,,,,,,
E5,1137,0.2918408513069153,1.192249076056575,1.071842183965066,0.602234039691958,-0.6341251160409893,0.13904695957899094,12.048898696899414,3.210747241973877,3.825512170791626,,,,,,,,
E5,1141,0.28876882791519165,1.1750494025884166,1.0928574563964966,0.5118195552921007,-0.6149088966305412,0.1347093021031469,12.02130126953125,3.184965133666992,3.8389782905578613,,,,,,,,
E5,1145,0.28979283571243286,1.194428983307074,1.0884860751647798,0.5399023292259549,-0.6331313848199825,0.11857659765519202,12.086551666259766,3.195986747741699,3.8525173664093018,,,,,,,,
E5,1149,0.28876882791519165,1.1913514131946223,1.0883437406922143,0.5852445142392292,-0.6302953432369534,0.12432375340722501,11.941152572631836,3.191671371459961,3.8658947944641113,,,,,,,,
E5,1153,0.2913288474082947,1.2407936948455043,1.064976060674304,0.6282423270532667,-0.6870738642183059,0.11881654895842075,12.11075210571289,3.1895647048950195,3.8794610500335693,,,,,,,,
E5,1157,0.2933768630027771,1.2118827505776333,1.0793602791807009,0.5585138026082804,-0.6586645744123777,0.1410993319004774,12.01083755493164,3.205906867980957,3.8929152488708496,,,,,,,,
E5,1161,0.2954248785972595,1.2425432069197533,1.1412336055839818,0.5267161672288524,-0.653154253044964,0.09877794981002808,12.06246280670166,3.1837239265441895,3.9064273834228516,,,,,,,,
E5,1165,0.29747289419174194,1.2712516121211506,1.0539567403140522,0.6268386279239856,-0.7165550164590102,0.11862675938755274,11.801609992980957,3.1879329681396484,3.919649124145508,,,,,,,,
E5,1169,0.30003291368484497,1.2143903967761804,1.067886416105524,0.6248124080028996,-0.6641935022743715,0.11934170429594815,12.0233793258667,3.195998191833496,3.933117389678955,,,,,,,,
E5,1173,0.30003291368484497,1.2457107025834302,1.079524801009231,0.5123534252060883,-0.6764535973225498,0.13937934930436313,11.946331024169922,3.1873536109924316,3.9464993476867676,,,,,,,,
E5,1177,0.3010569214820862,1.1696160877389568,1.0990186513416351,0.5426485864237062,-0.6044644088343909,0.10937569406814873,11.995842933654785,3.193748950958252,3.9599368572235107,,,,,,,,
E5,1181,0.3031049370765686,1.2297560221973867,1.0637927161795753,0.5716271633977321,-0.6863513023237742,0.14514844492077827,11.9421968460083,3.1883444786071777,3.9733169078826904,,,,,,,,
E5,1185,0.3046409487724304,1.2287639534426114,1.062362217713916,0.6302004335482897,-0.6753856731774581,0.11973002075683326,12.081849098205566,3.18505859375,3.9868505001068115,,,,,,,,
E5,1190,0.30566495656967163,1.1862175292261536,1.1099993697707615,0.5050150382422856,-0.6159984272505555,0.10330970142967999,12.079601287841797,3.191425323486328,4.000381946563721,,,,,,,,
E5,1194,0.30771297216415405,1.2316279906247343,1.058870349020239,0.6254010667829816,-0.6829196916882038,0.1275142841041088,11.979632377624512,3.1920809745788574,4.013801097869873,,,,,,,,
E5,1198,0.3107849955558777,1.2161739249196317,1.0845476316790732,0.5458470657537344,-0.6599861338590494,0.13892408134415746,11.88162899017334,3.191117763519287,4.027110576629639,,,,,,,,
E5,1202,0.3123210072517395,1.1649971016579204,1.1018076941134438,0.5170057492831083,-0.5998795882129805,0.11237021232955158,12.133967399597168,3.199624538421631,4.040702819824219,,,,,,,,
E5,1206,0.3143690228462219,1.1968392218270945,1.0945935741894774,0.5765764015003928,-0.631591842779594,0.13016307447105646,12.17016887664795,3.1897411346435547,4.054335594177246,,,,,,,,
E5,1210,0.3143690228462219,1.1998151209027994,1.0870604796542063,0.5420803037722275,-0.6383526043463794,0.12330082012340426,12.029851913452148,3.189434051513672,4.067819118499756,,,,,,,,
E5,1214,0.31539303064346313,1.2365835250488348,1.0777545199980811,0.6064120000158784,-0.6735902152556393,0.11237977840937674,11.996248245239258,3.213183879852295,4.0842742919921875,,,,,,,,
E5,1218,0.31692904233932495,1.2097902898159292,1.0883374362001343,0.5631413099759105,-0.6556068412804356,0.11008150433190167,12.163203239440918,3.1894803047180176,4.097899436950684,,,,,,,,
E5,1222,0.3200010657310486,1.2237954845149366,1.097315951176579,0.6229350470082918,-0.6509913003112796,0.08019876608159393,12.085640907287598,3.1882901191711426,4.1114373207092285,,,,,,,,
E5,1226,0.3210250735282898,1.2046031281352043,1.0694160472069467,0.551379147781504,-0.6551251502112589,0.1460281671024859,12.023541450500488,3.1909608840942383,4.124906063079834,,,,,,,,
E5,1230,0.3230730891227722,1.244763968187192,1.081166698700852,0.5922550219534473,-0.675980899462639,0.1012469595298171,11.88634967803955,3.196901321411133,4.138222694396973,,,,,,,,
E5,1234,0.3235850930213928,1.2061537149702273,1.093000049747172,0.5413887091606522,-0.6367002234457888,0.1093981578014791,12.085784912109375,3.195737838745117,4.151761054992676,,,,,,,,
E5,1238,0.32460910081863403,1.1798027430971463,1.1016152779024744,0.5117983312186187,-0.6058467044957012,0.12537202727980912,12.008849143981934,3.1926779747009277,4.165213108062744,,,,,,,,
E5,1242,0.3235850930213928,1.1604924958554053,1.1009634047273607,0.51569608948541,-0.59227951423132,0.13281183317303658,12.073382377624512,3.2076215744018555,4.178748607635498,,,,,,,,
E5,1246,0.32460910081863403,1.1778495747241235,1.093022376062378,0.54821036976359,-0.6206104773362833,0.11443421454168856,11.894806861877441,3.1912550926208496,4.192072868347168,,,,,,,,
E5,1250,0.32512110471725464,1.1723544836517363,1.088291190328106,0.5359110615056342,-0.6102529190137007,0.1398478738265112,12.013667106628418,3.1901259422302246,4.205530643463135,,,,,,,,
E5,1254,0.32614511251449585,1.1830784851862561,1.099276193787181,0.5757547111855125,-0.6062746137502559,0.10124236473347992,12.01123046875,3.189080238342285,4.218985557556152,,,,,,,,
E5,1258,0.32819312810897827,1.2060738128447344,1.0889513042001497,0.5586863016021618,-0.6410187872400183,0.10952220880426466,12.009780883789062,3.1938486099243164,4.232438564300537,,,,,,,,
E5,1262,0.3292171359062195,1.2030343687132237,1.0665938960654395,0.6028443502415138,-0.6491847805113399,0.1514499308541417,11.911774635314941,3.187042236328125,4.245781898498535,,,,,,,,
E5,1266,0.3307531476020813,1.1891914856812311,1.0835698313183255,0.5482358397957661,-0.6280459039475,0.15091004746500403,12.036680221557617,3.192223072052002,4.259264945983887,,,,,,,,
E5,1270,0.3297291398048401,1.186813884192989,1.0853350570514089,0.5180990085520073,-0.6266265060024573,0.126773439347744,12.050004005432129,3.198120594024658,4.272763252258301,,,,,,,,
E5,1274,0.3317771553993225,1.1928609677013897,1.0850546972619162,0.5897779668778625,-0.6305220986250788,0.11117896251380444,12.064523696899414,3.211203098297119,4.286277770996094,,,,,,,,
E5,1278,0.3317771553993225,1.1833487322760954,1.1195214608358959,0.5738132276586188,-0.6029646157948596,0.08216626744251698,11.980660438537598,3.186403751373291,4.299698352813721,,,,,,,,
E5,1282,0.3333131670951843,1.202925679880002,1.0673224765156943,0.5498552967710838,-0.6602527413993985,0.15696936729364097,12.037606239318848,3.2061920166015625,4.313182353973389,,,,,,,,
E5,1286,0.3333131670951843,1.1598024331624546,1.0952507169946792,0.5347019627711166,-0.5968566042674144,0.12290598440449685,12.098282814025879,3.1944375038146973,4.32673454284668,,,,,,,,
E5,1290,0.33433717489242554,1.1762835254508353,1.0922884368707264,0.5706051689391928,-0.6132183775863802,0.12440284248441458,12.025790214538574,3.2128448486328125,4.340205669403076,,,,,,,,
E5,1294,0.33638519048690796,1.1820942697721342,1.0843391783298955,0.5378666616955095,-0.6302027188995409,0.11307598277926445,11.831172943115234,3.2006258964538574,4.353460311889648,,,,,,,,
E5,1298,0.3379212021827698,1.1857968668734271,1.0893476007003633,0.5330372864324877,-0.6198376614326936,0.14416156546212733,11.920751571655273,3.191615581512451,4.366813659667969,,,,,,,,
E5,1302,0.3399692177772522,1.149268850979824,1.1016723856566444,0.5236643380798233,-0.5871774851758447,0.1290510423714295,11.959830284118652,3.195192813873291,4.380210876464844,,,,,,,,
E5,1306,0.338945209980011,1.1610027786994737,1.0881468093111402,0.5527391275564737,-0.6046924662207149,0.1113842697814107,12.032191276550293,3.1992812156677246,4.393689155578613,,,,,,,,
E5,1310,0.338945209980011,1.170859581303029,1.108519511326911,0.5317556267298424,-0.5993997929007968,0.11018628964666277,11.871050834655762,3.20925235748291,4.406986713409424,,,,,,,,
E5,1314,0.3384332060813904,1.1679077136019866,1.0980934744316435,0.5064298265384259,-0.5980137222841944,0.12883462151512504,11.961600303649902,3.194187641143799,4.423412322998047,,,,,,,,
E5,1319,0.3394572138786316,1.1895294914997758,1.083770212318216,0.5550317570650533,-0.6383132973430856,0.1402388617862016,12.016386985778809,3.194821834564209,4.436872482299805,,,,,,,,
E5,1323,0.3384332060813904,1.1481730237248398,1.0905558776760857,0.49134330663121123,-0.5857048781038011,0.1183845876948908,12.112944602966309,3.2202682495117188,4.450440883636475,,,,,,,,
E5,1327,0.33740919828414917,1.1797040748217749,1.088109681885394,0.5242380241293516,-0.6168979950515288,0.1362705563660711,11.946086883544922,3.1918673515319824,4.463822841644287,,,,,,,,
E5,1331,0.3379212021827698,1.1783519730799727,1.0890323807086264,0.5500532124615483,-0.6180815496518912,0.13323935004882514,12.068499565124512,3.1867899894714355,4.477341651916504,,,,,,,,
E5,1335,0.3399692177772522,1.1951292510780076,1.0917129132246215,0.5687290994839659,-0.6319867742029832,0.11728901829337701,12.03213119506836,3.194913387298584,4.490819931030273,,,,,,,,
E5,1339,0.3409932255744934,1.1770658404344605,1.0927919102684847,0.5201517500177916,-0.6100717338267714,0.13219629926607013,12.139629364013672,3.2050790786743164,4.50441837310791,,,,,,,,
E5,1343,0.3420172333717346,1.1812196905532526,1.0818568073094836,0.5766877606823874,-0.6249197229284734,0.12526006414555013,11.952339172363281,3.1989288330078125,4.5178070068359375,,,,,,,,
E5,1347,0.3425292372703552,1.211991585199795,1.0810661338387975,0.5503419275611028,-0.6540001106489125,0.14053104631602764,12.053288459777832,3.226255416870117,4.531309127807617,,,,,,,,
E5,1351,0.3425292372703552,1.2089189605580435,1.0688582648124014,0.5601100165278776,-0.6621085485620868,0.13102280045859516,12.024483680725098,3.2003836631774902,4.544778347015381,,,,,,,,
E5,1355,0.3404812216758728,1.1802432753500485,1.1026692661264585,0.5527103990073136,-0.6049430616613891,0.10394704237114638,12.002659797668457,3.2006125450134277,4.558223724365234,,,,,,,,
E5,1359,0.3394572138786316,1.162397669243907,1.0666122587900313,0.5370481659686475,-0.6257358771981671,0.15319358805815378,11.790848731994629,3.205504894256592,4.571434020996094,,,,,,,,
E5,1363,0.3399692177772522,1.1896320243794767,1.0745993053156233,0.5948975543706998,-0.6276687509287888,0.12775099137797952,11.957419395446777,3.1957874298095703,4.5848283767700195,,,,,,,,
E5,1367,0.338945209980011,1.1556253101499308,1.090984689574393,0.49943357487834655,-0.5977027640264068,0.12969541805796325,11.999089241027832,3.190608024597168,4.59827184677124,,,,,,,,
E5,1371,0.3409932255744934,1.1863938396175702,1.0880076845013906,0.5683830666578195,-0.6219997656003143,0.11783778393873945,11.944278717041016,3.201808452606201,4.61165189743042,,,,,,,,
E5,1375,0.34406524896621704,1.2366857353065694,1.0432507542390672,0.6559816813409162,-0.6895496251286998,0.1248964958358556,11.792950630187988,3.1920838356018066,4.624862194061279,,,,,,,,
E5,1379,0.34662526845932007,1.183515192112989,1.0887278893164225,0.5254988720147078,-0.6335859539408591,0.14323923364281654,11.934359550476074,3.203627109527588,4.638230800628662,,,,,,,,
E5,1383,0.3507212996482849,1.2108143147022006,1.0828123193175074,0.5911775379712735,-0.6472676046514174,0.11953748273663223,12.015207290649414,3.1916370391845703,4.651689529418945,,,,,,,,
E5,1387,0.35328131914138794,1.2240670637951956,1.0721276961266994,0.6112693057763877,-0.672388243575817,0.10855586477555335,11.899799346923828,3.21274995803833,4.665035724639893,,,,,,,,
E5,1391,0.35225731134414673,1.172228404394691,1.088147378393582,0.5608167529780307,-0.614344686084974,0.09584190489840694,11.847652435302734,3.199820041656494,4.678307056427002,,,,,,,,
E5,1395,0.35379332304000854,1.2150253208265418,1.0916177003629624,0.5587089135652102,-0.6500907362187429,0.12004482839256525,11.955953598022461,3.2085418701171875,4.691699981689453,,,,,,,,
E5,1399,0.35584133863449097,1.1851089796317475,1.0803397639639793,0.576729130906873,-0.6341655051283952,0.14247365202754736,11.995514869689941,3.2017550468444824,4.705136775970459,,,,,,,,
E5,1403,0.3578893542289734,1.1909248053081452,1.0761812692360273,0.5546282843109777,-0.6342299715671245,0.15151195810176432,12.010597229003906,3.1988883018493652,4.71859073638916,,,,,,,,
E5,1407,0.3599373698234558,1.1503653588394325,1.0874952004542426,0.5258469108471285,-0.5940085947070093,0.14442248665727675,11.881606101989746,3.1961326599121094,4.731900215148926,,,,,,,,
E5,1411,0.3604493737220764,1.146739449647684,1.1141574940984211,0.5091297660898695,-0.5718248945823501,0.10526216932339594,12.033613204956055,3.207850933074951,4.74537992477417,,,,,,,,
E5,1415,0.36249738931655884,1.1438951503544572,1.0901340597442217,0.514335254064775,-0.5870517244902513,0.14353141537867486,11.938285827636719,3.1967220306396484,4.761744022369385,,,,,,,,
E5,1419,0.36352139711380005,1.1400960941340714,1.10408159144341,0.5549435158253216,-0.576277625639849,0.1250973460264504,12.11981201171875,3.1938414573669434,4.775321006774902,,,,,,,,
E5,1423,0.36505740880966187,1.1811246620638975,1.0891116040330084,0.5216360396395127,-0.6118565705985511,0.10346686979755759,11.83084774017334,3.202723979949951,4.788575172424316,,,,,,,,
E5,1427,0.36454540491104126,1.195576950493786,1.0920325605169174,0.5342549000755509,-0.6369804247533755,0.13180749665480107,12.091349601745605,3.1903138160705566,4.802119731903076,,,,,,,,
E5,1431,0.3676174283027649,1.185220193531778,1.0879877714647188,0.5927890629173993,-0.625161563456502,0.1157888820162043,12.03747844696045,3.2124366760253906,4.815603733062744,,,,,,,,
E5,1435,0.3676174283027649,1.1618345925022686,1.100138743008886,0.5358314357086349,-0.5949378410845788,0.1247291024774313,12.128584861755371,3.1942873001098633,4.829189777374268,,,,,,,,
E5,1439,0.3706894516944885,1.1226288364047097,1.0944418345415403,0.5190678263263805,-0.570954504818286,0.13451625825837255,12.005036354064941,3.2052016258239746,4.84263801574707,,,,,,,,
E5,1444,0.37120145559310913,1.1557929067325496,1.1024444256983106,0.5802084819149615,-0.5826176709665488,0.12663353001698852,12.21149730682373,3.1918187141418457,4.856316566467285,,,,,,,,
E5,1448,0.37427347898483276,1.1495376334540428,1.0904811066057947,0.5197458658749655,-0.5914318858948906,0.15223613544367254,12.035618782043457,3.21095609664917,4.86979866027832,,,,,,,,
E5,1452,0.375297486782074,1.1648968125856112,1.0871562075520318,0.5126352057611542,-0.6138640865905299,0.11855362902861089,11.981432914733887,3.2038474082946777,4.883220195770264,,,,,,,,
E5,1456,0.3763214945793152,1.117162621210492,1.0975767229757611,0.509853068621023,-0.55407732518922,0.14404873363673687,11.993799209594727,3.1922245025634766,4.896655559539795,,,,,,,,
E5,1460,0.3758094906806946,1.1120721170353511,1.1046573332850895,0.5345160811479245,-0.5480280726933704,0.1297692956868559,11.958404541015625,3.1936159133911133,4.910050868988037,,,,,,,,
E5,1464,0.3768334984779358,1.132144502526711,1.123583640962366,0.4930943803020767,-0.556496241878319,0.09918279945850372,12.107179641723633,3.2137484550476074,4.92361307144165,,,,,,,,
E5,1468,0.3788815140724182,1.1731058750597259,1.0896013719694955,0.5681411047368797,-0.618214471367306,0.11924819916021079,12.091569900512695,3.2028117179870605,4.93715763092041,,,,,,,,
E5,1472,0.38092952966690063,1.1631641743911638,1.090745087890398,0.5882146709751505,-0.602700867542317,0.11736275325529277,11.859148025512695,3.210272789001465,4.950442314147949,,,,,,,,
E5,1476,0.38041752576828003,1.1761928514414837,1.092776379001046,0.5384969582795096,-0.6146069324837761,0.1292043086141348,11.954320907592773,3.206540584564209,4.963832855224609,,,,,,,,
E5,1480,0.38041752576828003,1.1392960499912974,1.0884901004887761,0.5231306496451595,-0.5911843656591834,0.1385006734635681,11.978886604309082,3.2123794555664062,4.9772515296936035,,,,,,,,
E5,1484,0.38144153356552124,1.116749133796446,1.110599976210367,0.4938286381370541,-0.5438531060492442,0.13613932742737234,11.95271110534668,3.2168092727661133,4.990640640258789,,,,,,,,
E5,1488,0.38246554136276245,1.1337234986325104,1.1103896458470632,0.4935405620825336,-0.5621581816812977,0.12218375767891605,11.907076835632324,3.192678451538086,5.00398063659668,,,,,,,,
E5,1492,0.38092952966690063,1.1239762783996643,1.1094966030546598,0.47169917654037585,-0.5592235225208458,0.12100433756131679,11.973861694335938,3.2136125564575195,5.017393589019775,,,,,,,,
E5,1496,0.3788815140724182,1.1189658923281565,1.106870200780649,0.528759493419567,-0.5573428821461719,0.11833111091982573,11.998505592346191,3.203779697418213,5.030833721160889,,,,,,,,
E5,1500,0.3758094906806946,1.6605232506990433,1.086083322763443,-0.2346196558792144,-1.428944818675518,0.14278577733784914,9.676374435424805,3.1739492416381836,5.0444488525390625,15.479140968993278,1,0.007494125980883837,0.6042400002479553,0.029980000108480453,1,1,1
E1b,0,0.0,0.467926949262619,2.3771232664585114,-0.9807745516300201,1.126952152699232,0.00028756199026247486,249.79689025878906,17.658164978027344,0.014281461015343666,,,,,,,,
E1b,4,0.002047999994829297,7.178608983585108,0.7482187639448851,1.8114913955020409,-5.827027353177232,0.001336485559780461,11.598553657531738,3.1355061531066895,0.029635973274707794,,,,,,,,
E1b,8,0.00870400108397007,7.080626409914759,0.3528354782537217,3.3378276466878494,-6.66412102487973,0.00518841075245291,11.821258544921875,3.136622428894043,0.04287807270884514,,,,,,,,
E1b,12,0.014848003163933754,4.678621445383344,0.4434284898341589,4.005273866397676,-4.137346928732263,0.047309472487540916,11.509882926940918,3.138064384460449,0.055771373212337494,,,,,,,,
E1b,16,0.017920004203915596,3.223976815681136,0.7364876915447577,2.647091018863078,-2.649173191863127,0.02250858405022882,11.856379508972168,3.1409168243408203,0.06905274838209152,,,,,,,,
E1b,20,0.02252800576388836,3.018881257327776,0.648014624532874,2.7203335471923893,-2.4528785411505,0.06185967454803176,11.755411148071289,3.1377758979797363,0.08222103863954544,,,,,,,,
E1b,24,0.026112006977200508,2.7704705025941605,0.6158866521917166,3.0878082180479125,-2.2103108674221272,0.0543962825613562,11.976481437683105,3.1374073028564453,0.09563688933849335,,,,,,,,
E1b,28,0.028160007670521736,3.039425601443601,0.7576410696206112,2.6479198110929287,-2.286274817938517,0.03453629126306623,11.843633651733398,3.179225444793701,0.10892368853092194,,,,,,,,
E1b,32,0.030208008363842964,2.7303001674276497,0.7154699014647613,2.1271635502813133,-2.125631908315145,0.04208186289179139,11.934883117675781,3.1461434364318848,0.1222929134964943,,,,,,,,
E1b,36,0.03430400788784027,2.663283847981975,0.8428871811604097,2.6538878473411525,-1.9543761402915514,0.04343221844465006,11.826861381530762,3.1404666900634766,0.1355411559343338,,,,,,,,
E1b,40,0.035328008234500885,2.6188133032548997,0.6831930457865671,2.83206794619449,-2.0234622648355387,0.04039858223404735,11.941495895385742,3.1375885009765625,0.1489177793264389,,,,,,,,
E1b,44,0.040448009967803955,3.465752002738771,0.5358137350071163,3.778346512411068,-2.8023067712783813,0.041995744744781405,11.911988258361816,3.139632225036621,0.1622612327337265,,,,,,,,
E1b,48,0.0435200110077858,2.7934349283339484,0.8324636585921759,2.5473319894022572,-2.1157483281567693,0.028595144802238792,11.975117683410645,3.1408820152282715,0.17567560076713562,,,,,,,,
E1b,52,0.04761601239442825,2.727096400563679,0.48692020232833566,4.498552803728563,-2.3167715858121123,0.04055058537051082,11.845544815063477,3.1428980827331543,0.18894512951374054,,,,,,,,
E1b,57,0.05017601326107979,2.980432920630962,0.708336872048676,3.3261994739104783,-2.4988542574916095,0.02749836833390873,11.846789360046387,3.137970447540283,0.20221558213233948,,,,,,,,
E1b,61,0.049152012914419174,2.280659698304676,0.7535150910631591,3.3372463323523416,-1.7081305106569613,0.03719418906257488,11.860283851623535,3.164968967437744,0.21550598740577698,,,,,,,,
E1b,65,0.04505601152777672,1.769159717278348,0.8805973695088474,2.1720848026643718,-1.285073145296395,0.055404430779162794,11.911287307739258,3.1387853622436523,0.22884850203990936,,,,,,,,
E1b,69,0.04505601152777672,2.0817083991945737,0.7295786924512376,2.4833053444004194,-1.6075898513183116,0.06161276212272545,11.779967308044434,3.14703369140625,0.24205026030540466,,,,,,,,
E1b,73,0.0435200110077858,2.0765733819395775,0.8167193410178971,1.815338717870859,-1.5284463812944493,0.045421001414069906,11.922080993652344,3.1411495208740234,0.255405068397522,,,,,,,,
E1b,77,0.045568011701107025,2.639351068862847,0.8747163082339934,1.8983128732070327,-1.8414604488301962,0.04887578749912791,11.954047203063965,3.14394474029541,0.2687958776950836,,,,,,,,
E1b,81,0.04249601066112518,1.9473447783125772,0.8778123875695562,1.67554262479239,-1.3594244406299874,0.04712071851827204,11.899212837219238,3.13917875289917,0.2821287512779236,,,,,,,,
E1b,85,0.03942400962114334,1.8629120620233672,0.8702567628333493,1.7844210403950524,-1.311258403613927,0.04687064670724794,11.871040344238281,3.1469521522521973,0.2954263985157013,,,,,,,,
E1b,89,0.03481600806117058,1.783058877502169,0.9543022750507272,1.2979782685331667,-1.2099392260350879,0.04298811606713571,11.905343055725098,3.140956401824951,0.3087625205516815,,,,,,,,
E1b,93,0.028672005981206894,1.9173455243664128,0.9530242391758494,1.4251200554948023,-1.3010837394588937,0.03878432005876675,11.988181114196777,3.139881134033203,0.3221915066242218,,,,,,,,
E1b,97,0.02764800563454628,1.888985831349615,0.9624265434723052,1.4314127199268385,-1.2609918160467513,0.051615656513604335,11.927295684814453,3.142134666442871,0.3355524241924286,,,,,,,,
E1b,101,0.023040004074573517,1.731143667702637,0.9000072628259659,1.4012812123244711,-1.1685319406106063,0.08537901105592027,11.859102249145508,3.1417593955993652,0.34883683919906616,,,,,,,,
E1b,105,0.019456002861261368,1.826508184510564,0.9284370951354504,1.2698143617347328,-1.2464183981545152,0.04978549893712625,11.94922161102295,3.139039993286133,0.36458051204681396,,,,,,,,
E1b,109,0.016384001821279526,1.7471171868225885,0.9575378494485031,1.2819381796393488,-1.1832494772083701,0.055881249194499105,11.9724702835083,3.1440391540527344,0.37799161672592163,,,,,,,,
E1b,113,0.01228800043463707,1.7081199054798437,0.9781433659945689,1.1939235075668835,-1.1243081748382084,0.06476705090608448,11.916481018066406,3.1374502182006836,0.3913401663303375,,,,,,,,
E1b,117,0.006143998354673386,1.7632361800661163,0.9737033901943101,1.066557905518575,-1.1476610657234219,0.06395697861444205,11.827383041381836,3.1394219398498535,0.4045889675617218,,,,,,,,
E1b,121,0.004607997834682465,2.0219699848029347,0.9295877752500394,1.3633383723643067,-1.3815838451689435,0.05053701327415183,11.955535888671875,3.1371092796325684,0.41798120737075806,,,,,,,,
E1b,125,0.004607997834682465,2.167562630559717,0.8515989940376982,1.6997996648467744,-1.547809904892116,0.05521597061306238,11.974653244018555,3.138948917388916,0.4313947260379791,,,,,,,,
E1b,129,0.0015359979588538408,1.8767998910376005,0.9010553395464307,1.5166436928713611,-1.3094736098474453,0.05982392677105963,11.92234992980957,3.135073661804199,0.44474998116493225,,,,,,,,
E1b,133,0.0,1.6924078866602883,0.9666491701962456,1.1315424769383036,-1.1357701913350158,0.06034723964209358,11.775128364562988,3.124868869781494,0.4579441249370575,,,,,,,,
E1b,137,0.0005119999987073243,1.7950384699636035,0.9733709597753154,1.175958172411227,-1.185065782004376,0.06712878413964063,11.943211555480957,3.118508815765381,0.47132235765457153,,,,,,,,
E1b,141,0.0005120001151226461,1.8124888921304354,0.9116979889749062,1.2726040448117724,-1.2462709194440986,0.09142958992742933,12.015050888061523,3.1347761154174805,0.48478180170059204,,,,,,,,
E1b,145,0.002047999994829297,2.5601891900102296,0.8428921364839115,1.6180690261048836,-1.9042699998189208,0.043999270361382514,11.946938514709473,3.117091655731201,0.4981648623943329,,,,,,,,
E1b,149,0.0,1.9435784239617606,0.9639962560364178,1.4629543913500522,-1.325577572723555,0.04668078967370093,11.775042533874512,3.1319403648376465,0.511354923248291,,,,,,,,
E1b,153,0.0010239999974146485,1.7523119905520053,0.9937368821766641,1.0669147321162051,-1.1577744794758185,0.05679564381716773,11.910058975219727,3.128056049346924,0.5246965885162354,,,,,,,,
E1b,157,0.0,1.6135983936606892,1.0125752908015062,0.9530519261024892,-1.0362165246513628,0.04625191492959857,11.946081161499023,3.1173009872436523,0.5380781292915344,,,,,,,,
E1b,161,0.0,1.4956367901629872,1.0168299797981504,0.9290561476208047,-0.9363119321882666,0.051731202693190426,11.980511665344238,3.120694637298584,0.5514984726905823,,,,,,,,
E1b,165,0.0005119999987073243,1.8206588991341137,1.0454037387278818,0.9714085159809398,-1.154142525313156,0.050658775435294956,11.88510799407959,3.116367816925049,0.5648118257522583,,,,,,,,
E1b,169,0.004608000162988901,4.553059384345063,0.6830674206601486,2.977232385107052,-3.285368729294056,0.05405619146768004,11.933065414428711,3.1386518478393555,0.5781790614128113,,,,,,,,
E1b,173,0.010240001603960991,3.2747185195958806,0.499893047735982,3.5340763056900966,-2.6878677417657206,0.07667757931631058,11.908202171325684,3.137009620666504,0.5915183424949646,,,,,,,,
E1b,177,0.012288002297282219,2.512046113965057,0.6468184475698286,2.812004220032536,-2.078660210195397,0.06848432123661041,11.944513320922852,3.1394710540771484,0.6048983931541443,,,,,,,,
E1b,182,0.010240001603960991,1.9316074545421298,0.8764201475396043,1.4758004957476436,-1.4054985124292592,0.07350149401463568,11.758665084838867,3.1384854316711426,0.6180701851844788,,,,,,,,
E1b,186,0.007680000737309456,1.8436054132050939,0.9305075504299667,1.2361047181870732,-1.2933235145321795,0.05118052216130309,11.948116302490234,3.139036178588867,0.6314541101455688,,,,,,,,
E1b,190,0.0035839995834976435,1.7024829639565378,0.9671596986138158,1.1938894791667587,-1.1315355641113238,0.05787481035804376,11.929244041442871,3.1414780616760254,0.644817054271698,,,,,,,,
E1b,194,0.0005119998822920024,1.762904026264709,0.9385156091598291,1.1369741326336986,-1.2086470934917175,0.07626872026594356,12.013221740722656,3.1316332817077637,0.6582739949226379,,,,,,,,
E1b,198,0.0,1.6097035257825776,1.0151889081157388,0.9231614730264427,-1.039789568782518,0.07572548106933634,11.780586242675781,3.117356300354004,0.6714719533920288,,,,,,,,
E1b,202,0.002047999994829297,1.9769766484461133,0.8725763906443876,1.4104477443919976,-1.39877839071957,0.109536946460139,11.943275451660156,3.1192731857299805,0.6848506331443787,,,,,,,,
E1b,206,0.0,1.7288526294250337,1.032560311435234,0.9674791001033649,-1.1091236309924473,0.032414807355962694,11.906644821166992,3.1281704902648926,0.7006456255912781,,,,,,,,
E1b,210,0.0,1.7318269634057606,1.0238688665013465,0.9275076771711013,-1.1031635750661648,0.06984629802173004,11.9927396774292,3.1215662956237793,0.7140795588493347,,,,,,,,
E1b,214,0.0,1.8276162482206784,0.9810883710899997,1.0921449203099778,-1.2196781424110725,0.06036132830195129,11.845674514770508,3.116361141204834,0.7273489832878113,,,,,,,,
E1b,218,0.0005119999987073243,1.4781977498223857,1.046995100225248,0.8111823534474834,-0.9058698697481304,0.0707676928723231,11.943854331970215,3.116424560546875,0.7407282590866089,,,,,,,,
E1b,222,0.0,1.9448357099105442,0.9705104601406862,1.1542396461799629,-1.2886188837647852,0.06594682391732931,11.963545799255371,3.133068561553955,0.7541295886039734,,,,,,,,
E1b,226,0.0,1.8901968979173236,0.9280315513855645,1.2501033787865803,-1.2803241341607645,0.08397178718587384,11.924760818481445,3.1153435707092285,0.7674873471260071,,,,,,,,
E1b,230,0.0,1.5925153343686982,1.0349156308387006,0.9015466882499741,-1.0048410934987404,0.059234832995571196,11.84427547454834,3.116424560546875,0.7807551622390747,,,,,,,,
E1b,234,0.0,1.534625631239679,1.04143007974776,0.8662532470536544,-0.9481075877150048,0.07196845475118607,11.897506713867188,3.1163811683654785,0.7940824031829834,,,,,,,,
E1b,238,0.0,1.5189376191073467,1.044980902106516,0.8356431766566056,-0.9229394811804273,0.0561332720099017,11.887479782104492,3.1173577308654785,0.8073985576629639,,,,,,,,
E1b,242,0.0,1.6723305957894476,1.0755435484978888,0.9112664275427362,-1.0453168392063132,0.05546224140562117,11.91214656829834,3.116361141204834,0.8207423090934753,,,,,,,,
E1b,246,0.0,1.7609606756577416,0.9926493130624294,1.0205553543350812,-1.1485238445937516,0.06418937194393948,11.848713874816895,3.118954658508301,0.8340150713920593,,,,,,,,
E1b,250,0.0,1.6548883100114171,1.0286573886516548,0.8474769709395495,-1.0453436470568358,0.0788063196814619,11.975666046142578,3.1173582077026367,0.8474298715591431,,,,,,,,
E1b,254,0.0010239999974146485,1.7151644245854445,0.9848033908518061,0.9901306122861135,-1.1160464663952885,0.07753697352018207,11.974536895751953,3.1153440475463867,0.8608433604240417,,,,,,,,
E1b,258,0.0,1.721393429984649,1.0239095871765462,0.8829549911862878,-1.09445335323708,0.0678219742840156,11.938026428222656,3.1164255142211914,0.8742169141769409,,,,,,,,
E1b,262,0.0,1.6838116512766905,1.063568617320723,0.8091746283426994,-1.0522346816299157,0.047452300786972046,11.848207473754883,3.116382122039795,0.8874906897544861,,,,,,,,
E1b,266,0.0005119999987073243,1.8482170543736882,0.9734679705330304,1.030017376606311,-1.2122207144829666,0.06221691641258076,11.929438591003418,3.117358684539795,0.9008538722991943,,,,,,,,
E1b,270,0.0005119999987073243,1.5723357178743869,1.0319632783768669,0.7136755026737923,-0.9761971121631741,0.06827500002691522,11.964162826538086,3.115419864654541,0.9142559766769409,,,,,,,,
E1b,274,0.0,1.753663838855804,0.9801673036482599,0.9737834432857362,-1.1580864341415849,0.0822852497221902,11.923083305358887,3.123985767364502,0.9276120066642761,,,,,,,,
E1b,278,0.0005119999987073243,1.5438663260567755,1.054651445990044,0.7302321116439998,-0.9438397640783694,0.0856621103012003,11.879212379455566,3.117359161376953,0.9409187436103821,,,,,,,,
E1b,282,0.0,1.8172775205402147,0.925216039879218,0.9425209866586461,-1.2291978003885893,0.14280458132270724,12.02354907989502,3.1184163093566895,0.9543873071670532,,,,,,,,
E1b,286,0.0005119999987073243,2.1301718415722015,0.8569252842830287,1.3578881919105996,-1.5416430407092863,0.078382249455899,11.977256774902344,3.1358933448791504,0.9678036570549011,,,,,,,,
E1b,290,0.0005119999987073243,1.7837049453149711,0.9201933914825083,1.1096579986763424,-1.240563786267081,0.1122826891951263,11.916449546813965,3.1244330406188965,0.9811521768569946,,,,,,,,
E1b,294,0.0005119999987073243,1.8688410259783268,0.888784866011332,1.1961584281933897,-1.3226572618014105,0.1269220367539674,11.874284744262695,3.1180200576782227,0.994453489780426,,,,,,,,
E1b,298,0.0,1.625313220161294,0.997569946660882,0.9383715197596866,-1.071518802189357,0.11054723558481783,12.025888442993164,3.1242599487304688,1.0079246759414673,,,,,,,,
E1b,302,0.0010239999974146485,1.5423191750924738,0.9994240418549568,0.8488265145709043,-0.9822710606136492,0.08552653924562037,11.874418258666992,3.1164259910583496,1.021226167678833,,,,,,,,
E1b,306,0.0,1.9630466723252857,0.9850729150431496,1.0545220246969431,-1.3272960890280379,0.061667572939768434,11.876859664916992,3.1354336738586426,1.037269949913025,,,,,,,,
E1b,311,0.0,1.7786622948589779,0.9858694377517889,0.9056167098373842,-1.192733886407777,0.11718426423612982,11.576883316040039,3.1173596382141113,1.0502815246582031,,,,,,,,
E1b,315,0.0,1.7181715220212936,0.9680676451396375,0.8963342581653216,-1.158877444904416,0.09987271332647651,11.54117488861084,3.116364002227783,1.0632091760635376,,,,,,,,
E1b,319,0.0010240001138299704,1.9422400794805041,0.9057958051857967,1.1392470455464365,-1.3612793369813718,0.09235120296943933,11.688289642333984,3.1300721168518066,1.076341986656189,,,,,,,,
E1b,323,0.0,1.5529144541138695,1.0015604024132092,0.791585566128479,-0.9991358710648788,0.1574278682237491,11.924769401550293,3.138551712036133,1.0897016525268555,,,,,,,,
E1b,327,0.0,1.7437740035118565,1.0301890609017204,1.0360943654298105,-1.1117965102339873,0.06188034809504946,11.715192794799805,3.1344852447509766,1.1028265953063965,,,,,,,,
E1b,331,0.0005119999987073243,1.6017390541614047,1.0248213815428908,0.7602307315248606,-1.0036318840603122,0.08139442396350205,11.87480354309082,3.120882987976074,1.1161284446716309,,,,,,,,
E1b,335,0.0010239999974146485,1.7487396655811205,0.9608697586116337,0.8723106707008417,-1.1526373648639059,0.07900288345990703,11.975870132446289,3.1261801719665527,1.1295435428619385,,,,,,,,
E1b,339,0.002047999994829297,2.1064885810372376,0.9561514977424864,1.1594355254809359,-1.4704472763622771,0.06235123932128772,11.88680362701416,3.1288065910339355,1.142858862876892,,,,,,,,
E1b,343,0.0030719998758286238,1.7425177899144946,0.8895689848337381,1.1316301089176324,-1.225452042912828,0.13780537445563823,11.822259902954102,3.139059066772461,1.156101942062378,,,,,,,,
E1b,347,0.0015360000543296337,1.7055663299111148,0.9009772686672116,1.1774712775924256,-1.1995452419514694,0.116427336120978,11.837403297424316,3.1366539001464844,1.1693614721298218,,,,,,,,
E1b,351,0.0,1.580794146314027,1.0234090270444987,0.865353890166465,-0.9879377419073578,0.16507604310754687,11.840692520141602,3.138190269470215,1.1826250553131104,,,,,,,,
E1b,355,0.0,1.6312642287285555,1.015064998751595,0.8386548747788114,-1.0494289423823209,0.07303496386157349,11.907516479492188,3.117372512817383,1.1959636211395264,,,,,,,,
E1b,359,0.0,1.7783571330032177,0.9503441573017173,0.8895197074040214,-1.1956427806530088,0.1338880138937384,11.8681001663208,3.115358829498291,1.2092580795288086,,,,,,,,
E1b,363,0.0,1.7030286632833027,0.9970683322421142,0.8273333591311726,-1.0950664936672039,0.10400300665060058,11.871061325073242,3.1163763999938965,1.2225557565689087,,,,,,,,
E1b,367,0.0,1.6134506355793703,1.0305583411975512,0.6720042564252864,-1.0088394588868443,0.11440077697625384,11.890388488769531,3.12343692779541,1.2358781099319458,,,,,,,,
E1b,371,0.0,1.7462804428641758,1.0303205198475294,0.7982679716408697,-1.0992249429839411,0.13955630152486265,11.950643539428711,3.117372989654541,1.2492648363113403,,,,,,,,
E1b,375,0.0,1.525031490990567,1.1040454675990439,0.707191294417091,-0.8888295956976002,0.05019890982657671,11.745681762695312,3.13808012008667,1.2624222040176392,,,,,,,,
E1b,379,0.0,1.5325054118321055,1.05472162945403,0.6526574492454529,-0.9114927141114123,0.08483799069654197,11.922987937927246,3.116903781890869,1.27577805519104,,,,,,,,
E1b,383,0.0,1.7712793871169052,0.9948767305070919,0.8474612720449691,-1.1437846145274797,0.08395780017599463,11.941720962524414,3.1204380989074707,1.2891548871994019,,,,,,,,
E1b,387,0.0005119999987073243,1.8318179203049532,1.014274413505244,0.8305260464583816,-1.182470302855123,0.10513633070513606,11.932120323181152,3.1173744201660156,1.302520990371704,,,,,,,,
E1b,391,0.0005119999987073243,1.5776628912204789,1.0318259311810372,0.6952424195602142,-0.9747419634885672,0.06503611585746209,11.723311424255371,3.1153602600097656,1.315654993057251,,,,,,,,
E1b,395,0.0,1.5663589234981272,1.059503511599605,0.7041695179320427,-0.946698683158805,0.12290379009209573,11.956600189208984,3.1180567741394043,1.32904851436615,,,,,,,,
E1b,399,0.0005119999987073243,1.775207877099987,1.0190533859625694,0.8321073404165791,-1.126105510716563,0.09054177883081138,11.870930671691895,3.1163978576660156,1.342345952987671,,,,,,,,
E1b,403,0.0,1.4172996371866218,1.0806613368765703,0.5573677331862499,-0.8202061811406609,0.11688048765063286,11.901298522949219,3.117374897003174,1.3556857109069824,,,,,,,,
E1b,407,0.0,1.516749710317642,1.0810073573911,0.6225560084402338,-0.8899134960864479,0.08987878041807562,11.775655746459961,3.1156983375549316,1.3716765642166138,,,,,,,,
E1b,411,0.0010239999974146485,1.7432633854803585,0.9916655005561927,0.8129164464563242,-1.1255408782467602,0.0857117451960221,11.948107719421387,3.127739429473877,1.385060429573059,,,,,,,,
E1b,415,0.0005119999987073243,1.6874341875432977,1.0233458724050295,0.7019637877524677,-1.0522081668540422,0.10613685060525313,11.977783203125,3.1316232681274414,1.3984777927398682,,,,,,,,
E1b,419,0.0005119999987073243,1.6088344219125925,1.0559901072983704,0.6827920218616891,-0.9618174806920929,0.08085320424288511,12.005032539367676,3.1234116554260254,1.4119250774383545,,,,,,,,
E1b,423,0.0,1.578509981374419,1.092656205570887,0.6657418365270567,-0.9361025781355916,0.10207376314792782,11.839917182922363,3.12662935256958,1.4251878261566162,,,,,,,,
E1b,427,0.0005119999987073243,1.7707570891176898,0.9685409842502504,0.8983177062082313,-1.1612021658894798,0.06044691405259073,12.009987831115723,3.1308155059814453,1.4386411905288696,,,,,,,,
E1b,431,0.0005119999987073243,1.5640517338105138,1.1251189614099169,0.6412320181783011,-0.9064733767493939,0.16736448113806546,11.961133003234863,3.1173758506774902,1.4520398378372192,,,,,,,,
E1b,436,0.0,1.5124643795073978,1.028767975313323,0.7416274314016493,-0.9157189195790875,0.08921585627831519,11.897923469543457,3.1165823936462402,1.4653675556182861,,,,,,,,
E1b,440,0.0,1.680447212701279,0.9949073921002093,0.7657364896262315,-1.0789633729025752,0.11600918974727392,11.821608543395996,3.116443157196045,1.4786099195480347,,,,,,,,
E1b,444,0.0,1.6542716391148076,1.002008171959056,0.7977977593832496,-1.0443886848691377,0.08912783412961289,11.957015037536621,3.1163997650146484,1.4920037984848022,,,,,,,,
E1b,448,0.0005119999987073243,1.4794395214744978,1.0674228854477406,0.5533356918682303,-0.8849077110884652,0.14738307264633477,11.945085525512695,3.1173768043518066,1.5053857564926147,,,,,,,,
E1b,452,0.0,1.465306481376054,1.0687599954387499,0.6354000367425772,-0.854820722560694,0.12248623627237976,11.8457670211792,3.1163806915283203,1.5186550617218018,,,,,,,,
E1b,456,0.0,1.518438916889921,1.0762037455089508,0.6398611911572516,-0.8993365334916033,0.08832247058550517,11.90402889251709,3.1164441108703613,1.5319916009902954,,,,,,,,
E1b,460,0.0015360000543296337,2.271443236796629,0.9566741577157426,1.2181463535847281,-1.5383070744093625,0.08138896280433983,11.921109199523926,3.1244163513183594,1.545345425605774,,,,,,,,
E1b,464,0.0005120001151226461,2.1748244204218428,0.8588218897699363,1.1780824035183708,-1.560053680457973,0.08518095192266628,11.962934494018555,3.1321043968200684,1.558746099472046,,,,,,,,
E1b,468,0.0025599999353289604,1.6758649989016472,0.9380304602876542,0.9053896570147307,-1.125333438437092,0.13506474066525698,11.96701431274414,3.1377038955688477,1.5721514225006104,,,,,,,,
E1b,472,0.0,1.5555881694668816,1.0126015096311531,0.7331709331596521,-0.9828192567866709,0.12323149119038135,11.878938674926758,3.127692699432373,1.5854580402374268,,,,,,,,
E1b,476,0.0,1.5429440120028124,1.0230442975012084,0.6821051026979433,-0.9519861085443861,0.13149846740998328,11.884093284606934,3.11757755279541,1.5987703800201416,,,,,,,,
E1b,480,0.0,1.706617205566357,0.9838127244914335,0.798308048411203,-1.0974286504104616,0.106393804657273,11.96274185180664,3.1173791885375977,1.612170934677124,,,,,,,,
E1b,484,0.0,1.5857994219968243,1.022835281101011,0.7095610138772528,-0.9835242541499495,0.10925077518913895,11.985376358032227,3.11637544631958,1.6255966424942017,,,,,,,,
E1b,488,0.0,1.6783804777004416,0.9931859365767903,0.8671615003927875,-1.0676275232718104,0.0740168776246719,11.874212265014648,3.1163830757141113,1.6388977766036987,,,,,,,,
E1b,492,0.0025599999353289604,2.626229835969825,1.0069761726532191,1.2072678449452479,-1.8870629468167732,0.08068635198287666,11.947283744812012,3.1244125366210938,1.6522809267044067,,,,,,,,
E1b,496,0.0,1.8488964638303196,0.9159219681861854,0.9015414830603039,-1.267856746677324,0.14600744971539825,11.958186149597168,3.1302642822265625,1.6656763553619385,,,,,,,,
E1b,500,0.0,1.8200199126398988,0.9401016623846122,1.0001473997358177,-1.213344224767449,0.08863786282017827,11.86063003540039,3.117924690246582,1.678974986076355,,,,,,,,
E1b,504,0.0,1.9077589299588922,0.9225654441804166,1.052597696058897,-1.3066463112417195,0.09338592656422406,11.917675971984863,3.1171011924743652,1.6923248767852783,,,,,,,,
E1b,508,0.0005119999987073243,1.6404114276288995,0.9513418338010236,0.8399267295278164,-1.0826469707498623,0.1479800024535507,11.949588775634766,3.122986316680908,1.7086162567138672,,,,,,,,
E1b,512,0.0,1.5788084100636224,0.9978400961392455,0.746276850144921,-1.009243280793141,0.1560486841481179,12.003928184509277,3.1356430053710938,1.7220627069473267,,,,,,,,
E1b,516,0.0,1.6506106867085373,0.9767917692661285,0.8071862936659313,-1.069731783448896,0.1153568901354447,11.981101989746094,3.116387367248535,1.7354838848114014,,,,,,,,
E1b,520,0.0005119999987073243,1.6842952936532951,1.010849814566355,0.8152038426364235,-1.0705900496843876,0.08940917843331893,11.79109001159668,3.116450786590576,1.7486951351165771,,,,,,,,
E1b,524,0.0,1.6792653496303256,0.9943062483318268,0.849199752469283,-1.0716757004071649,0.12559255165979266,11.974401473999023,3.1361289024353027,1.762108564376831,,,,,,,,
E1b,528,0.0010239999974146485,1.78487866667528,0.9422564013373285,0.9318490545751889,-1.1903714935723988,0.10057939402759075,11.963027000427246,3.1159873008728027,1.7755087614059448,,,,,,,,
E1b,532,1.1641532182693481e-10,1.8002091646785774,1.0235974563374406,0.8317997224156314,-1.1853051907272034,0.13976686436217278,11.997124671936035,3.1210098266601562,1.7889477014541626,,,,,,,,
E1b,536,0.0,1.7237075634064183,0.9299430429107614,0.8402782493173632,-1.1505433060894055,0.14596570655703545,11.815666198730469,3.1273508071899414,1.8021833896636963,,,,,,,,
E1b,540,0.0,1.6986979081458042,1.0135081505018568,0.8341105288700826,-1.0891879758139746,0.0694421899097506,12.014481544494629,3.1176605224609375,1.8156412839889526,,,,,,,,
E1b,544,0.0015360000543296337,1.9941743098731552,0.9135875129510486,1.0092359783524063,-1.3701440125485764,0.126403420814313,11.88785171508789,3.132290840148926,1.8289575576782227,,,,,,,,
E1b,548,0.0,1.699348154344729,0.9594290707082975,0.8284029930816101,-1.1233656325207522,0.14849664270877838,11.945610046386719,3.1166090965270996,1.8423386812210083,,,,,,,,
E1b,552,0.0,1.6850074040038245,0.967358733276053,0.8067023262117448,-1.1129343770462872,0.15540138073265553,11.819165229797363,3.1204280853271484,1.855577826499939,,,,,,,,
E1b,556,0.0005119999987073243,1.5368319099384642,1.0251111086044047,0.7178603431293323,-0.948947012357946,0.12536411848850548,11.963600158691406,3.126009464263916,1.8689792156219482,,,,,,,,
E1b,561,0.0010239999974146485,1.5816776709305862,0.9805920035947883,0.8320107964760582,-1.0052296906092486,0.10930994735099375,11.957193374633789,3.119779109954834,1.882373332977295,,,,,,,,
E1b,565,0.0010240001138299704,1.7749273417487976,0.9852895167257104,0.8993113457378167,-1.1744973088304203,0.08299194264691323,11.970714569091797,3.1263041496276855,1.8957823514938354,,,,,,,,
E1b,569,0.0010240001138299704,1.754174596319596,0.9640901238317527,0.9152728059718301,-1.15717116681238,0.14073840295895934,11.841379165649414,3.138216018676758,1.9090467691421509,,,,,,,,
E1b,573,0.0015360000543296337,1.9558517161520228,0.9421281598153568,1.0014012662568754,-1.3176903193483926,0.1360260467045009,11.983246803283691,3.1193137168884277,1.9224700927734375,,,,,,,,
E1b,577,0.0,1.7596952181368593,0.9491512553677672,0.8092630854529788,-1.175949943518,0.14933679345995188,11.94701862335205,3.1179451942443848,1.9358525276184082,,,,,,,,
E1b,581,0.0,1.7409663023574957,0.984462892607091,0.8777000490548228,-1.127178401043195,0.10288105648942292,11.905780792236328,3.117032527923584,1.949189305305481,,,,,,,,
E1b,585,0.0,1.850109554723733,0.9278469267227347,0.9340498525875084,-1.2540475874215304,0.12922704592347145,11.727764129638672,3.119771957397461,1.9623277187347412,,,,,,,,
E1b,589,0.0,1.591683935728811,0.9699341943931012,0.8056985344112253,-1.0309742623034657,0.16880840831436217,11.9722261428833,3.1173930168151855,1.975738763809204,,,,,,,,
E1b,593,0.0005119999987073243,1.7155183544234625,0.9599247604963326,0.9565505389777471,-1.1360493920067147,0.0951959997182712,11.901695251464844,3.12196683883667,1.9890708923339844,,,,,,,,
E1b,597,0.002047999994829297,1.6773304311292512,0.9639390647884399,0.829038062007792,-1.1065024908073986,0.13188756920862943,11.911678314208984,3.129833221435547,2.0024139881134033,,,,,,,,
E1b,601,0.004095999989658594,1.8744020115229345,0.9039512002278888,1.028826156429557,-1.2920530262137098,0.10103729600086808,11.869343757629395,3.1337532997131348,2.01570987701416,,,,,,,,
E1b,605,0.0005120003479532897,1.6807855498636999,0.9561204116732355,0.8586208297169087,-1.1128595621354642,0.19283737381920218,11.933822631835938,3.126373291015625,2.0290780067443848,,,,,,,,
E1b,609,0.0005119999987073243,1.804221935422411,0.9516241295588395,0.9647191149815083,-1.1993159240375952,0.0978650151664624,11.960143089294434,3.1322779655456543,2.045372724533081,,,,,,,,
E1b,613,0.0005119999987073243,1.7174453999078463,0.9667266228251041,0.8220092352903656,-1.1169315166974676,0.16102781938388944,11.881115913391113,3.132619857788086,2.0586817264556885,,,,,,,,
E1b,617,0.0015360000543296337,1.9652298688297234,0.8996327482459564,1.066909319053946,-1.3768748355704168,0.09337008453439921,11.838906288146973,3.1334099769592285,2.071943521499634,,,,,,,,
E1b,621,0.0005119999987073243,1.700571524570622,0.9296731272091469,0.9205572750669584,-1.1451137123836412,0.16933911095838994,11.919380187988281,3.127408981323242,2.0852954387664795,,,,,,,,
E1b,625,0.0005119999987073243,1.6857081195191732,0.9675278922040311,0.8723397748544812,-1.1014758837520189,0.1258063258137554,11.969558715820312,3.1337475776672363,2.098703384399414,,,,,,,,
E1b,629,0.0,1.748588952014134,0.9871992738473983,0.7716281290527489,-1.143779554127139,0.1524131593760103,11.953804969787598,3.1210451126098633,2.112093925476074,,,,,,,,
E1b,633,0.0,1.8151011590565007,0.9080498099681877,0.9637154148432857,-1.2280132552638414,0.14051297504920512,11.781110763549805,3.1198158264160156,2.125290632247925,,,,,,,,
E1b,637,0.0005119999987073243,1.687776512037667,0.9633773340592309,0.8324966078012515,-1.1028048604216782,0.15826059179380536,12.002531051635742,3.1164698600769043,2.13873553276062,,,,,,,,
E1b,641,0.0010239999974146485,1.7056894185878928,0.9397792883572125,0.8968433275186359,-1.1275145565436797,0.15333928796462715,12.035544395446777,3.135662078857422,2.1522176265716553,,,,,,,,
E1b,645,0.0010240001138299704,1.6963350726143709,0.9886265994300918,0.8422960623223057,-1.1069332600223818,0.1367389669176191,11.992907524108887,3.1386075019836426,2.165651798248291,,,,,,,,
E1b,649,0.0010240001138299704,1.7327625864436702,0.9408190289423579,0.9121713277382889,-1.1605916100920044,0.13024774380028248,11.846514701843262,3.1309609413146973,2.1789236068725586,,,,,,,,
E1b,653,0.0005119999987073243,1.6475325828152043,0.934331674247034,0.8853177378899348,-1.090158625178793,0.13065784377977252,11.960518836975098,3.1309099197387695,2.192321538925171,,,,,,,,
E1b,657,0.0,1.7514698263257742,0.9654727209773328,0.8630930636627182,-1.1577369060241691,0.1332438203971833,12.01237678527832,3.1187496185302734,2.205777645111084,,,,,,,,
E1b,661,0.0,1.8101784780266739,0.9335241560779867,0.9641180432943711,-1.2321785360977555,0.1266317437402904,11.911453247070312,3.1153926849365234,2.219120740890503,,,,,,,,
E1b,665,0.0025599999353289604,1.8800252738098304,0.8683966831082389,1.055951771402815,-1.3238101879149557,0.1574236850719899,11.8540678024292,3.1259307861328125,2.2323994636535645,,,,,,,,
E1b,669,1.1641532182693481e-10,1.5517036184845936,1.0457095724367906,0.7176889129566835,-0.9570792815574105,0.12239410483743995,11.869064331054688,3.1244144439697266,2.245694875717163,,,,,,,,
E1b,673,0.0010240001138299704,1.7303236617100617,0.9319849568345244,0.9437151987091708,-1.169976134605277,0.14262506156228483,11.930963516235352,3.1290745735168457,2.2590599060058594,,,,,,,,
E1b,677,0.0,1.7725243599760154,0.9478909257385466,0.9463721446713794,-1.178398345560131,0.13182089128531516,11.911299705505371,3.137117862701416,2.272402763366699,,,,,,,,
E1b,681,0.0005120001151226461,1.7559158912608548,0.9610622062806099,0.8848192769888121,-1.1673946019653823,0.1252212638501078,11.847973823547363,3.125551223754883,2.2856907844543457,,,,,,,,
E1b,686,0.0010239999974146485,1.7238320153029192,0.9414772219837658,0.8752568208876608,-1.148752410097846,0.15208028571214527,11.910086631774902,3.1217594146728516,2.299032211303711,,,,,,,,
E1b,690,0.0,1.7134888341266012,0.9286172308382534,0.8655011407655677,-1.1540671687310797,0.14519008598290384,11.870870590209961,3.1167025566101074,2.3123340606689453,,,,,,,,
E1b,694,0.0010240001138299704,1.7095441463152095,0.9630123998023687,0.8797893458212823,-1.1176306976703927,0.1418891972862184,11.833680152893066,3.1255626678466797,2.325589895248413,,,,,,,,
E1b,698,0.0010240001138299704,1.8238071049489673,0.9159154094282597,1.0730628614772613,-1.2591999962256986,0.09039997949730605,11.881522178649902,3.1344590187072754,2.338904619216919,,,,,,,,
E1b,702,1.1641532182693481e-10,2.003480087108319,0.8989885733832442,1.0675136443755742,-1.3821946439547612,0.11194956360850483,11.961530685424805,3.136655807495117,2.3523037433624268,,,,,,,,
E1b,706,0.0,2.0659355465027076,0.8954186098324874,1.098594110532066,-1.4621529093987884,0.11013115511741489,11.951622009277344,3.1210403442382812,2.365691661834717,,,,,,,,
E1b,710,0.0005120001151226461,1.9026591394628798,0.8794342653737182,1.0904944239830625,-1.338506789726486,0.12589318153914064,11.950209617614746,3.121717929840088,2.3820457458496094,,,,,,,,
E1b,714,0.0015360000543296337,1.9184593376777475,0.8162210507407075,1.149960093962198,-1.3977341457946404,0.14996323020507893,11.745718955993652,3.118381977081299,2.3952062129974365,,,,,,,,
E1b,718,0.0005119999987073243,1.5535699265107277,1.019861425494864,0.7733822927546146,-0.9568864544077466,0.26365950983017683,11.972114562988281,3.1167073249816895,2.4086170196533203,,,,,,,,
E1b,722,0.0,1.7201130316252746,0.9477954193772304,0.8889601325352134,-1.1441701384527343,0.12562057352624834,11.924070358276367,3.118899345397949,2.4219741821289062,,,,,,,,
E1b,726,0.0005119999987073243,1.7909844586891788,0.9161070051883894,0.9613962466828525,-1.2246616572319042,0.11891569662839174,11.959527015686035,3.1347694396972656,2.435370922088623,,,,,,,,
E1b,730,0.0015360000543296337,1.8913369446638084,0.8800013547851926,1.039376720382985,-1.3090320464984944,0.17184381140396,11.81017780303955,3.1354122161865234,2.4486005306243896,,,,,,,,
E1b,734,0.002047999994829297,1.8848438947683288,0.8872343330747552,1.1030068696379216,-1.3246990670191332,0.105752277886495,11.804011344909668,3.1359314918518066,2.4618232250213623,,,,,,,,
E1b,738,0.0010240001138299704,1.9047392430523085,0.9247573134563272,1.0282137066007717,-1.3150101112652688,0.12715664971619844,11.916566848754883,3.132269859313965,2.475193738937378,,,,,,,,
E1b,742,1.1641532182693481e-10,1.9076629461395362,0.8962549792513961,1.0316035380315924,-1.3210118319081616,0.12992999120615423,11.968377113342285,3.1375627517700195,2.488600492477417,,,,,,,,
E1b,746,0.0010240001138299704,1.7078202546588959,0.9636483437839954,0.8949463010883765,-1.1293337527026852,0.10881712171249092,11.860061645507812,3.135301113128662,2.5018856525421143,,,,,,,,
E1b,750,0.0005120001151226461,1.8287773355841637,0.9027608357488163,0.9824540596872345,-1.2526033333768802,0.15836681937798858,11.906994819641113,3.129833221435547,2.515223503112793,,,,,,,,
E1b,754,0.002047999994829297,1.856170196263563,0.9027060493531208,0.9579167545064172,-1.2926969685820893,0.16923633078113198,11.93536376953125,3.130636215209961,2.5285933017730713,,,,,,,,
E1b,758,0.0,1.698820174036045,0.9002235831604117,0.9577892859633178,-1.163053959981346,0.17145360866561532,11.99485969543457,3.1201791763305664,2.542029619216919,,,,,,,,
E1b,762,0.0,1.7990125831630495,0.8875022861101325,1.0176628469489515,-1.2610477439907661,0.16594453901052475,11.83516788482666,3.1167168617248535,2.5552873611450195,,,,,,,,
E1b,766,0.0010239999974146485,1.7421564025183518,0.886260499024675,0.9800016165905591,-1.2011031839379391,0.18262223107740283,11.972436904907227,3.1167168617248535,2.5686984062194824,,,,,,,,
E1b,770,1.1641532182693481e-10,1.8344664559477852,0.9140060438759743,1.0864477981500495,-1.2433114304661839,0.10680038668215275,11.87558650970459,3.1167168617248535,2.582001209259033,,,,,,,,
E1b,774,0.0015360000543296337,1.8977692218290434,0.8676168847060393,1.0518381513669086,-1.3469638337551186,0.19017752935178578,11.92128849029541,3.129791259765625,2.5953612327575684,,,,,,,,
E1b,778,0.0,1.9283109109789607,0.8368593589772307,1.127520086815242,-1.3995909751300508,0.1486567392324408,11.728111267089844,3.124234676361084,2.6085007190704346,,,,,,,,
E1b,782,0.0010239999974146485,1.780354161584188,0.8993644433480407,1.0145250267919097,-1.2276206061129444,0.14591668848879635,11.968504905700684,3.1205997467041016,2.6219074726104736,,,,,,,,
E1b,786,0.002047999994829297,1.777039824378869,0.8657116211418595,0.9854273131784441,-1.2484549006247627,0.19729324849322438,11.965008735656738,3.1351523399353027,2.635310411453247,,,,,,,,
E1b,790,0.0,1.7610999894520594,0.9101518888085608,1.037714670725,-1.202189765859484,0.13945144356694072,11.946547508239746,3.1167197227478027,2.6486926078796387,,,,,,,,
E1b,794,0.0,1.9199303415796114,0.8714717084926272,1.097766640443188,-1.3716453150550405,0.14365645620273426,11.812285423278809,3.1184444427490234,2.6619246006011963,,,,,,,,
E1b,798,0.0015360000543296337,1.9939318179847703,0.8492586589640095,1.2423682395723272,-1.4307349656545927,0.13489247590769082,11.905040740966797,3.1193885803222656,2.675260305404663,,,,,,,,
E1b,802,0.0025599999353289604,1.8760797907080915,0.8483834044919127,1.1460415942302502,-1.3377083086201713,0.20685624424368143,11.906197547912598,3.139038562774658,2.6885974407196045,,,,,,,,
E1b,806,0.0015360000543296337,1.7586729923884075,0.8598008013906933,1.018488612015551,-1.2399015618813416,0.18117119977250695,11.92122745513916,3.1378793716430664,2.7019665241241455,,,,,,,,
E1b,810,0.0015360000543296337,1.9390510900153055,0.832815103173729,1.2141634139732749,-1.3975044967429269,0.13409221242181957,11.8373441696167,3.137218952178955,2.718210220336914,,,,,,,,
E1b,815,0.002047999994829297,1.870867394738727,0.8838097527918835,1.1170305094000563,-1.329475471343372,0.16073826630599797,11.892206192016602,3.1305088996887207,2.7315313816070557,,,,,,,,
E1b,819,0.002047999994829297,1.7956302974905287,0.884751956762066,1.0811318113093278,-1.2554178158050433,0.17378699430264533,11.93526554107666,3.1333980560302734,2.744901180267334,,,,,,,,
E1b,823,0.004095999989658594,1.9086548941476005,0.8512999360700921,1.1136506492612577,-1.3587401560249015,0.1766128574963659,11.884040832519531,3.136294364929199,2.7582144737243652,,,,,,,,
E1b,827,0.006144000682979822,1.880702717347987,0.8690342034789778,1.0863208964314144,-1.3320473561336892,0.13649016548879445,11.838029861450195,3.136575698852539,2.771475315093994,,,,,,,,
E1b,831,0.005632000509649515,2.0215415384561295,0.8669007356086421,1.1677170386607412,-1.4133300232213168,0.14068863249849528,11.926800727844238,3.1362991333007812,2.7848353385925293,,,,,,,,
E1b,835,0.007680001202970743,1.8201760021112268,0.8612481387302516,1.1226498779854668,-1.289088781263369,0.15254002180881798,11.982881546020508,3.1343002319335938,2.7982583045959473,,,,,,,,
E1b,839,0.005632000043988228,1.8203279636208973,0.8938390744465684,1.0668375893120667,-1.2814741143088286,0.1635820777155459,11.873920440673828,3.1371212005615234,2.8115644454956055,,,,,,,,
E1b,843,0.007680000737309456,1.8683217121731668,0.8499390265889584,1.1491076189700062,-1.3276147380681886,0.13837468530982733,11.777636528015137,3.136280059814453,2.824758768081665,,,,,,,,
E1b,847,0.009216001257300377,1.9461144488304853,0.8330201588216282,1.176387101599474,-1.3959098442564792,0.13431514496915042,11.909801483154297,3.1389055252075195,2.8381001949310303,,,,,,,,
E1b,851,0.010240001603960991,1.879825129336308,0.8395594064855859,1.1226686589114034,-1.3733598190019765,0.18082293821498752,11.96534538269043,3.1383304595947266,2.851503372192383,,,,,,,,
E1b,855,0.009216001257300377,1.796199545264244,0.8804231493600777,1.0940605927008524,-1.2519486181267967,0.1367385785561055,11.905570983886719,3.1374001502990723,2.864839792251587,,,,,,,,
E1b,859,0.010240001603960991,2.1396914328197165,0.7821891935956147,1.3597529815134606,-1.6078511795051218,0.16363930818624794,11.892245292663574,3.140170097351074,2.8781652450561523,,,,,,,,
E1b,863,0.011776002123951912,1.9432317886560682,0.8143197669987641,1.2552070758138687,-1.4319368933054013,0.15833133948035538,11.967772483825684,3.1459102630615234,2.891571283340454,,,,,,,,
E1b,867,0.01382400281727314,1.804571867107399,0.8710060858773807,0.9952006023411931,-1.2901103238663858,0.21316432510502636,11.999814987182617,3.1397600173950195,2.905013084411621,,,,,,,,
E1b,871,0.012800002470612526,1.7828749657741614,0.8617764312241759,1.1815450314585287,-1.2632752099085511,0.127981559606269,11.977927207946777,3.1377429962158203,2.9184305667877197,,,,,,,,
E1b,875,0.01382400281727314,1.935110380133939,0.8262864573311711,1.1668741323901757,-1.4033780313958044,0.20209723338484764,11.878824234008789,3.1377782821655273,2.931736946105957,,,,,,,,
E1b,879,0.011264001950621605,1.823560423498589,0.8611966129983701,1.1224672099672703,-1.275975050133032,0.17689605010673404,12.002864837646484,3.138214111328125,2.9451823234558105,,,,,,,,
E1b,883,0.009216001257300377,1.8064171441845478,0.9258214859439741,0.9792141111692719,-1.2466762356944234,0.15224601095542312,11.959745407104492,3.138759136199951,2.9585793018341064,,,,,,,,
E1b,887,0.011264001950621605,1.7813260041413799,0.8639171322186788,1.093345797718016,-1.24366015562832,0.17667194781824946,11.986995697021484,3.1356258392333984,2.9720067977905273,,,,,,,,
E1b,891,0.012288002297282219,1.8732065234688067,0.8569960876826256,1.0704265994631421,-1.3475550930274443,0.1664615843910724,11.852030754089355,3.1378297805786133,2.985283374786377,,,,,,,,
E1b,895,0.01382400281727314,1.8254378241679026,0.8591635134514599,1.1309995489375693,-1.29554302971034,0.1476376821519807,12.008343696594238,3.13815975189209,2.998734712600708,,,,,,,,
E1b,899,0.01382400281727314,1.6939939972427156,0.8774119277026445,1.0297502991778136,-1.1814664141348903,0.18198097753338516,11.945244789123535,3.1398210525512695,3.012115478515625,,,,,,,,
E1b,903,0.016896003857254982,2.077789890860754,0.8267764514755636,1.3519251968906218,-1.5130318696093228,0.14444743818603456,11.956893920898438,3.1393022537231445,3.0255093574523926,,,,,,,,
E1b,907,0.017920004203915596,1.8635923182443968,0.8471950219264106,1.1245235422569695,-1.345732292278655,0.162214913405478,11.744440078735352,3.138375759124756,3.0386669635772705,,,,,,,,
E1b,911,0.02048000507056713,1.975826744404104,0.7859963353664156,1.2615960344686104,-1.476609722334182,0.1844213178846985,11.988933563232422,3.139800548553467,3.0551199913024902,,,,,,,,
E1b,915,0.02048000507056713,1.9559594727904788,0.8324453170810427,1.2624910970343584,-1.416976847704352,0.14090962521731853,11.948111534118652,3.1413211822509766,3.0685040950775146,,,,,,,,
E1b,919,0.021504005417227745,1.9647485651962815,0.7996247510115305,1.2827878820209473,-1.4661844130494588,0.18927038623951375,11.993095397949219,3.140934467315674,3.0819385051727295,,,,,,,,
E1b,923,0.023552006110548973,1.9430459817014043,0.806866923849734,1.3190571001223497,-1.4267153413116282,0.15258323680609465,11.86691665649414,3.1394824981689453,3.095231533050537,,,,,,,,
E1b,927,0.022016005590558052,1.8947034566884948,0.8817968019062564,1.105031287075201,-1.3625925524577882,0.1231815714854747,11.996172904968262,3.14168119430542,3.1086692810058594,,,,,,,,
E1b,931,0.023040005937218666,1.8970961814953222,0.765848884802489,1.2484524179451557,-1.404185568143259,0.2474638819694519,11.94983196258545,3.146122455596924,3.1220552921295166,,,,,,,,
E1b,935,0.023040005937218666,1.790105880903346,0.8847732118789166,1.0445296066437861,-1.2652012882384633,0.12496264022774994,11.8770170211792,3.139909267425537,3.135359764099121,,,,,,,,
E1b,940,0.022016005590558052,1.7407218053463906,0.8497167578528798,1.137804344942821,-1.2453694389781929,0.20221534790471196,11.759125709533691,3.1635823249816895,3.148531675338745,,,,,,,,
E1b,944,0.021504005417227745,1.8863959138592084,0.8556966485366935,1.124070321140227,-1.3665960510557016,0.1490659643895924,12.022522926330566,3.139157295227051,3.161998987197876,,,,,,,,
E1b,948,0.02252800576388836,1.9001579327538374,0.8209712297197372,1.1564341834954805,-1.3754624621850247,0.18837130488827825,12.00220012664795,3.1611971855163574,3.175443649291992,,,,,,,,
E1b,952,0.021504005417227745,1.8297988792497015,0.868307447593127,1.053425600071118,-1.3035547415049569,0.18167749140411615,11.975798606872559,3.1387834548950195,3.1888587474823,,,,,,,,
E1b,956,0.019456004723906517,1.8302839402523305,0.8247082185236707,1.104563360901744,-1.3341778281203929,0.17959648533724248,11.852213859558105,3.142603874206543,3.2021353244781494,,,,,,,,
E1b,960,0.017920004203915596,1.8078686674199407,0.8600098191804829,1.1020626190618903,-1.2898445715536437,0.19378795172087848,11.966285705566406,3.149728775024414,3.2155396938323975,,,,,,,,
E1b,964,0.01894400455057621,1.7908166228305726,0.886646680238228,1.1140008181500345,-1.2428235818617164,0.1114751729182899,11.970586776733398,3.1412506103515625,3.2289488315582275,,,,,,,,
E1b,968,0.015872003510594368,1.9154129261298785,0.9215495798677679,1.1750183221953574,-1.3445791240618934,0.11029546742793173,11.939157485961914,3.146873950958252,3.2423229217529297,,,,,,,,
E1b,972,0.019968004897236824,1.8593751825983562,0.8563305671134639,1.1827238771965671,-1.3258298529119836,0.12370213416094582,11.703605651855469,3.165022373199463,3.25543475151062,,,,,,,,
E1b,976,0.024576006457209587,2.0938080299113477,0.7743748915751302,1.3176493757237584,-1.575831683548463,0.14497314672917128,11.846898078918457,3.1473793983459473,3.268705368041992,,,,,,,,
E1b,980,0.0256000068038702,1.9760765252960106,0.816262554584278,1.2612242104569034,-1.4525030743744638,0.1582473055459559,12.065345764160156,3.1518893241882324,3.2822206020355225,,,,,,,,
E1b,984,0.02764800749719143,2.0847617505443474,0.8051652948534678,1.3159454898776681,-1.558469572233864,0.11783471808303148,11.985694885253906,3.1420931816101074,3.295646905899048,,,,,,,,
E1b,988,0.030208008363842964,1.8993854367780307,0.8141008857194156,1.1591912515134788,-1.4015458622126884,0.25288469018414617,11.928743362426758,3.141845703125,3.309009075164795,,,,,,,,
E1b,992,0.029696008190512657,1.897150930431154,0.8106568032609565,1.182503505422275,-1.391407708763071,0.1838571010157466,11.957207679748535,3.1410956382751465,3.3224034309387207,,,,,,,,
E1b,996,0.029696008190512657,1.6519772708415985,0.8874685941707521,1.0423777680218553,-1.1340473225277419,0.18760463944636285,11.992634773254395,3.143294334411621,3.3358373641967773,,,,,,,,
E1b,1000,0.031744007021188736,1.800764706340574,0.8811042398096077,1.120613826452685,-1.2590357426236132,0.15461187902837992,11.930610656738281,3.145071029663086,3.3492062091827393,,,,,,,,
E1b,1004,0.030720006674528122,1.7640372083064109,0.8815444892361051,1.037195816907142,-1.2516712735883804,0.1727262451313436,11.883543014526367,3.140756607055664,3.362517833709717,,,,,,,,
E1b,1008,0.0291840061545372,1.8150952076391569,0.8645200644220624,1.1074654145805694,-1.284540780746038,0.1652569363359362,11.980895042419434,3.1400575637817383,3.375938653945923,,,,,,,,
E1b,1012,0.0291840061545372,1.9525049821961493,0.7902492875795043,1.3048384014044458,-1.453593802852704,0.16958921705372632,11.974428176879883,3.1390209197998047,3.3924403190612793,,,,,,,,
E1b,1016,0.0291840061545372,1.8642290801637702,0.8035522262373614,1.1789044382245237,-1.3745095147455613,0.23014545300975442,11.962658882141113,3.1422553062438965,3.4058406352996826,,,,,,,,
E1b,1020,0.0291840061545372,1.9233549507482657,0.853740699944042,1.1552256168033093,-1.395747500240788,0.15585992741398513,11.832207679748535,3.139566421508789,3.4191014766693115,,,,,,,,
E1b,1024,0.028672005981206894,1.787976606793347,0.8757365902678834,1.1191895677457884,-1.258311578656532,0.14521609852090478,11.991256713867188,3.141824722290039,3.4325337409973145,,,,,,,,
E1b,1028,0.033792007714509964,2.0309789933500784,0.7782914105743642,1.338603750566271,-1.5017849622693444,0.15668848459608853,11.97055721282959,3.144258499145508,3.4459431171417236,,,,,,,,
E1b,1032,0.036864008754491806,2.0992487779567166,0.8285758207655616,1.3161177128456087,-1.5518346720648604,0.11993274628184736,11.997336387634277,3.144382953643799,3.4593822956085205,,,,,,,,
E1b,1036,0.03584000840783119,1.819616246643284,0.8465088682160491,1.1410769427858405,-1.2984719480727873,0.2323255551358064,11.742207527160645,3.1472582817077637,3.4725379943847656,,,,,,,,
E1b,1040,0.03942400962114334,1.9765431122292603,0.8060145493123739,1.3191694991816003,-1.4717852089310153,0.12687633745372295,11.993124961853027,3.142396926879883,3.4859731197357178,,,,,,,,
E1b,1044,0.040448009967803955,1.928575355175232,0.7740400488532725,1.3228862139938482,-1.4574247486408918,0.2079436993226409,11.982979774475098,3.1531667709350586,3.4993958473205566,,,,,,,,
E1b,1048,0.04147201031446457,1.8205232025966758,0.8338618135404965,1.180867259550506,-1.3089806946393634,0.17655462550465018,11.948060989379883,3.1405296325683594,3.512779951095581,,,,,,,,
E1b,1052,0.03942400962114334,1.8844626331849703,0.8290781537514358,1.1030787395577488,-1.3725851192028218,0.18155906279571354,11.818809509277344,3.1532459259033203,3.52602481842041,,,,,,,,
E1b,1056,0.03993600979447365,1.8459673134817018,0.8429001119165194,1.2209184459591311,-1.3250899499814426,0.1574840371031314,11.947209358215332,3.1422319412231445,3.539407730102539,,,,,,,,
E1b,1060,0.038912009447813034,1.8328323417476244,0.8373156675980205,1.0921613666395753,-1.3474344658288395,0.18971727113239467,11.969482421875,3.1454596519470215,3.5528156757354736,,,,,,,,
E1b,1065,0.038912009447813034,1.7726717608729525,0.8914701373922447,1.0414336036835143,-1.2274446419462384,0.17241594591178,12.00317096710205,3.1424713134765625,3.5662612915039062,,,,,,,,
E1b,1069,0.04096001014113426,1.8354912831314973,0.7939305195496196,1.1513674076048852,-1.3572387007205555,0.22225145902484655,11.91392993927002,3.146998405456543,3.5796070098876953,,,,,,,,
E1b,1073,0.04249601066112518,1.8691163971901885,0.8558348652625841,1.1820674134738076,-1.341442310824133,0.15827994816936553,12.009157180786133,3.139723300933838,3.593059539794922,,,,,,,,
E1b,1077,0.04454401135444641,1.8980146907417783,0.774984948070986,1.2007555734616384,-1.4145350960482443,0.23708969727158546,11.898578643798828,3.1484365463256836,3.6063878536224365,,,,,,,,
E1b,1081,0.040448009967803955,1.7133478545953358,0.8716259738282551,1.0592567312962085,-1.2096426500347517,0.17148230969905853,11.8941650390625,3.1593427658081055,3.6197116374969482,,,,,,,,
E1b,1085,0.04249601066112518,1.8758728718532929,0.8008715560630201,1.220567201319804,-1.3800542183730395,0.17567411984782666,11.758201599121094,3.1411185264587402,3.6328842639923096,,,,,,,,
E1b,1089,0.041984010487794876,1.808426788875035,0.8353186446936831,1.1829939745297071,-1.304136137082611,0.18631009943783283,11.908077239990234,3.1746926307678223,3.646223306655884,,,,,,,,
E1b,1093,0.041984010487794876,1.8995838198692552,0.8361626454288997,1.2495449821694073,-1.379170152783719,0.18338533747009933,11.895821571350098,3.1489405632019043,3.65954852104187,,,,,,,,
E1b,1097,0.041984010487794876,1.9017909840340652,0.8198564843171172,1.2875978528563656,-1.379174957133179,0.14877591701224446,11.989204406738281,3.14695405960083,3.672980785369873,,,,,,,,
E1b,1101,0.04300801083445549,1.8617542774549551,0.8287033605729304,1.1749062236737122,-1.3476449200765244,0.24963264415661493,11.747770309448242,3.1501283645629883,3.6861422061920166,,,,,,,,
E1b,1105,0.04454401135444641,1.8025372662832813,0.8254952932160998,1.151533240209153,-1.3085745114995728,0.17047285637818277,11.900794982910156,3.1543526649475098,3.6994731426239014,,,,,,,,
E1b,1109,0.04249601066112518,1.8352716993836184,0.8325039034206716,1.211356652462716,-1.3236865379925196,0.1793481589993462,11.874091148376465,3.162494659423828,3.7127773761749268,,,,,,,,
E1b,1113,0.04454401135444641,1.881937514280989,0.8522602050668664,1.1793884591011803,-1.3609525071131805,0.14057590323500335,11.877223014831543,3.152200698852539,3.72916316986084,,,,,,,,
E1b,1117,0.04761601239442825,1.8071733462727733,0.8561575909455618,1.12956180210823,-1.2852834075474964,0.1749733411706984,11.842894554138184,3.144023895263672,3.742429256439209,,,,,,,,
E1b,1121,0.04812801256775856,1.85383011749576,0.8121620931381744,1.1714940058734657,-1.355810578613143,0.173914814600721,11.96993350982666,3.142209529876709,3.7558376789093018,,,,,,,,
E1b,1125,0.047104012221097946,1.907275966886017,0.8464164435863495,1.2663164988695297,-1.3759693782998337,0.13092981732916087,12.023894309997559,3.1500368118286133,3.7693066596984863,,,,,,,,
E1b,1129,0.04608001187443733,1.8975515422366915,0.8096204116526577,1.141145624130019,-1.4050515742255523,0.20796247036196291,11.97014045715332,3.1466479301452637,3.782715320587158,,,,,,,,
E1b,1133,0.04812801256775856,1.878396634840303,0.8112674145589746,1.1694345239257968,-1.3724348641311128,0.2175900493748486,11.874509811401367,3.145789623260498,3.7960169315338135,,,,,,,,
E1b,1137,0.04864001274108887,1.9282454618267597,0.8046390477213121,1.2937076910148695,-1.4306601466673856,0.14759490941651165,11.88158893585205,3.1459579467773438,3.809326171875,,,,,,,,
E1b,1141,0.050688013434410095,2.007286568453151,0.7876218822858636,1.3327560680848893,-1.493126948604301,0.22225731937214732,11.947835922241211,3.18044376373291,3.822721242904663,,,,,,,,
E1b,1145,0.05171201378107071,1.742611939708392,0.8253942588492046,1.1189240114207366,-1.2596693340345242,0.22235723957419395,12.01521110534668,3.143106460571289,3.8361802101135254,,,,,,,,
E1b,1149,0.05376001447439194,1.9638739512967212,0.8109049758326913,1.2921060000462874,-1.4468424844533383,0.16270427440758795,11.841282844543457,3.1443028450012207,3.8494465351104736,,,,,,,,
E1b,1153,0.05324801430106163,1.8133359887888507,0.8363998030268011,1.165602793958761,-1.3170634566377553,0.1367211538599804,11.931061744689941,3.1517515182495117,3.86281156539917,,,,,,,,
E1b,1157,0.05529601499438286,1.9124915900211485,0.8097600530064295,1.2717413020653845,-1.4237539164522397,0.16087173658888787,11.94823932647705,3.164085865020752,3.8762035369873047,,,,,,,,
E1b,1161,0.05632001534104347,1.8703462320069473,0.7899434765771268,1.2261198071151305,-1.4052152692539883,0.22545803245157003,11.855019569396973,3.145270347595215,3.8894832134246826,,,,,,,,
E1b,1165,0.054272014647722244,1.9301286625956733,0.7903708980551788,1.2657585408552692,-1.4445876285271158,0.17991523382564387,11.77314567565918,3.147219657897949,3.9026730060577393,,,,,,,,
E1b,1169,0.05376001447439194,1.772960226391516,0.8445656375870818,1.1118972787438934,-1.2663862938578758,0.21107358066365123,11.890068054199219,3.149195671081543,3.915992021560669,,,,,,,,
E1b,1173,0.05376001447439194,1.7921872372546839,0.8485668984256567,1.0741996418531816,-1.2765185993704353,0.2074842657893896,11.867508888244629,3.1473193168640137,3.929285764694214,,,,,,,,
E1b,1177,0.05478401482105255,1.787119715045842,0.8421571655642419,1.1251769946234773,-1.2871965258751834,0.1935587963089347,11.8500337600708,3.153233528137207,3.9425597190856934,,,,,,,,
E1b,1181,0.05785601586103439,1.8129391072997971,0.8033412182260127,1.215352121267968,-1.317108500918876,0.1976168432738632,11.926041603088379,3.160672664642334,3.9559192657470703,,,,,,,,
E1b,1185,0.06041601672768593,1.8310648029049237,0.8547286413728244,1.1948184492483513,-1.314394568255733,0.1386838851030916,11.931768417358398,3.1523022651672363,3.969284772872925,,,,,,,,
E1b,1190,0.06041601672768593,1.9476477920062958,0.8644647843958366,1.232519677166007,-1.40754002297578,0.13700242922641337,11.963655471801758,3.162351608276367,3.9826860427856445,,,,,,,,
E1b,1194,0.06144001707434654,1.8748218300087112,0.7665241135964318,1.2200755850662157,-1.4123711232613358,0.24308283952996135,11.940042495727539,3.148130416870117,3.996061086654663,,,,,,,,
E1b,1198,0.06451200693845749,1.835861450090768,0.81375223894914,1.1512433874921233,-1.3427799680115033,0.19738780008628964,11.862565994262695,3.148283004760742,4.009349346160889,,,,,,,,
E1b,1202,0.0650240033864975,1.7703461577849728,0.8566239901064407,1.0748380295960094,-1.2775745962336216,0.20031722844578326,11.966994285583496,3.1530542373657227,4.022754669189453,,,,,,,,
E1b,1206,0.06400001049041748,1.7510636236577752,0.8911021253655828,1.1136425793268232,-1.2206931790477404,0.15960787038784474,12.04731559753418,3.1696934700012207,4.03624963760376,,,,,,,,
E1b,1210,0.0650240033864975,1.8300107763045363,0.8423747614558253,1.1848253645211346,-1.310855501372042,0.16394265019334853,11.971144676208496,3.1451315879821777,4.0496697425842285,,,,,,,,
E1b,1214,0.06400001049041748,1.7627111436828735,0.8384275509724541,1.0909409240729162,-1.2825555317454957,0.18947013234719634,11.893821716308594,3.1563520431518555,4.066074371337891,,,,,,,,
E1b,1218,0.0655359998345375,1.7341643243377645,0.846198968707569,1.1212419321440827,-1.2403480969886813,0.19191652140580118,11.99670696258545,3.1432180404663086,4.079512596130371,,,,,,,,
E1b,1222,0.06655999273061752,1.750059473668299,0.8370244285860469,1.153783621051029,-1.2698980557680544,0.20269666775129735,11.994416236877441,3.1560111045837402,4.0929484367370605,,,,,,,,
E1b,1226,0.06655999273061752,1.7148455462403713,0.8512607298140961,1.1484330182116647,-1.2230763831841094,0.17510951170697808,12.010645866394043,3.149412155151367,4.106402397155762,,,,,,,,
E1b,1230,0.06758398562669754,1.7885475224327474,0.8072530599458824,1.125167032410955,-1.3093741616762673,0.24645106866955757,11.804634094238281,3.152724266052246,4.119627475738525,,,,,,,,
E1b,1234,0.06911997497081757,1.7821187066535156,0.8299981480434774,1.139766901231079,-1.2863256739312043,0.21730143716558814,12.006133079528809,3.1599392890930176,4.133076190948486,,,,,,,,
E1b,1238,0.07219195365905762,1.7657480600570876,0.8868745681016691,1.0818430542765158,-1.2445325036828836,0.15556365810334682,11.980587005615234,3.1542887687683105,4.146496772766113,,,,,,,,
E1b,1242,0.07526393234729767,1.8177727264839978,0.8357914667872209,1.2419619696256496,-1.3092420804868674,0.15014745213557035,12.066370964050293,3.1765737533569336,4.160013198852539,,,,,,,,
E1b,1246,0.07935990393161774,1.856931095321973,0.7922522745849121,1.1550588983131933,-1.382627778915718,0.19298726716078818,11.854153633117676,3.1546874046325684,4.17329216003418,,,,,,,,
E1b,1250,0.0829438790678978,1.8725138447350926,0.8091513793324194,1.2413030714561135,-1.3911863969905036,0.1397650414146483,12.008764266967773,3.1459789276123047,4.186744213104248,,,,,,,,
E1b,1254,0.08396787196397781,1.8580690978893213,0.8221464000110116,1.2632948139321003,-1.3476629953033157,0.15698541537858546,12.018879890441895,3.15358304977417,4.200207233428955,,,,,,,,
E1b,1258,0.08499186486005783,1.7734164471575429,0.8292263812193322,1.1628552910579897,-1.2978598327257684,0.23543208604678512,11.96508502960205,3.165147304534912,4.2136101722717285,,,,,,,,
E1b,1262,0.08703985065221786,1.786033761643228,0.8299804429804521,1.070978673168027,-1.2983856741412882,0.2366418014280498,11.879449844360352,3.1582021713256836,4.226917266845703,,,,,,,,
E1b,1266,0.08652785420417786,1.6913804779686625,0.844678521451969,1.1674119360022135,-1.2060951577935604,0.16559253295417875,11.946937561035156,3.1678338050842285,4.240300178527832,,,,,,,,
E1b,1270,0.08755184710025787,1.7966932792748724,0.8772864038982089,1.1549569553375911,-1.2822901918645209,0.14978440781123936,11.988593101501465,3.1816391944885254,4.253729343414307,,,,,,,,
E1b,1274,0.08755184710025787,1.7913968192324752,0.8562298453161641,1.1006254606755144,-1.287560292490063,0.2040131757967174,11.96987533569336,3.161022186279297,4.2671380043029785,,,,,,,,
E1b,1278,0.08857583999633789,1.7657829863684518,0.787159334247311,1.1771455267027242,-1.3137668768860518,0.20913834404200315,11.859718322753906,3.163084030151367,4.280422687530518,,,,,,,,
E1b,1282,0.08806384354829788,1.7020275161438991,0.9072591497429779,0.996957936233827,-1.1696792014852344,0.14294837485067546,11.945837020874023,3.1853885650634766,4.293804168701172,,,,,,,,
E1b,1286,0.08499186486005783,1.739270768054421,0.864219719691882,1.0495382309057264,-1.236399160446747,0.19945137342438102,11.973737716674805,3.160846710205078,4.307216644287109,,,,,,,,
E1b,1290,0.08499186486005783,1.703337110401619,0.8262168292310976,1.1462622742627318,-1.221810205159561,0.19029406318441033,11.95415210723877,3.182612419128418,4.320608615875244,,,,,,,,
E1b,1294,0.08601585775613785,1.7216005828231573,0.879823003851232,1.047781824578785,-1.2094859195621832,0.2086507479349772,11.807893753051758,3.158257007598877,4.333836555480957,,,,,,,,
E1b,1298,0.08857583999633789,1.744741670846466,0.8456311138967673,1.1619309504697126,-1.2574004815477464,0.16108751553110778,11.914746284484863,3.148679256439209,4.3471832275390625,,,,,,,,
E1b,1302,0.08755184710025787,1.7676370995385307,0.8478177675297336,1.0755095256061584,-1.2652150391682333,0.18643277045339346,11.9976167678833,3.1560263633728027,4.360622882843018,,,,,,,,
E1b,1306,0.08857583999633789,1.7668802760068387,0.8403380919129603,1.1527938849271846,-1.2772576579092336,0.17782864719629288,11.954957962036133,3.1899218559265137,4.374018669128418,,,,,,,,
E1b,1310,0.08755184710025787,1.6726537286230023,0.8724526200620901,1.043261295219244,-1.1632251522655317,0.2142196351196617,11.872593879699707,3.161911964416504,4.387318134307861,,,,,,,,
E1b,1314,0.08703985065221786,1.6847111808047408,0.8451375608288106,1.0619370227804714,-1.1979904518507065,0.19383528642356396,11.923349380493164,3.1688265800476074,4.403676509857178,,,,,,,,
E1b,1319,0.09011182934045792,1.763165524436368,0.8716267899329228,1.073610259338157,-1.2522767740560488,0.15252551925368607,12.057601928710938,3.151118755340576,4.4171833992004395,,,,,,,,
E1b,1323,0.0890878364443779,1.7526378559451254,0.8388392531446048,1.1347080441052788,-1.255664793648831,0.18632801342755556,11.998059272766113,3.1632938385009766,4.4306230545043945,,,,,,,,
E1b,1327,0.09011182934045792,1.8022042236749143,0.8528857640182924,1.1474693573962675,-1.3031702917882255,0.1734431991353631,11.912957191467285,3.16243314743042,4.443967819213867,,,,,,,,
E1b,1331,0.08755184710025787,1.7418362986710336,0.8418722715051401,1.0755625351109723,-1.2488806881417063,0.19754287088289857,12.001055717468262,3.1496591567993164,4.457411289215088,,,,,,,,
E1b,1335,0.08959983289241791,1.7295167768107993,0.8532716109609556,1.1008799777213316,-1.2243330950575275,0.2007945477962494,11.994842529296875,3.1590700149536133,4.470848083496094,,,,,,,,
E1b,1339,0.09062382578849792,1.6905104955510488,0.838143702596426,1.0805682116396613,-1.2219032686026323,0.20366770448163152,12.030006408691406,3.1653623580932617,4.4843292236328125,,,,,,,,
E1b,1343,0.08857583999633789,1.818654693544857,0.9022827780258561,1.022380597131855,-1.273530464715487,0.1287031060201116,11.87807846069336,3.1581711769104004,4.4976348876953125,,,,,,,,
E1b,1347,0.09113582223653793,1.7460375876417236,0.8130980909225487,1.1450029349183914,-1.2758808059817446,0.2250281262677163,12.030567169189453,3.1975202560424805,4.511111259460449,,,,,,,,
E1b,1351,0.09318380802869797,1.6877498342877342,0.8339680554788738,1.1318348201631165,-1.2175466724198372,0.1909506821539253,12.082725524902344,3.1592912673950195,4.524646282196045,,,,,,,,
E1b,1355,0.09420780092477798,1.7129847586509728,0.8627461237271153,1.1042030750176133,-1.221648464574375,0.1911684584338218,11.988844871520996,3.157999038696289,4.538075923919678,,,,,,,,
E1b,1359,0.09318380802869797,1.6865286647327362,0.8731102854723022,1.0124706624456765,-1.186875569440114,0.1873746489485105,11.85841178894043,3.1633033752441406,4.551361560821533,,,,,,,,
E1b,1363,0.094719797372818,1.6713962244490783,0.846817997653806,1.1098898882046342,-1.1932368801707136,0.16153043159283698,11.956360816955566,3.151978015899658,4.564754962921143,,,,,,,,
E1b,1367,0.09574379026889801,1.7645903954666757,0.8551850923233562,1.1004625350765105,-1.256624052574533,0.18538935319520533,11.956209182739258,3.1488232612609863,4.578161239624023,,,,,,,,
E1b,1371,0.09574379026889801,1.701728389613212,0.8347806624536004,1.1094516207005327,-1.2281267271665413,0.2200622488744557,11.973621368408203,3.1841225624084473,4.591573715209961,,,,,,,,
E1b,1375,0.09676778316497803,1.605842994319068,0.8820929581092464,1.0299042589170164,-1.1186081849053384,0.17026820732280612,11.838845252990723,3.158470630645752,4.604835510253906,,,,,,,,
E1b,1379,0.09932776540517807,1.8733662590384483,0.8251289186614846,1.2273046652327722,-1.371549596840013,0.15628672624006867,11.944635391235352,3.1611247062683105,4.618215560913086,,,,,,,,
E1b,1383,0.09625578671693802,1.7292993121617843,0.891237743287569,1.0786818979280208,-1.210673085147781,0.1860245675779879,11.911260604858398,3.1531496047973633,4.631560802459717,,,,,,,,
E1b,1387,0.09932776540517807,1.797926945700532,0.823694001646742,1.2151486185282023,-1.3129379109291004,0.14176288526505232,11.987288475036621,3.1924171447753906,4.644988536834717,,,,,,,,
E1b,1391,0.1013757511973381,1.8308265982639222,0.877424240644489,1.1515235595558007,-1.3082843612110804,0.1589489139150828,11.89587688446045,3.193472385406494,4.658314228057861,,,,,,,,
E1b,1395,0.10393573343753815,1.742434525300586,0.7882886064194498,1.203759541436196,-1.2841796283111242,0.2329593412578106,12.08292007446289,3.1565303802490234,4.671849250793457,,,,,,,,
E1b,1399,0.10393573343753815,1.7519999519286176,0.8748599167854066,1.1021155284599526,-1.2586722293839094,0.16211189544992521,11.981545448303223,3.177049160003662,4.6852707862854,,,,,,,,
E1b,1403,0.10495972633361816,1.7189173447707342,0.8538563589875897,1.0866538026550812,-1.229959572399301,0.18682323675602674,12.057348251342773,3.151333808898926,4.698776721954346,,,,,,,,
E1b,1407,0.10393573343753815,1.7195534467224092,0.836473088593237,1.0682186222941017,-1.2448642995238068,0.2202886543236673,11.902966499328613,3.1719937324523926,4.71211051940918,,,,,,,,
E1b,1411,0.10444772988557816,1.6205915992281266,0.8746204694348668,1.0168203824519444,-1.1200543378243253,0.16141112241894007,12.007295608520508,3.1629638671875,4.725560665130615,,,,,,,,
E1b,1415,0.10342373698949814,1.6483750695155726,0.8993411002059778,0.9830786891615213,-1.1484183962198182,0.18253525090403855,12.014019012451172,3.1828126907348633,4.742054462432861,,,,,,,,
E1b,1419,0.10547172278165817,1.7479938029769868,0.8590703130891871,1.1461024102615887,-1.2423805181798155,0.13346925633959472,12.010217666625977,3.160700798034668,4.7555084228515625,,,,,,,,
E1b,1423,0.10649571567773819,1.866311528675613,0.8057629938222586,1.2410621241892152,-1.3686226297240143,0.21545956811557213,11.796027183532715,3.165194034576416,4.768723487854004,,,,,,,,
E1b,1427,0.10803170502185822,1.7528756639905392,0.8829047478262394,1.077883349828867,-1.2419653439022127,0.17036458873189986,11.915483474731445,3.1722846031188965,4.782071113586426,,,,,,,,
E1b,1431,0.11007969081401825,1.6579820386592359,0.843260973455414,1.0167864815630854,-1.1982006683598259,0.21701715630479157,12.004178047180176,3.165891647338867,4.795517921447754,,,,,,,,
E1b,1435,0.11007969081401825,1.6037787973052926,0.8850404586465586,1.0301442249163764,-1.1010700674720169,0.17007971089333296,11.858158111572266,3.173283100128174,4.808805465698242,,,,,,,,
E1b,1439,0.11212767660617828,1.7776438992411372,0.8373976246054683,1.1725502348359007,-1.296560950000726,0.16300894552841783,11.741230010986328,3.1604671478271484,4.821957111358643,,,,,,,,
E1b,1444,0.11263967305421829,1.7869153500253718,0.8361459885916066,1.1979981756060203,-1.3046097459663297,0.16110548214055598,11.794483184814453,3.176860809326172,4.835169315338135,,,,,,,,
E1b,1448,0.11161568015813828,1.8172693574830654,0.8260101446852325,1.1440315117864912,-1.3296857031527907,0.17441893951036036,11.867828369140625,3.153681755065918,4.84846305847168,,,,,,,,
E1b,1452,0.11059168726205826,1.6888876248091933,0.8422915933151094,1.0949404351204746,-1.2177917388459993,0.23178279399871826,11.817197799682617,3.1526217460632324,4.8617024421691895,,,,,,,,
E1b,1456,0.11059168726205826,1.6863503955777674,0.8644975150624911,1.0600174854356628,-1.2009295595861558,0.18153548543341458,11.758466720581055,3.2077436447143555,4.874877452850342,,,,,,,,
E1b,1460,0.11007969081401825,1.6892024513984483,0.8830499578089941,1.0285473767834812,-1.184305236985286,0.1816030191257596,11.776069641113281,3.1657347679138184,4.888068199157715,,,,,,,,
E1b,1464,0.10905569791793823,1.6725185039852346,0.839831197249984,1.1313139276940432,-1.2004245555264845,0.18599526374600828,11.91563892364502,3.16611385345459,4.901434898376465,,,,,,,,
E1b,1468,0.10598371922969818,1.70125216310696,0.8769340886483117,1.0541221282180788,-1.204769146007796,0.2110813781619072,11.947888374328613,3.175912857055664,4.914820671081543,,,,,,,,
E1b,1472,0.10803170502185822,1.6984767174082143,0.8116374201481305,1.168418909242349,-1.236486312785437,0.1817094306461513,11.872267723083496,3.14985990524292,4.928127765655518,,,,,,,,
E1b,1476,0.10854370146989822,1.7328312386655145,0.8590346865710758,1.1144840779102672,-1.2426248230335732,0.17892476357519627,11.976297378540039,3.185377597808838,4.941543102264404,,,,,,,,
E1b,1480,0.10649571567773819,1.8162129989692144,0.8485098619250551,1.2107062123840981,-1.3204838961274141,0.1452179269399494,12.041757583618164,3.177574634552002,4.955031871795654,,,,,,,,
E1b,1484,0.10854370146989822,1.7553084702600563,0.7966692277954684,1.1528154015541077,-1.2933715740033973,0.26645938912406564,11.967935562133789,3.176825523376465,4.968439102172852,,,,,,,,
E1b,1488,0.10854370146989822,1.6520093916545784,0.8542392291128635,1.0589066787347705,-1.1639322632191968,0.1979503476371368,11.828534126281738,3.170295238494873,4.981691360473633,,,,,,,,
E1b,1492,0.11007969081401825,1.8122006990606823,0.800916781294204,1.2060470627203805,-1.3473422911335966,0.17503566574305296,11.91572380065918,3.172229290008545,4.995038986206055,,,,,,,,
E1b,1496,0.11007969081401825,1.7623027806717253,0.8399562401667474,1.1417199673492517,-1.2652472707125106,0.17501729191280901,11.97144889831543,3.154716968536377,5.008473873138428,,,,,,,,
E1b,1500,0.11110368371009827,0.5865958519279957,1.4444013684988022,1.8942341357469559,0.5898816278204322,0.1576736776623875,10.091800689697266,3.1419920921325684,5.022083282470703,15.925510457134907,1,0.009742794558405876,0.5578399896621704,0.07391999661922455,1,1,1
E2b,0,0.0,0.45158369839191437,2.6692280769348145,-0.9383076187223196,1.3036199156194925,0.0002529894554754719,247.90335083007812,17.658164978027344,0.014392094686627388,,,,,,,,
E2b,4,0.0,6.704306747206295,0.8765206255225672,0.943014263884503,-5.589119216198072,0.00021307797154198246,11.20535945892334,3.0681138038635254,0.02933933399617672,,,,,,,,
E2b,8,0.0,8.362065565615286,0.5945689072444414,2.6578205045027685,-7.248381296993189,0.009696577030354092,11.396507263183594,3.067595958709717,0.04210598021745682,,,,,,,,
E2b,12,0.0,9.12620258490954,0.6818112033272825,3.215397223746821,-8.263565385436994,0.004625005913112545,11.359475135803223,3.0685696601867676,0.054831068962812424,,,,,,,,
E2b,16,0.0,3.547470371771072,0.792237399450858,1.9300281390158542,-2.772371478674431,0.03800650349876378,11.3531494140625,3.069075107574463,0.06754904985427856,,,,,,,,
E2b,20,0.0,4.130315104425545,0.687349851376244,2.9441571349361495,-3.347691719131988,0.03235360758844763,11.236940383911133,3.069551944732666,0.08013717830181122,,,,,,,,
E2b,24,0.0,3.5399341500467725,0.5198701931910205,4.138384723368643,-2.997826067937745,0.033771734102629125,11.388084411621094,3.068626880645752,0.0928955003619194,,,,,,,,
E2b,28,0.0,3.449571680721073,0.7953139763428934,2.325063406225683,-2.64159493503486,0.015873968019150198,11.336652755737305,3.0681424140930176,0.10559495538473129,,,,,,,,
E2b,32,0.0,3.8602745549546347,0.5091595023663508,4.173890290587251,-3.166756666051076,0.03264370874967426,11.360885620117188,3.069563388824463,0.11832158267498016,,,,,,,,
E2b,36,0.0,2.5908609695496065,0.7607174924175654,2.2427306292411773,-2.0840470862560094,0.023086346314812545,11.207504272460938,3.067627429962158,0.13087639212608337,,,,,,,,
E2b,40,0.0,3.698079594196604,0.7167831759988552,2.8663223601544083,-2.7614317104878228,0.030936540875700302,11.370271682739258,3.067595958709717,0.1436135470867157,,,,,,,,
E2b,44,0.0,2.821130945317684,0.674503546237709,2.5776864044340466,-2.176824768659629,0.02377643257204909,11.29985237121582,3.0685696601867676,0.1562787890434265,,,,,,,,
E2b,48,0.0,2.940489628603534,0.7247410870881544,3.0456004959545027,-2.294055808143365,0.03542122905491851,11.38290023803711,3.069551944732666,0.16903550922870636,,,,,,,,
E2b,52,0.0,3.6278623528039406,0.7512192246651958,3.132010538436806,-2.679509574296101,0.0465969043871155,11.26478099822998,3.0681138038635254,0.1816643476486206,,,,,,,,
E2b,57,0.0,3.3745838618940778,0.45116146256969797,3.7438249861571324,-2.857700774630916,0.03909271565498784,11.364622116088867,3.068626880645752,0.19439508020877838,,,,,,,,
E2b,61,0.0,2.3990901616357623,1.04162228952295,1.935660162558362,-1.619345250336217,0.0130364086580812,11.275605201721191,3.069563388824463,0.20702840387821198,,,,,,,,
E2b,65,0.0,1.963639506863223,0.8052214377574505,1.992955948518061,-1.434981170398671,0.03569476517441217,11.323342323303223,3.0676255226135254,0.2197200357913971,,,,,,,,
E2b,69,0.0,2.4506250985321545,0.6253766052365776,3.3046556564301928,-1.9512172802757946,0.03466098379188528,11.11686897277832,3.067627429962158,0.23217496275901794,,,,,,,,
E2b,73,0.0,2.39170383721117,0.7262885651536404,2.578842284936291,-1.840219653640238,0.03421220154268667,11.27783203125,3.067595958709717,0.24480870366096497,,,,,,,,
E2b,77,0.0,2.241800099374756,0.7659180900821138,2.239795950491593,-1.7416716733492823,0.03482307665399276,11.311877250671387,3.0685696601867676,0.257480651140213,,,,,,,,
E2b,81,0.0,2.0471830980645285,0.8294535773318439,2.090790392705865,-1.5011555010800264,0.041575170122087,11.371880531311035,3.069551944732666,0.2702261209487915,,,,,,,,
E2b,85,0.0,2.9336916646432307,1.0680474015544095,1.9029600297364948,-1.9761409179884053,0.024825897184200585,11.250852584838867,3.0681138038635254,0.28283607959747314,,,,,,,,
E2b,89,0.0,2.364460470775763,0.8877324504955184,1.8099135820017154,-1.6838605671895608,0.042293372738640755,11.345047950744629,3.068626880645752,0.2955448627471924,,,,,,,,
E2b,93,0.0,1.8926559184042235,0.8633259310135766,1.8725763283141736,-1.3650396286827764,0.035149365256074816,11.309798240661621,3.069563388824463,0.30821406841278076,,,,,,,,
E2b,97,0.0,2.009282720349138,0.8631890497746921,1.8160097737476897,-1.4123109813469152,0.024675790285982657,11.396310806274414,3.0676255226135254,0.3209834098815918,,,,,,,,
E2b,101,0.0,1.5834394206130316,0.9837610502801244,1.4327321654435858,-1.0493772694608197,0.0374113493016921,11.187141418457031,3.067627429962158,0.333515465259552,,,,,,,,
E2b,105,0.0,1.7139217172350203,0.9982338012565696,1.4937929313581215,-1.1179493643853458,0.03618246475525666,11.318830490112305,3.067121982574463,0.3484364449977875,,,,,,,,
E2b,109,0.0,2.3092676086558237,0.8198301911886249,2.0683736475045555,-1.6628554221242666,0.03504769717983436,11.297504425048828,3.0685696601867676,0.36109885573387146,,,,,,,,
E2b,113,0.0,2.2360703026846287,0.8483216698384948,1.8721618141784375,-1.635309236526992,0.040216471839812584,11.336255073547363,3.069551944732666,0.3737993836402893,,,,,,,,
E2b,117,0.0,2.028995379332512,0.8447908771239103,1.8308887858388585,-1.440975409819715,0.03856383415404707,11.176857948303223,3.0681138038635254,0.38632795214653015,,,,,,,,
E2b,121,0.0,2.2738622620347,0.8782744725042629,1.7413580364255763,-1.61268290126371,0.05054086237214506,11.322872161865234,3.068626880645752,0.3990122079849243,,,,,,,,
E2b,125,0.0,1.6559479501512315,0.9273860725382018,1.488198939849859,-1.1191067406907678,0.060053447377868,11.244483947753906,3.069563388824463,0.41160833835601807,,,,,,,,
E2b,129,0.0,1.7143939557293104,0.9300550656422736,1.3548721156861465,-1.1716677354027827,0.04098234587581828,11.253463745117188,3.0676255226135254,0.4242146909236908,,,,,,,,
E2b,133,0.0,3.1923861870216945,0.7718328399184559,2.623205398435168,-2.3414069055062203,0.03869456727989018,11.121021270751953,3.067627429962158,0.4366742968559265,,,,,,,,
E2b,137,0.0,2.3370524495840073,0.7377315413443342,2.537517734594754,-1.8263577946927398,0.05022412253310904,11.34117603302002,3.067121982574463,0.4493786096572876,,,,,,,,
E2b,141,0.0,1.906936294088761,0.910172031541902,1.3908638987801414,-1.3382144892765653,0.05701198853785172,11.309158325195312,3.069075107574463,0.4620473086833954,,,,,,,,
E2b,145,0.0,1.5013413105810445,1.0058700644544192,1.0017107510869738,-0.9514780217219913,0.0626188384485431,11.316991806030273,3.069551944732666,0.4747336506843567,,,,,,,,
E2b,149,0.0,1.639433267334151,0.9708773663474454,1.1942201093145048,-1.0643017807798016,0.053243773989379406,11.181267738342285,3.0681138038635254,0.4872601628303528,,,,,,,,
E2b,153,0.0,1.8298193125261202,0.9342193700491436,1.3211267294654094,-1.2554897741444173,0.06367579684592783,11.350059509277344,3.068626880645752,0.4999782145023346,,,,,,,,
E2b,157,0.0,3.0853662431713134,0.6456600112862707,2.5371004773526273,-2.3850125738434373,0.06243329116841778,11.276374816894531,3.069563388824463,0.5126101970672607,,,,,,,,
E2b,161,0.0,2.1676740550569127,0.786104165135868,1.9204922242493216,-1.6265921933532117,0.06834105611778796,11.358307838439941,3.067152500152588,0.5253337621688843,,,,,,,,
E2b,165,0.0,1.9830721687702906,0.8499485717288086,1.5578469532166621,-1.4459851238477444,0.06901454203762114,11.20523452758789,3.067627429962158,0.5378949642181396,,,,,,,,
E2b,169,0.0,2.125778825037063,0.9016923844991696,1.6034340338725874,-1.4968367982748156,0.07062608120031655,11.306676864624023,3.067121982574463,0.5505616068840027,,,,,,,,
E2b,173,0.0,2.127615304811606,0.8380189180847198,1.557437523719924,-1.5715043388883627,0.07531772879883647,11.311332702636719,3.069075107574463,0.5632326006889343,,,,,,,,
E2b,177,0.0,2.0296756014937447,0.8470666474766202,1.6270876829164909,-1.490679995003452,0.05157383414916694,11.321659088134766,3.069551944732666,0.5759152770042419,,,,,,,,
E2b,182,0.0,2.0366495601714605,0.8618536833378058,1.5172311536022531,-1.4503603346298435,0.06637404358480126,11.198737144470215,3.068626880645752,0.5884601473808289,,,,,,,,
E2b,186,0.0,2.6939120005875354,0.7598239082310881,2.239348222223569,-2.0034863192085473,0.045829767070245,11.404777526855469,3.0681118965148926,0.6012358665466309,,,,,,,,
E2b,190,0.0,2.9294205283125243,0.6783615722956639,2.4711252115388858,-2.322942446961644,0.07270744151901454,11.344939231872559,3.069563388824463,0.6139447093009949,,,,,,,,
E2b,194,0.0,2.0081813864055134,0.834751393764265,1.6086092861647259,-1.4935392407656072,0.04277566255768761,11.284438133239746,3.067152500152588,0.6265923976898193,,,,,,,,
E2b,198,0.0,2.1055694214171834,0.8397783533123041,1.5902258503025002,-1.549061051503356,0.06968729880948861,11.112271308898926,3.067627429962158,0.6390585899353027,,,,,,,,
E2b,202,0.0,1.935312800759834,0.8689790410654885,1.5517113888497227,-1.3963141548632096,0.060237549361772835,11.251564025878906,3.067121982574463,0.6516788005828857,,,,,,,,
E2b,206,0.0,2.0605874019009724,0.8323952592909336,1.5829034102733122,-1.471333917696029,0.0922918007709086,11.330910682678223,3.069075107574463,0.6673668026924133,,,,,,,,
E2b,210,0.0,1.9617799285148818,0.8827070356716239,1.5159478750594182,-1.4300452126596597,0.06082336371764541,11.374675750732422,3.069551944732666,0.6801162362098694,,,,,,,,
E2b,214,0.0,1.887460154510798,0.9695012841432814,1.1165490061072494,-1.2927797025010463,0.06484589859610423,11.252015113830566,3.068626880645752,0.6927429437637329,,,,,,,,
E2b,218,0.0,2.009119862838397,0.8296466984505219,1.6043401090150227,-1.4664138235403077,0.07624349487014115,11.331207275390625,3.0681118965148926,0.7054402828216553,,,,,,,,
E2b,222,0.0,1.981605001651342,0.9178220159004605,1.348113749231865,-1.3734819056791445,0.08577289630193263,11.302400588989258,3.069563388824463,0.7181012630462646,,,,,,,,
E2b,226,0.0,1.7472676069490494,0.9153403551687324,1.264249665037131,-1.2193649119959908,0.06833383988123387,11.232154846191406,3.067152500152588,0.730686604976654,,,,,,,,
E2b,230,0.0,2.0856572231129995,0.8741101050778987,1.4202405928926014,-1.4770112667557975,0.11290779878618196,11.120377540588379,3.067627429962158,0.7431437969207764,,,,,,,,
E2b,234,0.0,1.9055128481889527,0.9176066379166312,1.2735961079736478,-1.3206863452362576,0.06678694020956755,11.213541030883789,3.0685696601867676,0.7557050585746765,,,,,,,,
E2b,238,0.0,2.450918581632395,0.6942662657312457,1.9981111618064678,-1.878198299161528,0.07770056766457856,11.32838249206543,3.069075107574463,0.7684004306793213,,,,,,,,
E2b,242,0.0,2.5886093074130634,0.8002399894009743,1.8572821922447365,-1.9553612045618514,0.05121770402183756,11.32234001159668,3.069551944732666,0.7810837626457214,,,,,,,,
E2b,246,0.0,2.4832705009196485,0.7782260078700289,1.9334156903605073,-1.9028113260199981,0.06320868874900043,11.25881290435791,3.068626880645752,0.7937026023864746,,,,,,,,
E2b,250,0.0,2.1868659233053527,0.7852405838313556,1.5546280169692726,-1.6401884553358994,0.09071597794536501,11.359460830688477,3.0681118965148926,0.8064319491386414,,,,,,,,
E2b,254,0.0,1.827468271056811,0.8984522726682443,1.352160782442053,-1.2728938975090545,0.07520209276117384,11.369343757629395,3.069563388824463,0.8191699385643005,,,,,,,,
E2b,258,0.0,1.812680303695656,0.9718386669539743,1.1905434402609383,-1.2194528717728745,0.06837428023573011,11.470619201660156,3.067627429962158,0.8320196270942688,,,,,,,,
E2b,262,0.0,2.418880391215521,0.954971828690124,1.3633477268458316,-1.6511791748205378,0.05377710944352051,11.253066062927246,3.067595958709717,0.8446272611618042,,,,,,,,
E2b,266,0.0,1.9577337404092152,0.8189115769688099,1.655180618639535,-1.4506986648295193,0.06579080078518018,11.448593139648438,3.0685696601867676,0.8574520349502563,,,,,,,,
E2b,270,0.0,1.7515735505296597,1.0405722149899082,1.0152998151632944,-1.1333874163942204,0.0650457555311732,11.452954292297363,3.069075107574463,0.8702818155288696,,,,,,,,
E2b,274,0.0,1.7284581347826928,0.9735170878942997,1.0027959853508024,-1.1599698655514254,0.06877018656814471,11.437458038330078,3.069551944732666,0.8830965757369995,,,,,,,,
E2b,278,0.0,1.904852342984033,0.8668665456925593,1.3383383357953003,-1.3725467644528382,0.08021547680255026,11.30345630645752,3.068626880645752,0.895759642124176,,,,,,,,
E2b,282,0.0,2.1207564142015247,0.8292273168732959,1.4786292206245795,-1.5337467861827463,0.09291647770442069,11.40355396270752,3.0681424140930176,0.9085339307785034,,,,,,,,
E2b,286,0.0,1.7597913668742255,0.9341684482873432,1.1984400542647535,-1.2406985580825085,0.07578250614460558,11.368512153625488,3.069563388824463,0.9212767481803894,,,,,,,,
E2b,290,0.0,1.8329380926276957,0.8896265817540032,1.2418041994531097,-1.2860143289528048,0.10051604273030534,11.328227996826172,3.067627429962158,0.9339666366577148,,,,,,,,
E2b,294,0.0,2.063523909993588,0.8015083092457008,1.473448351588545,-1.539543895337302,0.11274272052105516,11.212259292602539,3.067595958709717,0.9465266466140747,,,,,,,,
E2b,298,0.0,3.1549836995287075,0.8007070263847709,1.851939410707955,-2.4408417631288075,0.08642136136768386,11.338576316833496,3.0685696601867676,0.9592317938804626,,,,,,,,
E2b,302,0.0,2.1194739704212497,0.8222610738483214,1.420541201155188,-1.5919950436172445,0.1124847827013582,11.175300598144531,3.069551944732666,0.9717504978179932,,,,,,,,
E2b,306,0.0,2.279793119205842,0.7998114291667229,1.5112060115172237,-1.7149381062019586,0.06414513906929642,11.194931983947754,3.0681138038635254,0.9872860908508301,,,,,,,,
E2b,311,0.0,2.1242438443005085,0.8021106558393628,1.591550200357477,-1.588953232496149,0.08610765251796693,11.141851425170898,3.068626880645752,0.9997673630714417,,,,,,,,
E2b,315,0.0,2.3017136032973964,0.7217201855891044,1.8322902038596125,-1.7916840786106945,0.16290000965818763,11.278786659240723,3.069563388824463,1.0124024152755737,,,,,,,,
E2b,319,0.0,1.8219381632904212,0.9912547719561319,0.9068036171982983,-1.2283814909261843,0.10777905664872378,11.295843124389648,3.0676255226135254,1.025056004524231,,,,,,,,
E2b,323,0.0,1.7696087129768872,0.9467069986202414,1.0595323131211214,-1.1839602315014908,0.11458483978640288,11.326269149780273,3.067627429962158,1.0377439260482788,,,,,,,,
E2b,327,0.0,1.9206604045771418,0.8833504526151551,1.0568834768297772,-1.3580472229736014,0.1442502400216957,11.211433410644531,3.067595958709717,1.0503047704696655,,,,,,,,
E2b,331,0.0,1.8997731936711169,0.9345129545009325,1.0623830322857335,-1.3137114971270045,0.11875077511649579,11.346372604370117,3.0685696601867676,1.0630152225494385,,,,,,,,
E2b,335,0.0,1.724610208282395,0.9919803086668253,0.8738364797127225,-1.1265493988295987,0.0904993754811585,11.190672874450684,3.069551944732666,1.0755513906478882,,,,,,,,
E2b,339,0.0,4.415469683825024,0.9844205496566636,1.3045427016774886,-2.701924462133782,0.0911970621382352,10.793272972106934,3.0681138038635254,1.0876834392547607,,,,,,,,
E2b,343,0.0,1.976156175018303,0.7740434064928975,1.4620921375897171,-1.5234230517295175,0.09811705921310931,10.910176277160645,3.068626880645752,1.0999515056610107,,,,,,,,
E2b,347,0.0,2.133049241488888,0.7727098747319172,1.522162960188936,-1.6319575756012152,0.11046786932274699,11.1229829788208,3.069563388824463,1.1124117374420166,,,,,,,,
E2b,351,0.0,2.0430930205399083,0.7753716256942541,1.427409029426748,-1.5613557908846627,0.22656158590689301,11.146580696105957,3.0676255226135254,1.1249092817306519,,,,,,,,
E2b,355,0.0,1.8132784847938825,0.8643823770421838,1.1659114014134924,-1.3085628233162598,0.13259775540791452,11.209939002990723,3.067627429962158,1.1374667882919312,,,,,,,,
E2b,359,0.0,1.9254985896367875,0.8282344675962887,1.3786197285612685,-1.4194152819451005,0.1168792515527457,11.12955093383789,3.067121982574463,1.1499342918395996,,,,,,,,
E2b,363,0.0,1.9500308710313032,0.8499270499876094,1.2224487750999518,-1.4313655980485713,0.14038822147995234,11.213831901550293,3.0685696601867676,1.1625010967254639,,,,,,,,
E2b,367,0.0,1.9059742796160872,0.8849345624062513,1.0887019980156711,-1.365856497326777,0.18176733097061515,11.29000186920166,3.069551944732666,1.1751482486724854,,,,,,,,
E2b,371,0.0,2.012186598742292,0.8725326142850376,1.1626294075525296,-1.4432676144069918,0.12790809059515595,11.315908432006836,3.0681138038635254,1.187828540802002,,,,,,,,
E2b,375,0.0,1.820883716323546,0.9446962258172413,0.9771730902312852,-1.2366983776852962,0.1114202878670767,11.032118797302246,3.068626880645752,1.200195074081421,,,,,,,,
E2b,379,0.0,1.7878341081123503,0.9722981727312482,0.9684410533318714,-1.2013116402843493,0.08578121464233845,11.33912181854248,3.069563388824463,1.2128970623016357,,,,,,,,
E2b,383,0.0,1.8186411443683836,0.9547927111150727,0.960740890270516,-1.2269724811841216,0.12852006254252046,11.436964988708496,3.0676255226135254,1.2257088422775269,,,,,,,,
E2b,387,0.0,1.9724846865449632,0.9341911008906743,1.0908890876349118,-1.3597589329639006,0.0767183987190947,11.290302276611328,3.067627429962158,1.2383630275726318,,,,,,,,
E2b,391,0.0,1.6429862908072888,0.977422776617228,0.8319345187311146,-1.089475269545801,0.16587047496189675,11.160821914672852,3.067121982574463,1.2508673667907715,,,,,,,,
E2b,395,0.0,1.8066248472720858,0.9455223786275065,1.021561163123141,-1.2114081440737383,0.08184953883755952,11.23465347290039,3.069075107574463,1.2634608745574951,,,,,,,,
E2b,399,0.0,1.77372127156409,0.96173131359475,0.9165746936845635,-1.1852134010784092,0.13291220064274967,11.321683883666992,3.069551944732666,1.2761436700820923,,,,,,,,
E2b,403,0.0,1.838130323245885,0.9795985320612551,0.9263302962879525,-1.2260936011785701,0.09486106166150421,11.27420711517334,3.068626880645752,1.2887825965881348,,,,,,,,
E2b,407,0.0,1.7019833672259534,0.9707234487351444,0.8693198366229659,-1.12088957646056,0.1139402654953301,11.170013427734375,3.0681118965148926,1.3040651082992554,,,,,,,,
E2b,411,0.0,3.265393982922274,0.79999249810279,1.978600984119546,-2.5614897139584794,0.029080203239573166,11.276219367980957,3.069563388824463,1.316705346107483,,,,,,,,
E2b,415,0.0,2.2800231598435885,0.7728646310371539,1.495908917497788,-1.725476539383332,0.15634235995821655,11.31447696685791,3.067152500152588,1.3293852806091309,,,,,,,,
E2b,419,0.0,1.747956655328236,0.9116056580392141,1.033406034952947,-1.2114369262782265,0.09113771957345307,11.275663375854492,3.067627429962158,1.3420164585113525,,,,,,,,
E2b,423,0.0,1.861678136364808,0.9401242590198914,1.0216819816546987,-1.279921184183054,0.07713625475298613,11.244403839111328,3.067121982574463,1.354619026184082,,,,,,,,
E2b,427,0.0,2.0252338879638248,0.9212225998737036,1.1040733045856677,-1.420323861914406,0.11564107600133866,11.334692001342773,3.069075107574463,1.3673217296600342,,,,,,,,
E2b,431,0.0,1.6258586394408392,0.9959043208214026,0.7998368358795545,-1.0599479614830916,0.1400871278019622,11.309050559997559,3.069551944732666,1.3799899816513062,,,,,,,,
E2b,436,0.0,1.891877109037032,0.933698003195108,1.1135428246430386,-1.2790853162850475,0.09224495687521994,11.309164047241211,3.068626880645752,1.3926646709442139,,,,,,,,
E2b,440,0.0,1.7813757728962671,0.9664262983770597,0.8402807166758202,-1.193896706110709,0.11708373914007097,11.2652587890625,3.0681118965148926,1.4052841663360596,,,,,,,,
E2b,444,0.0,1.8119191666917196,0.966254011506126,0.9643374226723256,-1.2097110211431596,0.07688700832659379,11.31328010559082,3.069563388824463,1.4179593324661255,,,,,,,,
E2b,448,0.0,2.054489335784363,0.8717012232435601,1.204423896610431,-1.462314425747738,0.1301369775319472,11.314234733581543,3.067152500152588,1.4306364059448242,,,,,,,,
E2b,452,0.0,1.6960134254325003,0.9830564562053907,0.8115808146852833,-1.1172922655019821,0.14730708417482674,11.333403587341309,3.067627429962158,1.4433319568634033,,,,,,,,
E2b,456,0.0,1.7740575497940418,0.9329626927418369,0.9939649243712086,-1.204961691046178,0.11180125751222174,11.15295696258545,3.067121982574463,1.4558275938034058,,,,,,,,
E2b,460,0.0,1.8331292335476195,0.9089983177800027,1.0241300364636552,-1.2813149144935851,0.14961054071318358,11.276498794555664,3.069075107574463,1.4684596061706543,,,,,,,,
E2b,464,0.0,1.7510153140340532,1.0009700683137728,0.8881348235629943,-1.1416351465316164,0.07827285176608711,11.287259101867676,3.069551944732666,1.481103777885437,,,,,,,,
E2b,468,0.0,1.663421952476104,0.9676100250983996,0.753041895155086,-1.0819252198321805,0.176803536596708,11.280741691589355,3.068626880645752,1.493740200996399,,,,,,,,
E2b,472,0.0,1.6922408444659105,1.0178696059636654,0.9279088916590632,-1.0684114128225557,0.08152307220734656,11.222197532653809,3.0681118965148926,1.5063114166259766,,,,,,,,
E2b,476,0.0,1.8631277187830872,0.9131016947683834,1.0141543167323541,-1.301484592916769,0.12564202467910945,11.324950218200684,3.069563388824463,1.5189977884292603,,,,,,,,
E2b,480,0.0,1.7338688612161648,0.9857641786100373,0.8333459315724226,-1.1291493765995024,0.1136194453574717,11.307560920715332,3.067152500152588,1.5316694974899292,,,,,,,,
E2b,484,0.0,1.808638294419599,0.9192703802079435,0.9579378351040962,-1.241980743121415,0.1188551455270499,11.26175594329834,3.067627429962158,1.5442863702774048,,,,,,,,
E2b,488,0.0,1.7280213398829338,0.9591403813470923,0.8291167896796963,-1.143384691168894,0.16231928789056838,11.256363868713379,3.0685696601867676,1.5568958520889282,,,,,,,,
E2b,492,0.0,1.676560981701764,1.0093509056383656,0.782058580236426,-1.0786265319745456,0.10212451743427664,11.259185791015625,3.069075107574463,1.56950843334198,,,,,,,,
E2b,496,0.0,1.6437139902559539,0.9862581367885309,0.7889834180050321,-1.0637987225042982,0.1486971010453999,11.36556339263916,3.069551944732666,1.5822402238845825,,,,,,,,
E2b,500,0.0,1.6235676307881635,0.99103423420872,0.8772192921475577,-1.0346611336960148,0.12385658780112863,11.362045288085938,3.068626880645752,1.5949681997299194,,,,,,,,
E2b,504,0.0,1.6219231433102064,1.0115765896108415,0.7152579955256252,-1.0204106178430339,0.11194613424595445,11.102314949035645,3.0681118965148926,1.6074049472808838,,,,,,,,
E2b,508,0.0,1.662002218857644,1.0081682784985455,0.8053239150174352,-1.0576223666587519,0.10226860176771879,11.134862899780273,3.069563388824463,1.6227835416793823,,,,,,,,
E2b,512,0.0,1.8589362210579334,0.9224460313599261,0.9625481070547518,-1.2821458190834771,0.1203946340829134,11.24114990234375,3.067627429962158,1.6353759765625,,,,,,,,
E2b,516,0.0,1.750834128390702,0.9602030355424162,0.953594744254126,-1.1621675808638674,0.1083918921649456,11.243436813354492,3.067595958709717,1.647971749305725,,,,,,,,
E2b,520,0.0,1.918679305012264,0.909525136921614,0.972670537059788,-1.3041882410050474,0.14197863855709633,11.099233627319336,3.0685696601867676,1.6604158878326416,,,,,,,,
E2b,524,0.0,1.5936435982880612,1.038670444476699,0.719281529882617,-0.9890667486747372,0.125036561046727,11.253483772277832,3.069075107574463,1.6730221509933472,,,,,,,,
E2b,528,0.0,1.5593883775411144,0.991424789267873,0.6904201835477307,-0.9986240887378771,0.14731847390066832,11.317014694213867,3.069551944732666,1.6857049465179443,,,,,,,,
E2b,532,0.0,1.6572852792247894,1.0010069750899833,0.8567297220813916,-1.0552460596589963,0.1105446929577738,11.337388038635254,3.068626880645752,1.6984076499938965,,,,,,,,
E2b,536,0.0,1.6800518797503576,0.9905623402446508,0.814813730539754,-1.0843894688785816,0.13822449266444892,11.2273530960083,3.0681424140930176,1.710991382598877,,,,,,,,
E2b,540,0.0,1.7619284817741976,0.9579892429330993,0.9446217532255756,-1.156050025618502,0.1289376630447805,11.099125862121582,3.069563388824463,1.7234247922897339,,,,,,,,
E2b,544,0.0,1.6598961718143925,0.9477451949838608,0.8447897303223943,-1.112030579235464,0.1549827957060188,11.297343254089355,3.067627429962158,1.7360825538635254,,,,,,,,
E2b,548,0.0,1.7762100029855021,0.982385352667835,0.9042065420688422,-1.1634842959225238,0.08508452353999019,11.310715675354004,3.067595958709717,1.7487527132034302,,,,,,,,
E2b,552,0.0,1.7007484080949946,1.0017399601047001,0.7537735778032176,-1.0987630489481879,0.14537747111171484,11.170032501220703,3.0685696601867676,1.7612717151641846,,,,,,,,
E2b,556,0.0,1.7032643838652544,0.9581877800325552,0.8100276230156783,-1.1065161487712185,0.12555636640172452,11.229522705078125,3.069551944732666,1.7738533020019531,,,,,,,,
E2b,561,0.0,1.8578650597778579,0.9442618051691661,0.9666560418042007,-1.2576814949150301,0.07892915047705173,11.331381797790527,3.0681138038635254,1.7865705490112305,,,,,,,,
E2b,565,0.0,1.942952009893599,0.8860182704788352,1.050188203550764,-1.36077608293595,0.12135886889882386,11.304057121276855,3.068626880645752,1.799235463142395,,,,,,,,
E2b,569,0.0,2.103020718764691,0.9015420533805376,1.1381597632903662,-1.4617692424346589,0.11368817219045013,11.223774909973145,3.069563388824463,1.8118141889572144,,,,,,,,
E2b,573,0.0,1.8996519022990788,0.9020173418379965,0.9881429403756203,-1.3189277252596285,0.14432152430526912,11.276986122131348,3.0676255226135254,1.824446678161621,,,,,,,,
E2b,577,0.0,1.8529429206299404,0.9347320582185473,0.9647191539754285,-1.2543683636689646,0.13701279181987047,11.310335159301758,3.067627429962158,1.8371164798736572,,,,,,,,
E2b,581,0.0,1.9441384059332667,0.8812290080896918,1.0124599986654053,-1.3502898902100111,0.20809667953290045,11.253440856933594,3.067141056060791,1.8497227430343628,,,,,,,,
E2b,585,0.0,1.3849286115063089,1.096447301407655,0.5910879061169302,-0.7935594782743248,0.07622758050759633,11.195762634277344,3.0685696601867676,1.8622674942016602,,,,,,,,
E2b,589,0.0,1.595034815311905,1.007186987392959,0.773583285468839,-1.0098316720409675,0.12924084928818047,11.35244083404541,3.069551944732666,1.8749914169311523,,,,,,,,
E2b,593,0.0,1.783523995488409,0.9526489743046345,0.9391854227339821,-1.2056654508332796,0.06858321081381291,11.271712303161621,3.0681138038635254,1.8876252174377441,,,,,,,,
E2b,597,0.0,1.8580107172093694,1.0144943617993878,0.9343986257445067,-1.2079013016644038,0.0665535714942962,11.379230499267578,3.068626880645752,1.9003915786743164,,,,,,,,
E2b,601,0.0,1.8437242320487424,0.8651102854618951,1.004822472242444,-1.3023775002516305,0.16627621441148221,11.239171981811523,3.069563388824463,1.9129893779754639,,,,,,,,
E2b,605,0.0,1.7519109299081186,0.9434351441524331,0.9662177637288931,-1.1710247909964344,0.11268457979895175,11.33063793182373,3.0676255226135254,1.9256834983825684,,,,,,,,
E2b,609,0.0,1.82976395601318,0.915433901229075,0.9326603242418549,-1.2638985811832495,0.1633265248965472,11.282294273376465,3.067627429962158,1.9413292407989502,,,,,,,,
E2b,613,0.0,1.8934596651603306,0.877331607930717,1.073447909991521,-1.320983846139695,0.14705592161044478,11.370246887207031,3.067121982574463,1.9540663957595825,,,,,,,,
E2b,617,0.0,1.922506603456679,0.9613765159414874,0.9870866432007569,-1.2892067382141712,0.09806076635140926,11.320467948913574,3.0685696601867676,1.966753602027893,,,,,,,,
E2b,621,0.0,1.881719944969056,0.9041787949021137,1.0130780463753295,-1.3226979522751496,0.13412431557662785,11.334782600402832,3.069551944732666,1.9794645309448242,,,,,,,,
E2b,625,0.0,1.6194757602458436,0.9762349998548864,0.83892522174726,-1.0457727545798416,0.1894657474476844,11.321128845214844,3.0681138038635254,1.99214768409729,,,,,,,,
E2b,629,0.0,1.66099661186574,0.9352432805749159,0.9056928069991018,-1.090933153682965,0.12637423048727214,11.3167085647583,3.068626880645752,2.004824638366699,,,,,,,,
E2b,633,0.0,1.9897011977339547,0.8564227750850102,1.2023749865257918,-1.4119029405327248,0.10052711179014295,11.206122398376465,3.069563388824463,2.0173778533935547,,,,,,,,
E2b,637,0.0,2.0498041645402,0.855089106789184,1.1717211416394298,-1.4815686975055122,0.15516826638486236,11.31761360168457,3.0676255226135254,2.0300559997558594,,,,,,,,
E2b,641,0.0,2.01149377652577,0.9045512910547947,1.0469450713552313,-1.4146017082246198,0.14599929307587445,11.314785957336426,3.067627429962158,2.042732000350952,,,,,,,,
E2b,645,0.0,1.8371771024687895,0.9207758692107977,1.0052069785254103,-1.253862873239014,0.12756338098552078,11.269606590270996,3.067121982574463,2.055356502532959,,,,,,,,
E2b,649,0.0,1.7226858227735473,0.9614070316865331,0.8790172558334289,-1.1393603943620942,0.1413745164560775,11.172410011291504,3.069075107574463,2.067873477935791,,,,,,,,
E2b,653,0.0,1.8690113626302234,0.9310862080800155,1.0094856378108041,-1.2664819762132884,0.06594719114946201,11.29986572265625,3.069551944732666,2.080531597137451,,,,,,,,
E2b,657,0.0,2.0466161052740754,0.9263941010401125,0.973620028923085,-1.431582672052115,0.11225473089143634,11.341911315917969,3.068626880645752,2.093240976333618,,,,,,,,
E2b,661,0.0,1.5140357612676563,1.0028125290123244,0.802142124324203,-0.9438555982972806,0.16663023282308131,11.262128829956055,3.0681118965148926,2.1058568954467773,,,,,,,,
E2b,665,0.0,1.9017258150473473,0.8848930039103069,1.0053987795410595,-1.3233634235821516,0.15806969860568643,11.201112747192383,3.069563388824463,2.1184046268463135,,,,,,,,
E2b,669,0.0,1.7214423561143497,0.9392336187736382,0.8996097193752874,-1.1403134264779973,0.13701671129092574,11.326148986816406,3.067152500152588,2.1310923099517822,,,,,,,,
E2b,673,0.0,1.7984730771609716,0.9084156136664133,0.9447962086467044,-1.239204290274915,0.134125757496804,11.373626708984375,3.067627429962158,2.143836736679077,,,,,,,,
E2b,677,0.0,1.8439599693649344,0.9516100167400308,1.0403709877004375,-1.241009724834594,0.07995781337376684,11.361090660095215,3.067121982574463,2.1565637588500977,,,,,,,,
E2b,681,0.0,1.9002166693172757,0.8879401653058945,0.9842000737014824,-1.3243186641650806,0.18340302433352917,11.284454345703125,3.069075107574463,2.1692047119140625,,,,,,,,
E2b,686,0.0,1.827458502517806,0.8844980405614017,0.9612615275850047,-1.2712185428337386,0.14170727250166237,11.421648979187012,3.069551944732666,2.181999444961548,,,,,,,,
E2b,690,0.0,1.840805515706066,0.9550579843066987,0.8982097351881884,-1.2396649771706305,0.15805681725032628,11.449460983276367,3.068626880645752,2.1948251724243164,,,,,,,,
E2b,694,0.0,1.6345072555991391,0.9777010171895936,0.7778319917799933,-1.06124775876875,0.1377972251502797,11.457720756530762,3.0681118965148926,2.207660436630249,,,,,,,,
E2b,698,0.0,1.7525150703768881,0.8852319921115561,1.0246495030917673,-1.2167569089104378,0.16778656071983278,11.233824729919434,3.069563388824463,2.22025465965271,,,,,,,,
E2b,702,0.0,1.8131751247814722,0.9066982041926138,1.0320707171557666,-1.2579153272922017,0.10627810761798173,11.382664680480957,3.067152500152588,2.2330057621002197,,,,,,,,
E2b,706,0.0,1.8367596978232974,0.9495580840914969,0.90386792547556,-1.2370813104087517,0.147373077692464,11.414938926696777,3.067627429962158,2.245793104171753,,,,,,,,
E2b,710,0.0,1.8111685491388752,0.8883818410159576,1.0569928541654414,-1.258513986643049,0.13668492226861417,11.346370697021484,3.0685696601867676,2.261522054672241,,,,,,,,
E2b,714,0.0,1.772148795544155,0.8904012170221124,1.0852752754281303,-1.244215373615069,0.12138766221081217,11.2208890914917,3.069075107574463,2.2741010189056396,,,,,,,,
E2b,718,0.0,1.8275520611140463,0.899577698182492,0.9969995010143785,-1.2651565323661391,0.15949205518700182,11.330249786376953,3.069551944732666,2.2867989540100098,,,,,,,,
E2b,722,0.0,1.9959101471162977,0.837191662204171,1.1491670661202784,-1.4424579635055528,0.1371178706176579,11.335041999816895,3.068626880645752,2.299501895904541,,,,,,,,
E2b,726,0.0,2.059655469975301,0.9038417627295804,1.125229251334694,-1.4525149673970033,0.11755447648465633,11.3909912109375,3.0681118965148926,2.312265634536743,,,,,,,,
E2b,730,0.0,2.049912794759231,0.8207560503737085,1.1836601404417584,-1.4902675803270309,0.14314565598033369,11.28955078125,3.069563388824463,2.3249194622039795,,,,,,,,
E2b,734,0.0,1.9668772030799162,0.8474557574187952,1.174853827470719,-1.4141221647002986,0.14409656915813684,11.439577102661133,3.067152500152588,2.337737798690796,,,,,,,,
E2b,738,0.0,2.040233880813633,0.8762829634878371,1.1747818537918266,-1.415683036330082,0.1185646248050034,11.358622550964355,3.067627429962158,2.3504679203033447,,,,,,,,
E2b,742,0.0,1.824166465432398,0.9332589218540798,1.0008813985414915,-1.2614405765161214,0.1653797486796975,11.364860534667969,3.0685696601867676,2.36319899559021,,,,,,,,
E2b,746,0.0,1.741224926497255,0.8738456482570323,1.0044874972802824,-1.2190256890515605,0.18918231618590653,11.201333045959473,3.069075107574463,2.375746965408325,,,,,,,,
E2b,750,0.0,1.7751414232429057,0.9278390353752507,1.018712055723447,-1.226492585287252,0.11594477365724742,11.454383850097656,3.069551944732666,2.388578176498413,,,,,,,,
E2b,754,0.0,2.1422047831472897,0.798625803981272,1.299238346468435,-1.5710368666775703,0.15853016485925764,11.388336181640625,3.068626880645752,2.401341199874878,,,,,,,,
E2b,758,0.0,1.8498673639481975,0.8701509709455191,1.0128512701103047,-1.2977843180221196,0.22263091709464788,11.339674949645996,3.0681118965148926,2.414044141769409,,,,,,,,
E2b,762,0.0,1.799233008353483,0.9009330611794241,0.9320168727035842,-1.246924327939586,0.169037954416126,11.274909019470215,3.069563388824463,2.4266984462738037,,,,,,,,
E2b,766,0.0,1.688957386073612,0.9435927279530063,0.8745693341071314,-1.1213435721361922,0.16928654396906495,11.422675132751465,3.067627429962158,2.4394943714141846,,,,,,,,
E2b,770,0.0,1.9177447587606453,0.8338505864616425,1.1248414128143063,-1.3644683110852918,0.15512658772058785,11.339001655578613,3.067595958709717,2.4521965980529785,,,,,,,,
E2b,774,0.0,2.2028053409996486,0.8775990536466004,1.2337312847132613,-1.5865734849819944,0.07646889938041568,11.352346420288086,3.0685696601867676,2.46492600440979,,,,,,,,
E2b,778,0.0,1.7677742436764732,0.9204532686798346,0.9646314616159847,-1.2190718897100952,0.14547835600872835,11.1970796585083,3.069075107574463,2.477479934692383,,,,,,,,
E2b,782,0.0,2.218049891529575,0.7880408061106526,1.3642893318128564,-1.6315776272307312,0.11931307672057301,11.392975807189941,3.069551944732666,2.4902422428131104,,,,,,,,
E2b,786,0.0,1.9731687420890445,0.8501951080998258,1.151372762417782,-1.4177898719337665,0.1903048437088728,11.28143310546875,3.068626880645752,2.502885341644287,,,,,,,,
E2b,790,0.0,1.9905292101440921,0.8538524742637362,1.1252013226873727,-1.4354036898825258,0.11701856541913003,11.289544105529785,3.0681424140930176,2.5155320167541504,,,,,,,,
E2b,794,0.0,1.8603727277072648,0.8965207741906246,0.9656735026527807,-1.2973934000003196,0.1974126931745559,11.21876049041748,3.069563388824463,2.5281007289886475,,,,,,,,
E2b,798,0.0,1.8793772077631383,0.8843717216735795,1.099618385942069,-1.3160581460910006,0.11409541335888207,11.371503829956055,3.067627429962158,2.540839433670044,,,,,,,,
E2b,802,0.0,1.9241985056608442,0.8334299305542594,1.181462245823037,-1.3798824801287126,0.1964485312346369,11.322750091552734,3.067595958709717,2.553523302078247,,,,,,,,
E2b,806,0.0,1.8353570156863757,0.8933309943725666,1.0184058278951962,-1.2749491961643336,0.17897647386416793,11.404708862304688,3.0685696601867676,2.5663094520568848,,,,,,,,
E2b,810,0.0,1.7676461845754632,0.9092807655060102,0.9139204463754683,-1.2158042166441205,0.15852630487643182,11.376679420471191,3.069551944732666,2.582139492034912,,,,,,,,
E2b,815,0.0,1.8074226324993468,0.8646968348276993,1.0870791305092844,-1.2807144627145062,0.16506823105737567,11.390833854675293,3.0681138038635254,2.5949065685272217,,,,,,,,
E2b,819,0.0,1.9190316390068758,0.8826226123741695,1.1197469211809004,-1.3448015780129012,0.15737260959576815,11.43578815460205,3.068626880645752,2.607719898223877,,,,,,,,
E2b,823,0.0,1.781232609162255,0.8963960697135281,1.0261736176143497,-1.2319981113541871,0.18807672057300806,11.430523872375488,3.069563388824463,2.6205244064331055,,,,,,,,
E2b,827,0.0,2.0074580048639623,0.8080821092284861,1.2111907271293005,-1.473345528168249,0.1660695073660463,11.238306045532227,3.0676255226135254,2.6331138610839844,,,,,,,,
E2b,831,0.0,1.9955955999977295,0.9033568104995149,1.1301701848617574,-1.4113718553756673,0.11662385413364973,11.348978996276855,3.067627429962158,2.6458282470703125,,,,,,,,
E2b,835,0.0,1.9729639832817374,0.8507126916259055,1.1978948740983633,-1.41880246194353,0.09322258841712028,11.318711280822754,3.067141056060791,2.6585075855255127,,,,,,,,
E2b,839,0.0,2.1768692886190757,0.8469212645635246,1.2697351430959778,-1.582065864944727,0.16281768085900694,11.272462844848633,3.0685696601867676,2.671161413192749,,,,,,,,
E2b,843,0.0,1.8792785461696366,0.8101821996508136,1.143336020381839,-1.3806201693202769,0.1982701262459159,11.196776390075684,3.069551944732666,2.683708667755127,,,,,,,,
E2b,847,0.0,1.885594241468916,0.8288534442406326,1.1599630995535417,-1.3533646695164314,0.20716183260083199,11.337732315063477,3.0681138038635254,2.696415424346924,,,,,,,,
E2b,851,0.0,1.8864359819581584,0.8528560576221299,1.1249123153957858,-1.3440041811286754,0.15079417231027037,11.2517728805542,3.068626880645752,2.7090260982513428,,,,,,,,
E2b,855,0.0,1.8513348387583854,0.8413271320954202,1.0791904632446927,-1.3153363455988702,0.22968220291659236,11.328103065490723,3.069563388824463,2.7217159271240234,,,,,,,,
E2b,859,0.0,2.0496459491550922,0.7966914122392025,1.2046254361326347,-1.5094336070201642,0.16897439770400524,11.241669654846191,3.0676255226135254,2.7343175411224365,,,,,,,,
E2b,863,0.0,1.9535316382608716,0.8684268694311853,1.0931626572551678,-1.391428083358776,0.13554792979266495,11.338485717773438,3.067627429962158,2.747023105621338,,,,,,,,
E2b,867,0.0,2.0129807930853634,0.8336304187892921,1.2915855586153469,-1.4705635334073108,0.14436621754430234,11.336791038513184,3.067121982574463,2.759739875793457,,,,,,,,
E2b,871,0.0,2.027587557359347,0.7766356232561289,1.2226487964099801,-1.5050946643191672,0.20464475313201547,11.3424654006958,3.0685696601867676,2.772449254989624,,,,,,,,
E2b,875,0.0,2.0601107210275673,0.8547460728931049,1.1565408331633948,-1.4859256896020343,0.15191213111393154,11.215441703796387,3.069551944732666,2.7850136756896973,,,,,,,,
E2b,879,0.0,1.7819424576702572,0.8491748615153252,1.1146398001774422,-1.2693379468280852,0.1826392828952521,11.34346866607666,3.0681138038635254,2.7977280616760254,,,,,,,,
E2b,883,0.0,1.982928416817375,0.9067625871726445,1.1682878538493568,-1.402397157206747,0.1488881292170845,11.302627563476562,3.068626880645752,2.8103995323181152,,,,,,,,
E2b,887,0.0,1.8395854107562513,0.8167642893358356,1.1092322409611697,-1.3347657776977275,0.18293455499224365,11.27824878692627,3.069563388824463,2.823033571243286,,,,,,,,
E2b,891,0.0,2.242198002775983,0.7949788190927061,1.2443468119921302,-1.649869811174179,0.17679154162760824,11.12992000579834,3.0676255226135254,2.8355014324188232,,,,,,,,
E2b,895,0.0,2.0184659773395177,0.804323350744588,1.1936506318838906,-1.4757091432832004,0.1897987355478108,11.299960136413574,3.067627429962158,2.848168134689331,,,,,,,,
E2b,899,0.0,1.8913713998146473,0.8169272316708451,1.1588012248958781,-1.3686841915006793,0.18416613806039095,11.34882926940918,3.067121982574463,2.8609001636505127,,,,,,,,
E2b,903,0.0,1.8590739506134202,0.8731422542431762,1.0870418004594298,-1.3092997200299232,0.18649780144914985,11.272568702697754,3.069075107574463,2.873528003692627,,,,,,,,
E2b,907,0.0,1.9162579228480656,0.8523263688539229,1.224635987041631,-1.3688418299794967,0.10767516338576873,11.012129783630371,3.069551944732666,2.8858656883239746,,,,,,,,
E2b,911,0.0,2.1876104241089216,0.761256386511146,1.3654265711223013,-1.648945664464023,0.12093533342704177,11.23250675201416,3.068626880645752,2.901502847671509,,,,,,,,
E2b,915,0.0,2.1159575222030518,0.8413314479033626,1.2192151085716854,-1.5273955573091313,0.1849970482289791,11.228148460388184,3.0681118965148926,2.9140806198120117,,,,,,,,
E2b,919,0.0,2.0804720919520134,0.8053558997750755,1.267439560283587,-1.5376987135562572,0.14132628589868546,11.30833911895752,3.069563388824463,2.926748275756836,,,,,,,,
E2b,923,0.0,2.1719662655322325,0.7847650342635692,1.4580549215828416,-1.618175331824681,0.13385901669971645,11.135265350341797,3.067152500152588,2.9392220973968506,,,,,,,,
E2b,927,0.0,2.007256824109289,0.7662926894272604,1.2747111154942592,-1.5044054251777688,0.23122765985317528,11.344425201416016,3.067627429962158,2.951930284500122,,,,,,,,
E2b,931,0.0,2.055248845013834,0.7527570880003391,1.310351682472418,-1.5525204370700059,0.1926495956722647,11.357254981994629,3.067121982574463,2.964658737182617,,,,,,,,
E2b,935,0.0,1.8916814841093526,0.8721131157603056,1.0585292106869617,-1.3497470544082009,0.1609653162304312,11.29182243347168,3.069075107574463,2.9773080348968506,,,,,,,,
E2b,940,0.0,1.9015482391659466,0.8619383606941454,1.1709629196757034,-1.3392718587299839,0.14830350829288363,11.234793663024902,3.069551944732666,2.989896535873413,,,,,,,,
E2b,944,0.0,1.955931675339502,0.7971087937494592,1.2037235250585336,-1.448335544703277,0.2064733891747892,11.325590133666992,3.068626880645752,3.0025901794433594,,,,,,,,
E2b,948,0.0,1.9378075351317723,0.7945258105912852,1.1712888043735232,-1.438996401504569,0.21481809532269835,11.350188255310059,3.0681118965148926,3.015317678451538,,,,,,,,
E2b,952,0.0,2.0421111466629163,0.82534405748759,1.2611671319481597,-1.4840752552485181,0.13650318677537143,11.172178268432617,3.069563388824463,3.0278353691101074,,,,,,,,
E2b,956,0.0,1.877194364688226,0.8588372866312662,1.1956054613744813,-1.3369951624171956,0.1771026592468843,10.999312400817871,3.067152500152588,3.0401570796966553,,,,,,,,
E2b,960,0.0,2.1110249885490964,0.8050213739394195,1.377834084693954,-1.5696128116891024,0.13585390197113156,11.293562889099121,3.067627429962158,3.0528082847595215,,,,,,,,
E2b,964,0.0,2.2957285321539356,0.7236775595783478,1.4772395905830078,-1.756097857644486,0.15824804874137044,11.246405601501465,3.0685696601867676,3.065406560897827,,,,,,,,
E2b,968,0.0,2.2303658066287873,0.7932693508291055,1.3524035636175757,-1.6667547126832818,0.11968147801235318,11.284171104431152,3.069075107574463,3.078047275543213,,,,,,,,
E2b,972,0.0,2.4174652438729054,0.6853582661983276,1.5272857092081034,-1.9057344280733979,0.207917289265121,11.141324043273926,3.069551944732666,3.090529680252075,,,,,,,,
E2b,976,0.0,1.8536393071805675,0.8148933223906963,1.134746534193852,-1.3526365839181438,0.23362372536212206,11.312849998474121,3.068626880645752,3.1032023429870605,,,,,,,,
E2b,980,0.0,1.9627353343816976,0.7843356384112249,1.173175172470232,-1.4710902024341364,0.195544013986364,11.309337615966797,3.0681118965148926,3.115875482559204,,,,,,,,
E2b,984,0.0,1.9277045088746245,0.8444196754504764,1.1579127740114927,-1.375047634126589,0.1533988192677498,11.28400707244873,3.069563388824463,3.1285159587860107,,,,,,,,
E2b,988,0.0,1.9375382345169783,0.7778425615221735,1.2399914654131645,-1.4438106226679381,0.2303341943770647,11.25613021850586,3.067152500152588,3.141125202178955,,,,,,,,
E2b,992,0.0,1.9524543539044403,0.8336123363188808,1.2235462216507476,-1.4229121519186134,0.14694584859535098,11.330926895141602,3.067627429962158,3.153818130493164,,,,,,,,
E2b,996,0.0,2.0480160630411572,0.7578546613573082,1.2742771153935968,-1.5523110382177585,0.2148053627461195,11.144787788391113,3.0685696601867676,3.1663026809692383,,,,,,,,
E2b,1000,0.0,2.0584521490548338,0.7581075252817263,1.3765642389432708,-1.5444602140055468,0.20037687849253416,11.272671699523926,3.069075107574463,3.1789305210113525,,,,,,,,
E2b,1004,0.0,2.2026915550231934,0.7785400770722873,1.4158609516001237,-1.6442208814375576,0.10592740378342569,11.117234230041504,3.069551944732666,3.1913840770721436,,,,,,,,
E2b,1008,0.0,2.3655810781000626,0.7213264628062173,1.532024370436904,-1.8228068536494872,0.14852624642662704,11.24621868133545,3.068626880645752,3.203982353210449,,,,,,,,
E2b,1012,0.0,2.102220159615316,0.7427537547986186,1.3652169263935579,-1.605125462078297,0.23788405978120863,11.28434944152832,3.0681118965148926,3.2196760177612305,,,,,,,,
E2b,1016,0.0,2.2461151396116565,0.7563939749130181,1.3983071270231993,-1.723834852776712,0.16727773402817547,11.301046371459961,3.069563388824463,3.2323355674743652,,,,,,,,
E2b,1020,0.0,2.1395333719750247,0.8350422717926521,1.2612626618469385,-1.5790848105975857,0.16768353496445343,11.26547622680664,3.067627429962158,3.244955539703369,,,,,,,,
E2b,1024,0.0,1.8544981324720005,0.8316296139761569,1.188219826710202,-1.3327394460682713,0.14046029013115913,11.326995849609375,3.067595958709717,3.257643938064575,,,,,,,,
E2b,1028,0.0,2.3699614675863394,0.7674596769705652,1.4115168199693757,-1.765706321858387,0.1575011855456978,11.297953605651855,3.0685696601867676,3.2702999114990234,,,,,,,,
E2b,1032,0.0,2.002963914580288,0.7699657929617734,1.3587585044746746,-1.5084580983504623,0.18841139576397836,11.242715835571289,3.069075107574463,3.2828941345214844,,,,,,,,
E2b,1036,0.0,2.131763685139872,0.708763431550728,1.4571590919936583,-1.6363019512278871,0.21431283932179213,11.124579429626465,3.069551944732666,3.295365571975708,,,,,,,,
E2b,1040,0.0,2.1320015500107456,0.8066968489660039,1.3482794922484613,-1.5963856871424627,0.15975700214039534,11.325723648071289,3.068626880645752,3.3080737590789795,,,,,,,,
E2b,1044,0.0,2.170715855818892,0.7203697995060966,1.4199902458088611,-1.6998216886561186,0.19219106575474143,11.297684669494629,3.0681424140930176,3.320741653442383,,,,,,,,
E2b,1048,0.0,2.1219745257366744,0.7435683913174129,1.387890793779281,-1.613788361971577,0.22650159383192658,11.357494354248047,3.069563388824463,3.333496570587158,,,,,,,,
E2b,1052,0.0,2.161994563829568,0.7876654513002861,1.3243142855075647,-1.6089005750411796,0.11720965546555817,11.173644065856934,3.067627429962158,3.3460285663604736,,,,,,,,
E2b,1056,0.0,1.9412608711374184,0.7867844987601514,1.2017955451494833,-1.452719153644192,0.21909985831007361,11.247528076171875,3.067595958709717,3.3586373329162598,,,,,,,,
E2b,1060,0.0,2.0146944725974683,0.9571616830570358,1.0940432995974796,-1.4082765670101498,0.0995227083330974,11.241538047790527,3.0685696601867676,3.3712518215179443,,,,,,,,
E2b,1065,0.0,2.0977940229432925,0.7486912078031945,1.3596756589223644,-1.607926382609303,0.18518444243818521,11.326566696166992,3.069551944732666,3.3839619159698486,,,,,,,,
E2b,1069,0.0,2.0599665147444557,0.715035687215508,1.4456981944420666,-1.5741335719395133,0.22600903548300266,11.229732513427734,3.0681138038635254,3.396550178527832,,,,,,,,
E2b,1073,0.0,2.030469514311306,0.79862186657117,1.2478230545338966,-1.51782196389866,0.19931468833237886,11.371244430541992,3.068626880645752,3.409292459487915,,,,,,,,
E2b,1077,0.0,2.225043905869363,0.6863114221376323,1.5029172796074912,-1.7491962143611754,0.19354304659646004,11.338371276855469,3.069563388824463,3.4219963550567627,,,,,,,,
E2b,1081,0.0,1.937487940939646,0.8381413610149471,1.2580218219490193,-1.413280107262027,0.10615602822508663,11.368680000305176,3.0676255226135254,3.4347338676452637,,,,,,,,
E2b,1085,0.0,2.2622820763952203,0.7748285925222768,1.4913212561687983,-1.716468276167732,0.11180638609221205,11.18360710144043,3.067627429962158,3.447263717651367,,,,,,,,
E2b,1089,0.0,2.1067823356106166,0.7694894017149059,1.3956434836388747,-1.581554249634907,0.21703439229167998,11.321004867553711,3.067141056060791,3.4599521160125732,,,,,,,,
E2b,1093,0.0,2.321253375224178,0.7412299758621624,1.5546651452140354,-1.7961863637827928,0.11443146329838783,11.338257789611816,3.0685696601867676,3.4726672172546387,,,,,,,,
E2b,1097,0.0,2.4349961663404156,0.7166389973154144,1.576058494330231,-1.9138917028053946,0.19303934706840664,11.313014030456543,3.069551944732666,3.4853436946868896,,,,,,,,
E2b,1101,0.0,2.2253830594912407,0.686277084880405,1.4829117387434412,-1.769270993044807,0.19972221242884794,11.177759170532227,3.0681138038635254,3.497879981994629,,,,,,,,
E2b,1105,0.0,2.160515831517322,0.701346792428503,1.4610879108198542,-1.6795390266814225,0.23210585257038474,11.347148895263672,3.068626880645752,3.510601282119751,,,,,,,,
E2b,1109,0.0,2.0592694874438973,0.8441285734316186,1.3011969136588497,-1.5039673439921841,0.16400098078884184,11.335914611816406,3.069563388824463,3.5232999324798584,,,,,,,,
E2b,1113,0.0,2.17490433404843,0.6454444956625738,1.4954055748157091,-1.717961593279763,0.24435777286998928,11.39348316192627,3.0676255226135254,3.539097547531128,,,,,,,,
E2b,1117,0.0,2.3768015538771,0.687822995958702,1.6323521011161493,-1.8607610233963305,0.1256833880324848,11.212772369384766,3.067627429962158,3.5516650676727295,,,,,,,,
E2b,1121,0.0,2.0596693739413268,0.7618367131060314,1.3421895649742837,-1.5607379240442127,0.20965267275460064,11.308276176452637,3.067121982574463,3.5643365383148193,,,,,,,,
E2b,1125,0.0,2.1626501316648152,0.7456925925872628,1.4819837325711305,-1.660485603011376,0.13815844955388457,11.300575256347656,3.0685696601867676,3.576995611190796,,,,,,,,
E2b,1129,0.0,1.8671329194709423,0.871519860737617,1.1677814496319685,-1.3388603447736906,0.21073401905596256,11.32617473602295,3.069551944732666,3.5896849632263184,,,,,,,,
E2b,1133,0.0,2.1402586655735614,0.776437676349093,1.3710125907838566,-1.6175532442561926,0.16527545975986868,11.247036933898926,3.0681138038635254,3.6022896766662598,,,,,,,,
E2b,1137,0.0,2.1320121745091107,0.7136708396590419,1.4928226294412987,-1.6407689514666026,0.18985029321629554,11.369359970092773,3.068626880645752,3.6150312423706055,,,,,,,,
E2b,1141,0.0,2.235138550105076,0.7150988004037312,1.5187907229636366,-1.7497069587938427,0.1816260601626709,11.314661979675293,3.069563388824463,3.627711534500122,,,,,,,,
E2b,1145,0.0,2.2492964541509983,0.6976178187492584,1.5275648077115862,-1.7686805755883042,0.20897012285422534,11.351774215698242,3.0676255226135254,3.640427827835083,,,,,,,,
E2b,1149,0.0,2.235752312909989,0.7114691247365305,1.534822618164845,-1.7317069523768234,0.1960052305366844,11.234419822692871,3.067627429962158,3.653014898300171,,,,,,,,
E2b,1153,0.0,2.1457167041916696,0.7082526799705293,1.407962663648233,-1.6705405434726603,0.21746525052003562,11.335883140563965,3.067121982574463,3.665713310241699,,,,,,,,
E2b,1157,0.0,2.032868954574778,0.7273174892401412,1.4164231797930464,-1.5731634739158114,0.22414078167639673,11.300207138061523,3.069075107574463,3.678378105163574,,,,,,,,
E2b,1161,0.0,2.192998160149843,0.7405183059237306,1.5024825405301665,-1.6896891130304466,0.11152853583917022,11.28271198272705,3.069551944732666,3.6910171508789062,,,,,,,,
E2b,1165,0.0,2.1705119777766484,0.6904936142502323,1.4757147194591886,-1.7001384072197927,0.2634517635839681,11.189451217651367,3.068626880645752,3.7035627365112305,,,,,,,,
E2b,1169,0.0,1.9703835451177187,0.7729104041225381,1.3071558272618968,-1.4830406563918268,0.23087282897904515,11.347042083740234,3.0681118965148926,3.7162773609161377,,,,,,,,
E2b,1173,0.0,2.1972175763831254,0.6765675050103002,1.4804773414368504,-1.7252015343992897,0.24362200312316418,11.352670669555664,3.069563388824463,3.728994607925415,,,,,,,,
E2b,1177,0.0,2.0489551854275523,0.7556315087787215,1.3186997154505173,-1.538102733891546,0.22572416067123413,11.336725234985352,3.067152500152588,3.7416939735412598,,,,,,,,
E2b,1181,0.0,2.174929083458015,0.6917220571684459,1.5358530795896677,-1.698263682240236,0.20879628648981452,11.225486755371094,3.067627429962158,3.7542688846588135,,,,,,,,
E2b,1185,0.0,2.2678212211245583,0.7607353523314472,1.4852033926646655,-1.723874402058769,0.09932792955078185,11.36640739440918,3.067121982574463,3.7670016288757324,,,,,,,,
E2b,1190,0.0,2.1695740438761217,0.7265145087112037,1.4524086156804392,-1.6854099977303236,0.2596772026736289,11.34107780456543,3.069075107574463,3.7797062397003174,,,,,,,,
E2b,1194,0.0,2.253719749076972,0.6616027091762849,1.6024136267699747,-1.7713164719124694,0.18475806107744575,11.33724308013916,3.069551944732666,3.7924087047576904,,,,,,,,
E2b,1198,0.0,2.234363832821449,0.7321139717888501,1.5337935788973944,-1.7533068523154638,0.13782481011003256,11.22010612487793,3.068626880645752,3.804980993270874,,,,,,,,
E2b,1202,0.0,2.150981830699103,0.7058723505054202,1.5485175043108192,-1.6934226777641073,0.1540629140799865,11.372547149658203,3.0681118965148926,3.817720651626587,,,,,,,,
E2b,1206,0.0,2.528754344712647,0.6112786079535172,1.7958564744400445,-2.0333068828571528,0.16245839872863144,11.27157211303711,3.069563388824463,3.8303544521331787,,,,,,,,
E2b,1210,0.0,2.211217709388288,0.7271009566232799,1.5252126036837363,-1.7162612232874843,0.2894975116942078,11.411515235900879,3.067152500152588,3.843148946762085,,,,,,,,
E2b,1214,0.0,2.132847151112935,0.6715395389095186,1.45542762754485,-1.6804815184081061,0.28437194461002946,11.21882152557373,3.067627429962158,3.8587963581085205,,,,,,,,
E2b,1218,0.0,2.1574316946050476,0.7434132251858948,1.441304951489194,-1.639821713446595,0.17889325169380754,11.331216812133789,3.0685696601867676,3.871502161026001,,,,,,,,
E2b,1222,0.0,2.1705260476954873,0.7246158554233493,1.4970200143601577,-1.6728780231335096,0.151386346668005,11.344390869140625,3.069075107574463,3.884218692779541,,,,,,,,
E2b,1226,0.0,2.3213299649457135,0.766417762737662,1.4949898633814014,-1.7669781891976497,0.14516456797719002,11.329329490661621,3.069551944732666,3.8969099521636963,,,,,,,,
E2b,1230,0.0,2.2819272019560377,0.6730350078867068,1.5553552461329452,-1.818095169994714,0.14531519815015295,11.18616008758545,3.068626880645752,3.909442663192749,,,,,,,,
E2b,1234,0.0,2.4294269786822418,0.6980396069379317,1.6656399513838063,-1.9214570482690183,0.16318808298092335,11.322989463806152,3.0681118965148926,3.922133684158325,,,,,,,,
E2b,1238,0.0,2.0221272092016918,0.7809169099089646,1.3126142686163422,-1.5421426870512762,0.2267825233284384,11.403363227844238,3.069563388824463,3.9349122047424316,,,,,,,,
E2b,1242,0.0,2.2792081892017335,0.6454871123331407,1.6910967434506252,-1.818044674804523,0.18278231716249138,11.352765083312988,3.067152500152588,3.947629690170288,,,,,,,,
E2b,1246,0.0,2.504233853034084,0.6406988461634943,1.7296526908540903,-2.0299327879929767,0.14086261170450598,11.190570831298828,3.067627429962158,3.960197687149048,,,,,,,,
E2b,1250,0.0,2.371136937733917,0.6834903460823827,1.592744139474886,-1.876194646212435,0.2480321255279705,11.3058443069458,3.0685696601867676,3.9728684425354004,,,,,,,,
E2b,1254,0.0,2.209745962113615,0.6664074825802966,1.4941559719032984,-1.7557698181157724,0.20732910686638206,11.248737335205078,3.069075107574463,3.985469341278076,,,,,,,,
E2b,1258,0.0,2.4246546305597776,0.6931713601308209,1.627478606366455,-1.9254351669944645,0.10957449686247855,11.294408798217773,3.069551944732666,3.9981472492218018,,,,,,,,
E2b,1262,0.0,2.363052755062069,0.7019890940023793,1.5105091290020232,-1.8482152309401758,0.23972650850191712,11.147228240966797,3.068626880645752,4.010644435882568,,,,,,,,
E2b,1266,0.0,2.133834631670089,0.6343779040293561,1.610200208597886,-1.7057979484162633,0.2701407140120864,11.167342185974121,3.0681118965148926,4.023179531097412,,,,,,,,
E2b,1270,0.0,2.2076077280300006,0.6535313362107863,1.5489180468078425,-1.7785388822778172,0.2674432077910751,11.234971046447754,3.069563388824463,4.0357794761657715,,,,,,,,
E2b,1274,0.0,2.0842274543311863,0.698603397560498,1.5105924502348722,-1.6331240894930763,0.2010376276448369,11.365044593811035,3.067627429962158,4.048515319824219,,,,,,,,
E2b,1278,0.0,2.142263415195639,0.7397613509720753,1.4560596154196495,-1.6402547610295375,0.18917554058134556,11.176532745361328,3.067595958709717,4.061041831970215,,,,,,,,
E2b,1282,0.0,2.259745276873074,0.6962995296491991,1.568572786400345,-1.7917302765713503,0.15268813236616552,11.347124099731445,3.0685696601867676,4.073753356933594,,,,,,,,
E2b,1286,0.0,2.421784879610179,0.6725221692274014,1.6475339429383513,-1.938949519934665,0.17132771864999086,11.370850563049316,3.069075107574463,4.086493492126465,,,,,,,,
E2b,1290,0.0,2.34639855506756,0.6764076920669704,1.577289389738285,-1.8630812210178682,0.21278943307697773,11.278887748718262,3.069551944732666,4.099128723144531,,,,,,,,
E2b,1294,0.0,2.3081664937356163,0.6927013043018561,1.5741383028498879,-1.8156803496521972,0.12230997066944838,11.126399040222168,3.068626880645752,4.111603736877441,,,,,,,,
E2b,1298,0.0,2.1649067040887617,0.699459216276568,1.5581801700850588,-1.6945860320739152,0.3019475028850138,11.317292213439941,3.069563388824463,4.1242876052856445,,,,,,,,
E2b,1302,0.0,2.2577946681588417,0.634369547138848,1.6962205836577202,-1.8314776508329762,0.15310185868293047,11.340171813964844,3.0676255226135254,4.136991024017334,,,,,,,,
E2b,1306,0.0,2.1922824590925187,0.7113869008977735,1.51899994771455,-1.7232965797200681,0.17250875674653798,11.3394775390625,3.067627429962158,4.149695873260498,,,,,,,,
E2b,1310,0.0,2.3787596359375924,0.6464678180581402,1.6785527930817385,-1.9141119944434317,0.19367162324488163,11.237319946289062,3.067595958709717,4.1622843742370605,,,,,,,,
E2b,1314,0.0,2.036537246157726,0.7586205724685912,1.3082313287252587,-1.560528483799851,0.2436377089470625,11.317998886108398,3.0685696601867676,4.178042888641357,,,,,,,,
E2b,1319,0.0,2.2517672016152313,0.6458796658183611,1.646624251477309,-1.7996763220640817,0.22866036742925644,11.316732406616211,3.069551944732666,4.190725803375244,,,,,,,,
E2b,1323,0.0,2.46365090193493,0.7140148468500388,1.6593172226393067,-1.9250260475387295,0.1048645002883859,11.367118835449219,3.0681138038635254,4.203464031219482,,,,,,,,
E2b,1327,0.0,2.31155180307253,0.6971659290619077,1.4919514165176495,-1.804512853412667,0.22469506063498557,11.216546058654785,3.068626880645752,4.21603536605835,,,,,,,,
E2b,1331,0.0,2.1720416485553695,0.7343147065165261,1.4390772694110203,-1.684269214071156,0.28268495481461287,11.312711715698242,3.069563388824463,4.228708267211914,,,,,,,,
E2b,1335,0.0,2.061826296209816,0.6636433410975668,1.495608801063873,-1.6323600258338191,0.2270825218874961,11.325617790222168,3.0676255226135254,4.24139928817749,,,,,,,,
E2b,1339,0.0,2.224312843252269,0.6891631276775447,1.5336775743166235,-1.7481555473909431,0.17973738943692297,11.327506065368652,3.067627429962158,4.254088401794434,,,,,,,,
E2b,1343,0.0,2.276825670507692,0.6564838053392512,1.6548720941837154,-1.8375420448266797,0.2290498404763639,11.21743392944336,3.067141056060791,4.266654014587402,,,,,,,,
E2b,1347,0.0,2.134512404186858,0.6996837258634586,1.4646337237070077,-1.6748008125882952,0.1707399447914213,11.367086410522461,3.0685696601867676,4.279387474060059,,,,,,,,
E2b,1351,0.0,2.279766189555327,0.6909688242548515,1.570972926594984,-1.8016347035189115,0.19737925752997398,11.51465129852295,3.069551944732666,4.292286396026611,,,,,,,,
E2b,1355,0.0,2.3428990854512133,0.6615739873802614,1.700388354756661,-1.8630802545489535,0.18312471534591168,11.442964553833008,3.0681138038635254,4.305105209350586,,,,,,,,
E2b,1359,0.0,2.2888840449944374,0.6701742618359507,1.5512344423244058,-1.8178528861053997,0.2864423207938671,11.209566116333008,3.068626880645752,4.317668437957764,,,,,,,,
E2b,1363,0.0,2.4470240966904733,0.6157419596103921,1.757098246873148,-1.992172691095177,0.1842887788079679,11.362335205078125,3.069563388824463,4.33039665222168,,,,,,,,
E2b,1367,0.0,2.129063144267078,0.723949511786775,1.5116490339304307,-1.6525966295462458,0.2193759506335482,11.354466438293457,3.0676255226135254,4.343116283416748,,,,,,,,
E2b,1371,0.0,2.076124454892817,0.6946517083320826,1.5247496187117007,-1.6386380869052595,0.24458571057766676,11.385531425476074,3.067627429962158,4.355870246887207,,,,,,,,
E2b,1375,0.0,2.2236514940030045,0.6436375838423533,1.7198324288561273,-1.7946864890474234,0.22942154528573155,11.231977462768555,3.067121982574463,4.368452548980713,,,,,,,,
E2b,1379,0.0,2.3243197463452816,0.6549153360316441,1.6918323177135368,-1.8611779438427811,0.1879696511896327,11.349337577819824,3.069075107574463,4.381166458129883,,,,,,,,
E2b,1383,0.0,2.219537365885954,0.7083680582277122,1.5474738446550804,-1.7407093537963987,0.18513199232984334,11.272099494934082,3.069551944732666,4.39379358291626,,,,,,,,
E2b,1387,0.0,2.364405264397935,0.6086411516492566,1.7894808490232412,-1.9248385249326627,0.18728560744784772,11.263344764709473,3.0681138038635254,4.406411170959473,,,,,,,,
E2b,1391,0.0,2.4509846049523545,0.6743521035929757,1.6363970596523982,-1.9330059339381045,0.14583995891734958,11.260801315307617,3.068626880645752,4.419025421142578,,,,,,,,
E2b,1395,0.0,2.1448699950817085,0.7026846422592089,1.5112982364301917,-1.706933137517245,0.22059408039785922,11.358649253845215,3.069563388824463,4.4317498207092285,,,,,,,,
E2b,1399,0.0,2.1819161938296423,0.6551735767325948,1.53096578438391,-1.7641952261883056,0.23656636814121157,11.399538040161133,3.0676255226135254,4.444519519805908,,,,,,,,
E2b,1403,0.0,2.2223487700971347,0.6966343379860359,1.6120571252584124,-1.7496939408445051,0.18325093376915902,11.301107406616211,3.067627429962158,4.457179069519043,,,,,,,,
E2b,1407,0.0,2.5969807915685195,0.6415715470673546,1.8589100815710236,-2.110129878800806,0.17060681630391628,11.054764747619629,3.067121982574463,4.469563007354736,,,,,,,,
E2b,1411,0.0,2.2658198670380645,0.5850826875262317,1.7418306449205796,-1.8511790706118243,0.24477197020314634,11.274738311767578,3.069075107574463,4.4821929931640625,,,,,,,,
E2b,1415,0.0,2.1395354117784233,0.752247555048338,1.4392728499595577,-1.6330583902844598,0.20797617314383388,11.292591094970703,3.069551944732666,4.497874736785889,,,,,,,,
E2b,1419,0.0,2.3061976735258387,1.1409044286738785,0.9451372122822969,-1.6300758392077,0.10225674917455763,11.310470581054688,3.068626880645752,4.5105485916137695,,,,,,,,
E2b,1423,0.0,2.4330107052884404,0.5837261417200641,1.7075892832892186,-2.0109883234503547,0.19743559944132963,11.134827613830566,3.0681118965148926,4.523024559020996,,,,,,,,
E2b,1427,0.0,2.123954781464168,0.6110485020936245,1.5910919335142557,-1.7302813016336471,0.3521174839697778,11.308080673217773,3.069563388824463,4.535691738128662,,,,,,,,
E2b,1431,0.0,2.1997840277377576,0.6148920373488513,1.6094139547212356,-1.7820732190037176,0.24056106130592525,11.31631851196289,3.067152500152588,4.548368453979492,,,,,,,,
E2b,1435,0.0,2.2285200766184263,0.6336513892525718,1.6695195547958364,-1.7905189700069881,0.2290222691372037,11.349164962768555,3.067627429962158,4.561086654663086,,,,,,,,
E2b,1439,0.0,2.3119056813182337,0.6837707422378044,1.6709462249540348,-1.840677434497232,0.180233602412045,10.997262001037598,3.067121982574463,4.573413372039795,,,,,,,,
E2b,1444,0.0,2.3112561038089177,0.6090822972889457,1.7160872405589516,-1.892682576784864,0.2538338942686096,11.252872467041016,3.069075107574463,4.586019039154053,,,,,,,,
E2b,1448,0.0,2.252447309948149,0.6371661073395184,1.58245827373006,-1.8237246010297288,0.2394714921247214,11.326870918273926,3.069551944732666,4.598712921142578,,,,,,,,
E2b,1452,0.0,2.21541947699965,0.7369829776534249,1.5989647967282181,-1.725705557746724,0.10171858256217092,11.29370403289795,3.068626880645752,4.611372470855713,,,,,,,,
E2b,1456,0.0,2.3503326557221866,0.6469135428852741,1.6346863031720937,-1.8845271356403828,0.2468914883211255,11.233707427978516,3.0681118965148926,4.62395715713501,,,,,,,,
E2b,1460,0.0,2.2293438206589413,0.6942127963587169,1.5584152500951356,-1.7835649849573476,0.183193035190925,11.307038307189941,3.069563388824463,4.636629581451416,,,,,,,,
E2b,1464,0.0,2.339744000089547,0.6619930749847776,1.5666824572775235,-1.8550328003272178,0.21333010477246717,11.319371223449707,3.067152500152588,4.6493096351623535,,,,,,,,
E2b,1468,0.0,2.243506080751854,0.6407438707020547,1.6701772777613864,-1.8148877728353476,0.24932998535223305,11.30696964263916,3.067627429962158,4.66198205947876,,,,,,,,
E2b,1472,0.0,2.0567480655948795,0.7690124615051207,1.4225909888827757,-1.575559664879822,0.21968284074682742,11.24106216430664,3.0685696601867676,4.674574375152588,,,,,,,,
E2b,1476,0.0,2.1556022366479275,0.6678090475440498,1.555406026959197,-1.6869502376565444,0.2299462726805359,11.279561042785645,3.069075107574463,4.6872100830078125,,,,,,,,
E2b,1480,0.0,2.124917267511288,0.6866864524190388,1.4718787259033033,-1.6879983651193067,0.24706134072039276,11.283659934997559,3.069551944732666,4.699850082397461,,,,,,,,
E2b,1484,0.0,2.1474308119643304,0.6561844463327101,1.5782661046693796,-1.6995148648330498,0.21504283649846911,11.258292198181152,3.068626880645752,4.712462425231934,,,,,,,,
E2b,1488,0.0,2.2503364184900883,0.663455173994104,1.5824820976492695,-1.7905716497879771,0.20239478101332983,11.156993865966797,3.0681118965148926,4.72496223449707,,,,,,,,
E2b,1492,0.0,2.321006672427295,0.6181059475426399,1.759606215220167,-1.872239109324587,0.29312360379844904,11.28946304321289,3.069563388824463,4.737616062164307,,,,,,,,
E2b,1496,0.0,2.0848601995597758,0.7104266663451516,1.3862499206452006,-1.6235689930248236,0.20136067876592278,11.276363372802734,3.067152500152588,4.750257968902588,,,,,,,,
E2b,1500,0.0,0.3590083457529545,2.1864156275987625,3.2373118698596954,1.4059718661010265,0.2703856350854039,9.579334259033203,3.0651707649230957,4.763054370880127,18.872311099638946,1,0.012374158017337322,0.5590000152587891,0.04089999943971634,1,1,1
E4b,0,0.0,0.4679231718182564,2.3845340609550476,-1.0189501959830523,1.1260562967509031,0.00027485008104122244,250.66845703125,17.658164978027344,0.014534970745444298,,,,,,,,
E4b,4,0.004095999989658594,6.956067809731596,0.8128798448015004,1.1333836665673351,-6.086227935276896,0.00044644981729409966,11.57911205291748,3.134091377258301,0.029847534373402596,,,,,,,,
E4b,8,0.00870400108397007,7.029001105399359,0.5870845649199236,2.481179567846233,-5.832238050118562,0.0026493886980460957,11.78983211517334,3.138998031616211,0.04305441305041313,,,,,,,,
E4b,12,0.014848003163933754,4.863586931238099,0.5173350830658502,4.096247468838718,-4.369649482050186,0.01904031379672233,11.764495849609375,3.1361212730407715,0.05623624101281166,,,,,,,,
E4b,16,0.017920004203915596,3.747804167133475,0.568106323561912,3.2513495209529553,-3.164859350611796,0.0292725702165626,11.8281888961792,3.1386208534240723,0.06948602199554443,,,,,,,,
E4b,20,0.023040005937218666,3.621424180174631,0.7511400187994162,2.7348454450187623,-2.8900253882166,0.01915296797233168,11.693449020385742,3.135718822479248,0.08258500695228577,,,,,,,,
E4b,24,0.026624007150530815,2.8837993260886936,0.6357889482308001,2.827754707089556,-2.3752417304619615,0.017654611940088216,11.856457710266113,3.1366920471191406,0.0958663821220398,,,,,,,,
E4b,28,0.03072000853717327,3.366808961662981,0.6712010343233863,2.8895521158380295,-2.6367939366397284,0.02024824581167195,11.793933868408203,3.174074649810791,0.10907772183418274,,,,,,,,
E4b,32,0.03584000840783119,3.8814283109728307,0.7222551354022312,3.1949197170672132,-2.9573853949365754,0.04471122789254878,11.796989440917969,3.145860195159912,0.12230083346366882,,,,,,,,
E4b,36,0.036864008754491806,2.037816657906487,0.9732943652271633,1.479026474711944,-1.3382720248773694,0.021548708431510022,11.701606750488281,3.1399569511413574,0.13540877401828766,,,,,,,,
E4b,40,0.03840000927448273,2.658490100668536,0.7070738222036097,2.535184067173569,-1.9996481026995867,0.028982998162973672,11.831356048583984,3.150383949279785,0.14866198599338531,,,,,,,,
E4b,44,0.04147201031446457,2.660662960911554,0.6269201178488041,3.33086264489302,-2.1187381178273688,0.059351920732297,11.798578262329102,3.1383109092712402,0.1618785560131073,,,,,,,,
E4b,48,0.0435200110077858,2.890360828252539,0.7539674623292827,2.90786628576635,-2.1682273298132397,0.04017555157770403,11.860578536987305,3.137904644012451,0.17516681551933289,,,,,,,,
E4b,52,0.0435200110077858,2.118667451694371,0.8392219144023128,2.3737447503676163,-1.5648407877186343,0.048703223204938695,11.75705337524414,3.1420249938964844,0.18833675980567932,,,,,,,,
E4b,57,0.04608001187443733,2.4698528412079055,0.7242594780843883,2.441709124205161,-1.9135850472190965,0.038980496290605515,11.823221206665039,3.1392054557800293,0.20158036053180695,,,,,,,,
E4b,61,0.047104012221097946,2.4366899686200276,0.7036420655185505,2.4024014601539543,-1.888721168152101,0.05485044204397127,11.817230224609375,3.1632275581359863,0.21481770277023315,,,,,,,,
E4b,65,0.04608001187443733,2.1957170500878305,0.7364049300492282,2.1452727152257047,-1.689546045566362,0.04453717402066104,11.811311721801758,3.1398887634277344,0.22804854810237885,,,,,,,,
E4b,69,0.049152012914419174,2.569250684172388,0.6759885421525391,2.7024301766333254,-2.0107774985584594,0.07087958728273709,11.679370880126953,3.1498565673828125,0.24113330245018005,,,,,,,,
E4b,73,0.04966401308774948,2.1818217366697295,0.7899910250294303,1.9138392777418467,-1.6395935432667592,0.02984858548734337,11.840351104736328,3.1401309967041016,0.25439655780792236,,,,,,,,
E4b,77,0.04966401308774948,2.1827099288976384,0.7981801395053192,1.8690907956559712,-1.6338042277317968,0.053161942574661225,11.83296012878418,3.144390106201172,0.2676562964916229,,,,,,,,
E4b,81,0.050688013434410095,2.697978159501439,0.73098507173182,2.3562279955219867,-2.0263517127512762,0.05326303106267005,11.85723876953125,3.1410727500915527,0.2809387445449829,,,,,,,,
E4b,85,0.05171201378107071,2.1035956179220525,0.7583512849662275,2.1616469219104566,-1.6086576801488206,0.05159947427455336,11.76766586303711,3.1528520584106445,0.29412057995796204,,,,,,,,
E4b,89,0.052224013954401016,2.3057472085550663,0.8002007190093753,2.2055460562609803,-1.7859625420385292,0.0391557160182856,11.805747985839844,3.139425277709961,0.3073451519012451,,,,,,,,
E4b,93,0.05017601326107979,1.8808906174131803,0.8485439332231642,1.702505956487313,-1.3668565144134124,0.048952246899716556,11.868952751159668,3.1478934288024902,0.3206423819065094,,,,,,,,
E4b,97,0.047104012221097946,1.7302451929639255,0.9173029269136134,1.5949775990682529,-1.1917602966968266,0.04569173016352579,11.804619789123535,3.182384967803955,0.3338656723499298,,,,,,,,
E4b,101,0.04505601152777672,1.716119368161474,1.0268759120492235,1.2230475046671927,-1.0944069675835115,0.03036532213445753,11.736581802368164,3.1693644523620605,0.34701284766197205,,,,,,,,
E4b,105,0.03942400962114334,1.6469084310626227,0.9645363732817627,1.1285380559292302,-1.0863561555077987,0.03913262323476374,11.85823917388916,3.146059989929199,0.3627057373523712,,,,,,,,
E4b,109,0.035328008234500885,2.006578270050268,0.8610516798697294,1.6378823611190292,-1.4329164015860962,0.06251134071499109,11.872727394104004,3.146881103515625,0.3760052025318146,,,,,,,,
E4b,113,0.030208006501197815,1.9156064104939263,0.9613249621220997,1.2491309830307293,-1.289494537837094,0.049769869598094374,11.835224151611328,3.1414241790771484,0.389262855052948,,,,,,,,
E4b,117,0.02611200511455536,1.8230136046333918,0.9225354890028635,1.3008793767597249,-1.2388420906989643,0.058000028773676604,11.742318153381348,3.13767671585083,0.4024164080619812,,,,,,,,
E4b,121,0.024576004594564438,1.6824135682767345,0.9845497975983317,1.2231207756089297,-1.1126628514279477,0.04642417136346921,11.822576522827148,3.1404194831848145,0.4156598150730133,,,,,,,,
E4b,125,0.021504003554582596,1.989054926331081,0.9489996644949156,1.339434931284067,-1.343647625899711,0.051893252006266266,11.85811996459961,3.1399765014648438,0.42894476652145386,,,,,,,,
E4b,129,0.014336001127958298,1.5335666534919588,1.0372021767709936,1.0360678550717768,-0.9557341477678468,0.04502667346969247,11.828984260559082,3.1404829025268555,0.44219541549682617,,,,,,,,
E4b,133,0.015360001474618912,2.8758021318723284,0.826960671205251,2.000762939763566,-2.0024330514180106,0.061424554248029985,11.742483139038086,3.1378369331359863,0.4553509056568146,,,,,,,,
E4b,137,0.013312000781297684,2.030399663817315,0.8335477276926949,1.6282289821251448,-1.4875492257479992,0.04806129541248083,11.864585876464844,3.1397600173950195,0.4686413109302521,,,,,,,,
E4b,141,0.008191999047994614,1.6833935458035696,1.004893336740751,1.1544929226902105,-1.093422301468395,0.06396464823046699,11.855304718017578,3.143975257873535,0.48192137479782104,,,,,,,,
E4b,145,0.0010239980183541775,1.6086829147405095,0.9570615586366445,1.2227001948935439,-1.0619764083124223,0.0670146347838454,11.821210861206055,3.1393942832946777,0.495163232088089,,,,,,,,
E4b,149,0.0,1.6775501440205272,1.0067869988344018,1.1343145630697706,-1.091238374079001,0.07029200333636254,11.796833992004395,3.1171631813049316,0.5083780884742737,,,,,,,,
E4b,153,0.0,1.6280817521942987,0.978107018307561,1.1260049859854155,-1.0555144274230337,0.060661508643534034,11.842888832092285,3.1171631813049316,0.5216442942619324,,,,,,,,
E4b,157,0.0,1.8474307261880427,0.9485335031612998,1.2471539594316439,-1.2492116872657326,0.07322197017492726,11.83436393737793,3.11716365814209,0.534920871257782,,,,,,,,
E4b,161,0.0,1.7708878581604315,0.9682447748879591,1.1834760300342495,-1.1690757036807813,0.08779853326268494,11.813211441040039,3.11716365814209,0.5481538772583008,,,,,,,,
E4b,165,0.0,1.7503525134589937,1.0299549922938385,1.0549057546252412,-1.1083469508245352,0.0517173606203869,11.834994316101074,3.118353843688965,0.5614269375801086,,,,,,,,
E4b,169,0.0005119999987073243,1.6519603938573884,1.037744596955322,0.8821890086157999,-1.0246251896762895,0.05264132015872747,11.830930709838867,3.11716365814209,0.5746793150901794,,,,,,,,
E4b,173,0.0005120001151226461,2.0662508958152364,0.9935172769048858,1.2814384004406965,-1.3599305550774767,0.04215248936088756,11.867331504821777,3.117403507232666,0.5879730582237244,,,,,,,,
E4b,177,0.0,1.77120294078948,0.9499873203772401,1.1729443557768948,-1.1755213858485813,0.08026869792956859,11.842909812927246,3.1376771926879883,0.6012393832206726,,,,,,,,
E4b,182,0.0005119999987073243,1.554383668161574,1.0531737101338212,0.8251775674167464,-0.9533767216258667,0.04447433748282492,11.717972755432129,3.11716365814209,0.6143655180931091,,,,,,,,
E4b,186,0.0,1.658699830254865,0.9924340001529172,1.0061633372679353,-1.0869375486167088,0.06796162779210135,11.804224014282227,3.121309757232666,0.6275885105133057,,,,,,,,
E4b,190,0.0005119999987073243,1.7167675931538855,1.0219658543429677,0.9713561980109384,-1.0841413895333452,0.06281200429657474,11.902957916259766,3.11716365814209,0.6409220099449158,,,,,,,,
E4b,194,0.004608000162988901,3.405318056307142,0.6213041203288686,2.741881599802691,-2.8617308242024766,0.058773981989361346,11.936346054077148,3.1173882484436035,0.6542927622795105,,,,,,,,
E4b,198,0.004608000162988901,2.486295516735741,0.9161131393814844,1.8936741899833027,-1.8143859230469734,0.03144191286992282,11.699853897094727,3.13677978515625,0.6674016118049622,,,,,,,,
E4b,202,0.0020480002276599407,1.7986108693220313,0.8924091847110835,1.279025933079755,-1.283683865388397,0.0779573613544926,11.87601089477539,3.136748790740967,0.6807049512863159,,,,,,,,
E4b,206,0.0005119999987073243,1.6146295522413556,0.9222178114430298,1.21072395266131,-1.1063832040388315,0.0604339245473966,11.814849853515625,3.12721586227417,0.6967326402664185,,,,,,,,
E4b,210,0.0005120001151226461,1.7700116465252542,0.9031418134118356,1.349683935830453,-1.2554510412017061,0.0860475447261706,11.839853286743164,3.124145984649658,0.7099953889846802,,,,,,,,
E4b,214,0.0,1.6304707130978977,0.9721883190943609,1.1373360397766774,-1.0784962403270164,0.06025372084695846,11.738993644714355,3.117187976837158,0.7231572270393372,,,,,,,,
E4b,218,0.0,1.7936755327714815,0.9291386617909348,1.1741070046659503,-1.2352516924526307,0.07372930319979787,11.873787879943848,3.134420394897461,0.7364580035209656,,,,,,,,
E4b,222,0.0005119999987073243,1.8492801147439177,0.8948313843399759,1.2669601718505927,-1.2843310787593798,0.07992052186455112,11.879070281982422,3.1324400901794434,0.7497647404670715,,,,,,,,
E4b,226,0.0,1.4721933202670208,1.142413535997981,0.6857223213830991,-0.8508278656093079,0.03488543501589447,11.895853996276855,3.1171703338623047,0.7630935311317444,,,,,,,,
E4b,230,0.0,2.5990599872219184,1.329426157923918,1.2742903947399289,-1.5699326892305787,0.05821804841980338,11.76413345336914,3.1171703338623047,0.7762715816497803,,,,,,,,
E4b,234,0.002047999994829297,1.7725904464485154,0.8352072593120355,1.3695759920041952,-1.300938748580862,0.11309772310778499,11.878458976745605,3.1280059814453125,0.7895776033401489,,,,,,,,
E4b,238,0.0,1.743065779112161,0.9613973475874417,1.0152179947706745,-1.1850302118054103,0.06612645764835179,11.809678077697754,3.1314282417297363,0.8028064966201782,,,,,,,,
E4b,242,0.0005120001151226461,1.7324697304339636,0.8689782154997663,1.1838392228749928,-1.2269512797846267,0.10190233180765063,11.870660781860352,3.1339774131774902,0.8161097168922424,,,,,,,,
E4b,246,0.0,1.845503402252992,0.9321110373037675,1.1142822221310726,-1.2872347390530483,0.10268387547694147,11.742606163024902,3.1171741485595703,0.8292667269706726,,,,,,,,
E4b,250,0.0015360000543296337,2.0349466256087734,0.8077682696489824,1.3700516291741114,-1.5148364156854177,0.1096092346124351,11.894311904907227,3.118136405944824,0.8425903916358948,,,,,,,,
E4b,254,0.003583999816328287,1.994152285040371,0.8622686352492088,1.3468455548898608,-1.4505189116674637,0.1598607818596065,11.86049747467041,3.1280808448791504,0.8558761477470398,,,,,,,,
E4b,258,0.0,1.4496431303402735,1.1030054982337687,0.6774683959587519,-0.8532278623084523,0.05444238655036315,11.837087631225586,3.136876106262207,0.8691402673721313,,,,,,,,
E4b,262,0.0,1.9270468224726973,0.9787179317532314,1.141823637602625,-1.289352027932182,0.05927271101002892,11.666242599487305,3.118415355682373,0.882210373878479,,,,,,,,
E4b,266,0.0005119999987073243,1.64453812759547,1.0365595148196296,0.8115819981669201,-1.0347130487059495,0.04418614870519377,11.862067222595215,3.117178440093994,0.8954979181289673,,,,,,,,
E4b,270,0.0,1.6719465506603084,0.9827322851689089,0.8997504066870506,-1.1050639067211054,0.07676104659913108,11.845550537109375,3.117178440093994,0.9087671637535095,,,,,,,,
E4b,274,1.1641532182693481e-10,1.8860973057351889,0.9486831270069593,1.1448662084311858,-1.2948887561233566,0.09109959285706282,11.866774559020996,3.1315770149230957,0.9220600128173828,,,,,,,,
E4b,278,0.0005119999987073243,1.673882574020397,1.0086870686047607,0.8272803431418516,-1.0860293748333962,0.08946014690445736,11.758355140686035,3.1344785690307617,0.9352314472198486,,,,,,,,
E4b,282,0.0,1.5904814939177225,0.9438245003776891,0.9317108757460295,-1.0627176430323975,0.12520493636839092,11.912220001220703,3.116685390472412,0.9485748410224915,,,,,,,,
E4b,286,0.0010240001138299704,1.8872622903732081,0.9781749613346562,0.9605551538571938,-1.2812522695850699,0.10597412183415145,11.873574256896973,3.1400132179260254,0.9618753790855408,,,,,,,,
E4b,290,0.0010239999974146485,1.4907944797286912,1.0303113341390613,0.7881064545919201,-0.915308273960984,0.06841955485288054,11.866357803344727,3.1171979904174805,0.9751678705215454,,,,,,,,
E4b,294,0.0,1.6896112256106877,0.98374864021464,0.9639807966982584,-1.1184922156870247,0.15078111307229847,11.768357276916504,3.1171798706054688,0.9883505702018738,,,,,,,,
E4b,298,0.0,1.315779721334813,1.1341928878119067,0.6373582195886758,-0.7149485381955784,0.03731192561099306,12.122844696044922,3.117213249206543,1.0019298791885376,,,,,,,,
E4b,302,0.0,1.6174893132632686,1.0286088966365372,0.7867053014768371,-0.9972595202141545,0.08107881603064016,12.083734512329102,3.1171798706054688,1.0154662132263184,,,,,,,,
E4b,306,0.0,1.8072259345993635,0.9826581590468921,0.9719071416010552,-1.1996444390905607,0.15005955914966762,12.015953063964844,3.1361865997314453,1.0318454504013062,,,,,,,,
E4b,311,0.0,1.6415656664305263,0.9972920672642807,0.8400111061923984,-1.0613854159305374,0.1136237345635891,12.036766052246094,3.1171798706054688,1.0453321933746338,,,,,,,,
E4b,315,0.0,1.6240869911298865,0.9622369463008548,0.8962395191887644,-1.0706702599464546,0.09655108890729025,11.982182502746582,3.1197304725646973,1.0587542057037354,,,,,,,,
E4b,319,0.0,1.7833322322676106,0.9367020869302372,1.015928951074689,-1.213792559775775,0.09293651080224663,12.03920841217041,3.117180347442627,1.0722804069519043,,,,,,,,
E4b,323,0.0010239999974146485,1.6903453057720548,0.9697171498592647,0.9255045638211182,-1.1244007499171569,0.15986607095692307,11.975849151611328,3.1258397102355957,1.0856975317001343,,,,,,,,
E4b,327,0.0,1.8129469970802938,0.9847865599311061,0.9730786466300769,-1.2207067377259215,0.06413157346347968,11.770246505737305,3.123004913330078,1.0989041328430176,,,,,,,,
E4b,331,0.0,1.5945439310892233,0.9955008364622555,0.8086748555139291,-1.0205125785284928,0.13424865202978253,12.008674621582031,3.117180824279785,1.1123560667037964,,,,,,,,
E4b,335,0.0005119999987073243,1.709656168130182,0.9551133570660438,0.9111299775123819,-1.1425066958551133,0.12162670737598091,12.100010871887207,3.117180824279785,1.1259115934371948,,,,,,,,
E4b,339,0.0,1.6964073943062907,0.94265997723218,0.9119552959437802,-1.1456005214066762,0.14552875142544508,12.056106567382812,3.1174440383911133,1.1394211053848267,,,,,,,,
E4b,343,0.0,1.6217572614624505,0.9890915682568909,0.8563545273700311,-1.0391348264427738,0.11302608740516007,12.005070686340332,3.1161036491394043,1.1528743505477905,,,,,,,,
E4b,347,0.0,1.577654984203123,1.025916211839233,0.7500585940555294,-0.9888326284043225,0.13269150746054947,12.07117748260498,3.1166868209838867,1.1663966178894043,,,,,,,,
E4b,351,0.0,1.4271471862282072,1.0913402665820386,0.6725096878380195,-0.8349343702152726,0.06009260885184631,12.066431999206543,3.1172313690185547,1.1799131631851196,,,,,,,,
E4b,355,0.0005119999987073243,1.6474350412331877,0.9816787515486044,0.9404457752321805,-1.0516510491263091,0.11979383882135153,12.103190422058105,3.1171813011169434,1.1934720277786255,,,,,,,,
E4b,359,0.0,1.9154436670480266,0.9550408984697054,0.9697046438927082,-1.296329102218373,0.0761523931287229,11.973627090454102,3.117705821990967,1.206884741783142,,,,,,,,
E4b,363,0.0,1.602063211834147,1.0364067702302857,0.6772090132111934,-0.9955536738843731,0.12072791322134435,12.069259643554688,3.1171817779541016,1.2204045057296753,,,,,,,,
E4b,367,0.0,1.7179252027223508,1.0031872849379266,0.7145914710752332,-1.0985644165692585,0.08207906928146258,12.138840675354004,3.1171817779541016,1.2340021133422852,,,,,,,,
E4b,371,0.0005120001151226461,1.8627830546290156,0.951602025046235,0.9734652533140311,-1.2405074813351449,0.12148339615669101,12.164412498474121,3.136143207550049,1.2476353645324707,,,,,,,,
E4b,375,0.0,1.5003711295624573,1.0678238518654355,0.6925019430232915,-0.8978897437771102,0.08091415755916387,11.929558753967285,3.1171822547912598,1.2610087394714355,,,,,,,,
E4b,379,0.0005119999987073243,1.744232966668076,0.9888671316088192,0.8383165140455561,-1.140269333385818,0.13476684724446386,12.054366111755371,3.117183208465576,1.2745118141174316,,,,,,,,
E4b,383,0.0,1.43116334039304,1.133674753977666,0.5542313478567373,-0.7963814444300379,0.036494598840363324,12.066198348999023,3.117183208465576,1.2880281209945679,,,,,,,,
E4b,387,0.0005119999987073243,1.8370635082560873,0.9624801964779931,0.9341824924253594,-1.211094628295137,0.08883755060378462,12.059438705444336,3.1173763275146484,1.301539421081543,,,,,,,,
E4b,391,0.0005119999987073243,1.7175020977026887,1.033602847939446,0.7709403173701669,-1.0821438804823196,0.09592894464731216,11.882564544677734,3.116689682006836,1.314851999282837,,,,,,,,
E4b,395,0.0030719998758286238,1.8374938942669403,0.9717872941955215,0.9430845560186278,-1.237020288342758,0.0652646790840663,12.08378791809082,3.135906219482422,1.3283878564834595,,,,,,,,
E4b,399,0.0,1.467644505084507,1.0163930542767048,0.7099356689254073,-0.9020750147922497,0.16956849838607013,12.093358039855957,3.1196136474609375,1.3419345617294312,,,,,,,,
E4b,403,0.0005119999987073243,1.598424984349145,1.0347497681421893,0.7686835025652632,-1.0155383329949386,0.08771075331605971,12.089465141296387,3.117185115814209,1.3554824590682983,,,,,,,,
E4b,407,0.0010239999974146485,1.807197499251555,0.9319888554690849,0.9719445714101529,-1.2053518958153233,0.06645172054413706,11.933189392089844,3.117185115814209,1.3717955350875854,,,,,,,,
E4b,411,0.0025599999353289604,3.0144586631037766,1.1770648533877517,1.2498231271521618,-1.9765207730418455,0.10703705134801567,12.095982551574707,3.139979839324951,1.3853451013565063,,,,,,,,
E4b,415,0.003583999816328287,1.8452103258598418,0.7828594339745385,1.2331726131057228,-1.3754342624784581,0.1453340327134356,12.136224746704102,3.1381282806396484,1.3989452123641968,,,,,,,,
E4b,419,0.004608000162988901,1.9823208102542493,0.8570103492173884,1.1550000722923164,-1.4195432114740094,0.11933013761881739,12.09736156463623,3.1380348205566406,1.412497639656067,,,,,,,,
E4b,423,0.004608000162988901,1.8988161198203526,0.8514058284816288,1.1756303828529346,-1.360000125845776,0.14069538936018944,12.013629913330078,3.136831760406494,1.4259549379348755,,,,,,,,
E4b,427,0.001024000346660614,1.6182242276531362,1.0022044657833047,0.7791676877219397,-1.0555101456564098,0.13531378644984215,12.193422317504883,3.139045238494873,1.439613699913025,,,,,,,,
E4b,431,0.0005119999987073243,1.7453709102220951,0.966540309171828,0.9808383382050626,-1.162136284619688,0.06620640074834228,12.084002494812012,3.1172146797180176,1.4531525373458862,,,,,,,,
E4b,436,0.0005120001151226461,1.8034092459295477,0.9921567001276546,0.8981226939680194,-1.1995091568419918,0.10647756786784157,12.021965980529785,3.1198372840881348,1.4666190147399902,,,,,,,,
E4b,440,1.1641532182693481e-10,1.7697421228365293,0.9663270729046965,0.9117776966417459,-1.1912084344020557,0.08697461191331968,12.004094123840332,3.128166675567627,1.4800670146942139,,,,,,,,
E4b,444,0.0005120001151226461,1.8369833136361742,0.9745113582956413,0.9410749306179472,-1.2376793970590427,0.07106546137947589,12.046473503112793,3.122337818145752,1.4935612678527832,,,,,,,,
E4b,448,0.0,1.4840886105620672,1.0674621802828614,0.6482174768696414,-0.8724233299153783,0.14219511533156037,12.056180953979492,3.1355185508728027,1.5070897340774536,,,,,,,,
E4b,452,0.0,1.7489576598718053,0.9887013215985563,0.8212550172596169,-1.128131974270449,0.10848582646576688,11.993515014648438,3.1171975135803223,1.520524501800537,,,,,,,,
E4b,456,0.0,1.7342185482146248,1.012096395154321,0.8093395169549198,-1.0882339468539974,0.07890169601887465,11.893400192260742,3.1171975135803223,1.5338490009307861,,,,,,,,
E4b,460,0.0,1.8061307244121083,0.946556289990743,0.9017073472252867,-1.2014164348827705,0.1413477691821754,12.061392784118652,3.1256322860717773,1.547359585762024,,,,,,,,
E4b,464,0.0,1.6292260268200485,1.0081056078511572,0.7500106930218414,-1.0238599600750835,0.1059920743573457,12.058761596679688,3.1171975135803223,1.5608675479888916,,,,,,,,
E4b,468,0.0,1.7493073937616177,0.9871735338062521,0.9207614561848676,-1.1325570132679468,0.09528189455159009,12.020221710205078,3.1187939643859863,1.5743322372436523,,,,,,,,
E4b,472,0.0,1.798503415629504,0.987017602792808,0.7993134328845277,-1.1795301818517998,0.14255721878726035,11.891701698303223,3.124223232269287,1.5876530408859253,,,,,,,,
E4b,476,0.0,1.6822147476708604,1.0127497214291776,0.8239656893063837,-1.0581505168312495,0.09127487381920218,11.834826469421387,3.1330790519714355,1.6009101867675781,,,,,,,,
E4b,480,0.0005120001151226461,1.679075106623627,0.9866640548266116,0.7647612960418381,-1.0889300964458564,0.10942918609362096,12.10188102722168,3.1287074089050293,1.6145031452178955,,,,,,,,
E4b,484,0.0010239999974146485,1.6888737017436632,0.9910938316394412,0.8028538700109765,-1.0632085296591478,0.10104864579625428,11.995692253112793,3.1171979904174805,1.6279436349868774,,,,,,,,
E4b,488,0.0005120001151226461,1.7002695740037967,1.0320242392047057,0.8315838879398278,-1.0827352857875032,0.09612469107378274,11.94810676574707,3.120150089263916,1.6413277387619019,,,,,,,,
E4b,492,0.0005119999987073243,1.7771557764638037,0.9625206733979876,0.8354215824302397,-1.18223214611995,0.13127661345060915,11.940377235412598,3.121804714202881,1.6547030210494995,,,,,,,,
E4b,496,0.0005119999987073243,1.6915823269103254,0.9667002843131148,0.8633391757794558,-1.1104513245194942,0.11256113118724898,11.999649047851562,3.1171984672546387,1.6681627035140991,,,,,,,,
E4b,500,0.0,1.7336798912830769,1.0499921076827579,0.7826058581930154,-1.0989143804052017,0.058586823754012585,12.019217491149902,3.1171984672546387,1.6816293001174927,,,,,,,,
E4b,504,0.0010239999974146485,1.4911719719095835,1.0106179840744487,0.6936817704769436,-0.9210522511691254,0.15980779146775603,11.925236701965332,3.1171998977661133,1.6949876546859741,,,,,,,,
E4b,508,0.0005119999987073243,1.673498330430852,1.0091054420622567,0.7987610236150838,-1.0629234214402026,0.09947586676571518,11.992212295532227,3.1340036392211914,1.7111443281173706,,,,,,,,
E4b,512,0.0,1.8001268782490303,1.028269307480918,0.7775384674835673,-1.1678025472007456,0.10977722203824669,11.991273880004883,3.1360301971435547,1.724576711654663,,,,,,,,
E4b,516,1.1641532182693481e-10,1.6224986918507114,1.0046640778817828,0.7815554436963441,-1.0286497583294967,0.10147193260490894,11.985859870910645,3.1223320960998535,1.738005518913269,,,,,,,,
E4b,520,0.0015360000543296337,1.6282385966725765,0.9410411950851244,0.8671591362041055,-1.0625215785860616,0.14130322262644768,11.785460472106934,3.1172008514404297,1.751214861869812,,,,,,,,
E4b,524,0.0010239999974146485,1.5434168404529964,1.0217148310371809,0.6580292840571657,-0.957058101171805,0.14670006523374468,11.971824645996094,3.1220202445983887,1.764624834060669,,,,,,,,
E4b,528,0.0,1.7350722849960365,1.0257858532288717,0.8094432234152484,-1.0963201325309153,0.09694894048152491,12.014041900634766,3.1172008514404297,1.7780848741531372,,,,,,,,
E4b,532,0.0005119999987073243,1.7154216743887416,0.9528211595283614,0.8549150828994921,-1.121151181488549,0.13973777182400227,12.03389835357666,3.121189594268799,1.79156494140625,,,,,,,,
E4b,536,0.0,1.5432266932099112,1.0413027438852522,0.668201319049738,-0.9398248143630871,0.1445788792334497,11.915090560913086,3.137864589691162,1.8049118518829346,,,,,,,,
E4b,540,0.0,1.806876142583196,0.9792395556966463,0.9232408277440205,-1.1743316843252007,0.06310604827012867,12.051746368408203,3.1279983520507812,1.8184114694595337,,,,,,,,
E4b,544,0.0,1.701834555656191,0.9835860294600328,0.8111211510945056,-1.129147388207327,0.15449820063076913,12.0363130569458,3.1191468238830566,1.8318946361541748,,,,,,,,
E4b,548,0.0005119999987073243,1.7218487345805717,0.9699650619711194,0.8545100408495029,-1.1232720386469737,0.11067160894162953,12.037436485290527,3.1252245903015137,1.8453786373138428,,,,,,,,
E4b,552,0.0005119999987073243,1.78083578816482,0.9495062925926749,0.9006566900495829,-1.1848292020999545,0.11639219813514501,11.8962984085083,3.135159969329834,1.8587055206298828,,,,,,,,
E4b,556,0.0005119999987073243,1.6191028662558113,1.0504308483666844,0.7044880916642497,-1.0030381322232267,0.14652882027439773,12.025701522827148,3.140347480773926,1.8721764087677002,,,,,,,,
E4b,561,0.0,1.669949051761438,0.9975472448009347,0.7553457736781339,-1.0546637012166828,0.11152705154381692,12.03608512878418,3.121795177459717,1.885659098625183,,,,,,,,
E4b,565,0.0,1.5336641640298896,1.0586788931063242,0.6786002060676466,-0.9179068487303864,0.08554447424830869,12.043880462646484,3.118135452270508,1.8991502523422241,,,,,,,,
E4b,569,0.0,1.6431157847955113,0.9956808817528543,0.7588241792895567,-1.0457676272988985,0.12340462801512331,11.937968254089355,3.1172032356262207,1.912523627281189,,,,,,,,
E4b,573,0.0005119999987073243,1.635175635772092,0.9951563570352774,0.8047469619647669,-1.0429959645982654,0.11233690264634788,12.083780288696289,3.119311809539795,1.9260594844818115,,,,,,,,
E4b,577,0.0,1.6326912190942537,1.0244332080086072,0.7580204844620746,-1.0131860221939397,0.14059680991340429,12.028980255126953,3.12916898727417,1.9395335912704468,,,,,,,,
E4b,581,0.0005119999987073243,1.4950384570965691,1.0604007348773026,0.6738739921607133,-0.8874558649720654,0.07738572708331048,12.011388778686523,3.117203712463379,1.9529926776885986,,,,,,,,
E4b,585,0.0,1.7352774947408647,0.9887440370780135,0.7660910440749968,-1.1130970280454864,0.17857684676224986,11.914200782775879,3.1178808212280273,1.9663403034210205,,,,,,,,
E4b,589,0.0,1.6026064816211898,1.013901751665842,0.7357618844365952,-1.0016743414111375,0.09628269635140896,11.937926292419434,3.117203712463379,1.9797128438949585,,,,,,,,
E4b,593,0.0,1.6212558891210291,0.9854425753038081,0.8485657369106341,-1.0395365677707429,0.10549631551839411,12.011480331420898,3.1203675270080566,1.9931907653808594,,,,,,,,
E4b,597,0.0010239999974146485,1.726883086834162,0.9334866838263614,0.9656668281974966,-1.147261326526484,0.11372923385351896,12.049543380737305,3.12498140335083,2.006692409515381,,,,,,,,
E4b,601,0.0,1.6251949180686285,1.0129663024156812,0.7119122688387479,-1.035209225494385,0.17087928066030145,11.946743965148926,3.117203712463379,2.0200748443603516,,,,,,,,
E4b,605,0.0005119999987073243,1.7266226859674567,0.977216734151755,0.7835710800301506,-1.1046646884439277,0.13123638578690588,12.058401107788086,3.1212377548217773,2.0335824489593506,,,,,,,,
E4b,609,0.0010239999974146485,1.526981130478874,1.0218302255703344,0.6595598177831453,-0.9314627282909074,0.13229591329582036,12.036914825439453,3.1186184883117676,2.0499730110168457,,,,,,,,
E4b,613,0.0,1.61760537923565,1.015283875876949,0.8021715769905653,-1.01194374179948,0.11370935046579689,12.08008861541748,3.130580425262451,2.063504695892334,,,,,,,,
E4b,617,0.0,1.6197704429191255,0.9950182049993485,0.7821221509670366,-1.0388006869285915,0.11270718590822071,11.981332778930664,3.1228408813476562,2.0769259929656982,,,,,,,,
E4b,621,0.0010239999974146485,1.743934099281591,0.9650705270469189,0.9391650746701591,-1.1358032631170418,0.09532804181799293,11.97281265258789,3.11720609664917,2.0903377532958984,,,,,,,,
E4b,625,0.0005119999987073243,1.6359028852884732,1.0209807984176136,0.7803048855736295,-1.0224035757627072,0.10241305292584002,12.056516647338867,3.117206573486328,2.1038434505462646,,,,,,,,
E4b,629,0.0,1.7774485340785413,0.9458281702938534,0.9813977213048223,-1.2177829163755098,0.12100253906100988,12.013711929321289,3.1400866508483887,2.1173009872436523,,,,,,,,
E4b,633,0.0,1.7826438747228137,0.9613047085465893,0.8948439678816653,-1.1769861727361641,0.135040640598163,11.947433471679688,3.1222896575927734,2.1306843757629395,,,,,,,,
E4b,637,0.0010240001138299704,1.877937713194461,0.9174814799889213,1.0152896256081816,-1.2859096087345352,0.0895780308637768,12.122361183166504,3.134064197540283,2.144263505935669,,,,,,,,
E4b,641,0.0010240001138299704,1.8411794456224593,0.8933789568347117,0.9555175233243117,-1.2889367625124692,0.1778140647802502,12.054537773132324,3.1374402046203613,2.157766580581665,,,,,,,,
E4b,645,0.0,1.7527788345302855,0.9697217381308003,0.9101144328240806,-1.1324771121550825,0.10360031470190734,12.00358772277832,3.1374378204345703,2.171212673187256,,,,,,,,
E4b,649,0.0,1.5661386355521187,1.008244881909045,0.7220995867286216,-0.9902122616028738,0.1590999085456133,11.863299369812012,3.1172080039978027,2.184506416320801,,,,,,,,
E4b,653,0.0,1.7263835605884355,0.9406683532491563,0.8853649177741426,-1.1327727560641332,0.14020167337730527,11.971470832824707,3.1172080039978027,2.1979165077209473,,,,,,,,
E4b,657,0.0005119999987073243,1.6860522786303171,0.9779435908274045,0.7869039605329953,-1.0833015556979393,0.14449675264768302,12.030241966247559,3.117208480834961,2.211392641067505,,,,,,,,
E4b,661,0.0005119999987073243,1.7524866868579199,0.9671929915036473,0.8671061897740713,-1.1474991461561461,0.11900485679507256,12.076080322265625,3.117208480834961,2.2249200344085693,,,,,,,,
E4b,665,0.0010239999974146485,1.7400400106691651,0.9859517932174697,0.7921015933475721,-1.1433858162934138,0.11652757972478867,11.912433624267578,3.1261801719665527,2.238264322280884,,,,,,,,
E4b,669,0.0005119999987073243,1.7331569869485166,0.9574699696330797,0.8644644883461297,-1.1432946384828981,0.1084710379363969,12.072345733642578,3.117208480834961,2.2517874240875244,,,,,,,,
E4b,673,0.0015360000543296337,2.008843424330865,0.9018750453279132,1.1037587080248146,-1.3832111754417715,0.09946243208833039,12.032631874084473,3.1261773109436035,2.265266180038452,,,,,,,,
E4b,677,0.0010239999974146485,1.7311339563143158,0.9371990505901594,0.9070435543822597,-1.1590768037186492,0.15526807238347828,12.051640510559082,3.136704444885254,2.278766393661499,,,,,,,,
E4b,681,0.0,1.7386051918128653,0.9913699604452603,0.96640936023931,-1.1178270628017979,0.08681326441001147,11.919906616210938,3.1305317878723145,2.292118787765503,,,,,,,,
E4b,686,0.0,1.6654307357375584,0.9542899976469694,0.8322832701977954,-1.0842261438568432,0.19746467284858227,12.072192192077637,3.1172094345092773,2.3056418895721436,,,,,,,,
E4b,690,0.0005119999987073243,1.7554510058982977,0.9645721220544407,0.8692390220239758,-1.1606930815245187,0.16083298018202186,12.048113822937012,3.1172099113464355,2.319140672683716,,,,,,,,
E4b,694,0.0,1.6311127225321436,0.9989668875932693,0.8143439370471595,-1.0428767703355304,0.09650645917281508,12.050848007202148,3.1353349685668945,2.3326401710510254,,,,,,,,
E4b,698,0.0,1.8116459044672193,0.944007236392252,0.9620537104766205,-1.2035331033015002,0.10794225474819541,11.91446304321289,3.1267971992492676,2.3459866046905518,,,,,,,,
E4b,702,0.0030719998758286238,2.013584444772393,0.8571669028273651,1.188858533535264,-1.4430048406892826,0.13553951843641698,12.077693939208984,3.125253200531006,2.359515428543091,,,,,,,,
E4b,706,0.0,1.671003224830779,0.9696856959175969,0.8779130887115069,-1.1005323029747824,0.14507942006457597,12.040167808532715,3.138632297515869,2.373002290725708,,,,,,,,
E4b,710,0.0,1.6083957591936702,0.9656748801824593,0.8003170668328209,-1.0424345249794276,0.16159293102100492,12.009142875671387,3.122307777404785,2.389413595199585,,,,,,,,
E4b,714,0.0005119999987073243,1.8097761705044717,0.9264840733200784,0.9756957079481446,-1.225718795842979,0.0775197211963435,11.830416679382324,3.1185226440429688,2.4026691913604736,,,,,,,,
E4b,718,0.0030719998758286238,1.8911130434818684,0.9100858782314591,1.0402825898073835,-1.2932532680523952,0.14464778802357614,12.008354187011719,3.1360955238342285,2.416120767593384,,,,,,,,
E4b,722,0.0025599999353289604,1.7857879956681577,0.9150696082838944,0.936760843238001,-1.2072790040734358,0.166334341163747,12.008249282836914,3.1389379501342773,2.429577112197876,,,,,,,,
E4b,726,0.0005120001151226461,1.8157427636758676,0.9394453016538469,1.0015796820647014,-1.232319893104778,0.11418286862317473,11.97879409790039,3.138895034790039,2.4429962635040283,,,,,,,,
E4b,730,0.0,1.692950730167684,0.9225779600914509,0.8910761222368412,-1.1384164908113668,0.158763600862585,11.92258071899414,3.135554313659668,2.4563534259796143,,,,,,,,
E4b,734,0.0015360000543296337,1.836470908352307,0.9290569197859556,1.0473326265103002,-1.2384677190658828,0.11652168456930667,12.002229690551758,3.1385927200317383,2.4697980880737305,,,,,,,,
E4b,738,0.0010239999974146485,1.9040448922841322,0.8914523254193011,1.0841683239898463,-1.3365011758407548,0.10558254877105355,11.969197273254395,3.128072738647461,2.483205556869507,,,,,,,,
E4b,742,0.0010240001138299704,2.000043774999323,0.8763051736685965,1.1233240632521015,-1.4261693487032538,0.14160141011234373,11.917190551757812,3.128912925720215,2.4965548515319824,,,,,,,,
E4b,746,0.0005119999987073243,1.6303178763815336,0.9467032755178119,0.8149018454149977,-1.067072281103936,0.19972665724344552,11.888052940368652,3.117217540740967,2.5098717212677,,,,,,,,
E4b,750,0.0025599999353289604,1.7448879215452406,0.9033676517151651,1.0056019351720364,-1.1838561795663,0.1523648805450648,12.027615547180176,3.1325130462646484,2.5233445167541504,,,,,,,,
E4b,754,0.0010239999974146485,1.6975567885452794,0.9358356463175918,0.8757694683962071,-1.1459213137730129,0.15498379850760102,11.99842357635498,3.1287574768066406,2.536792516708374,,,,,,,,
E4b,758,0.0005120001151226461,1.7565960513930472,0.9123584141452161,0.9577104334420622,-1.2043375346536143,0.14857492758892477,12.008219718933105,3.1328630447387695,2.550248384475708,,,,,,,,
E4b,762,0.0,1.718388130858777,0.9252606867147344,0.9199463257552194,-1.1615872584904234,0.1458553106058389,11.912932395935059,3.117218017578125,2.5635929107666016,,,,,,,,
E4b,766,0.0005120001151226461,1.781367331802372,0.9502626322209835,0.9704319044822521,-1.1813189260373336,0.12159099301788956,11.913963317871094,3.1178441047668457,2.5769386291503906,,,,,,,,
E4b,770,0.0,1.748986125524555,0.897527732901157,0.9713835233940618,-1.216864647929527,0.1514372567180544,12.011810302734375,3.117218494415283,2.5903940200805664,,,,,,,,
E4b,774,0.0005119999987073243,1.8479564642858883,0.9200588635331581,1.0930907059280175,-1.2752226946417182,0.09101127053145319,12.017053604125977,3.117982864379883,2.6038551330566406,,,,,,,,
E4b,778,0.0005120001151226461,1.8934858523545757,0.912511442093149,1.0194427466697313,-1.2945399481899267,0.09981413822000225,11.92733383178711,3.124034881591797,2.6172173023223877,,,,,,,,
E4b,782,0.0015360000543296337,1.9503900275107413,0.8741707246573198,1.0793650747388046,-1.365269907121916,0.16019903752021492,12.042969703674316,3.120649814605713,2.6307075023651123,,,,,,,,
E4b,786,0.0025599999353289604,2.058976715637578,0.8760720750110017,1.2179305776884195,-1.450614167079847,0.08965982869267464,12.075345039367676,3.1367363929748535,2.6442339420318604,,,,,,,,
E4b,790,0.003583999816328287,1.9083167144821749,0.9001109448098947,1.059525930538162,-1.3198797197657681,0.10999495000578463,12.074507713317871,3.131596088409424,2.657759666442871,,,,,,,,
E4b,794,0.005632000509649515,2.0335717671329068,0.8552808645403102,1.1917822519595276,-1.4531938047924389,0.12620765389874578,11.944136619567871,3.134049892425537,2.6711392402648926,,,,,,,,
E4b,798,0.006144000217318535,1.9046672363248136,0.8858206945338419,1.0855539744344553,-1.3605971038045863,0.17887337820138782,12.037124633789062,3.1396727561950684,2.6846227645874023,,,,,,,,
E4b,802,0.004095999523997307,1.6802982895206364,0.9015471169813758,0.9927914300829228,-1.1517621477703668,0.15571403340436518,12.067654609680176,3.1403675079345703,2.698151111602783,,,,,,,,
E4b,806,0.005119999870657921,2.031939447931354,0.8725150067004419,1.1949578125947224,-1.4470771406980467,0.10065747844055295,12.056872367858887,3.1386356353759766,2.711662530899048,,,,,,,,
E4b,810,0.004095999523997307,1.9314684581070665,0.8649170670126166,1.0993088267729687,-1.3785720629440177,0.18907313770614564,11.904212951660156,3.135639190673828,2.7280380725860596,,,,,,,,
E4b,815,0.004607999697327614,1.7848112006923036,0.857577200742468,1.0572538157410698,-1.2591758658555114,0.17457767552696168,12.049717903137207,3.1379666328430176,2.7415359020233154,,,,,,,,
E4b,819,0.004607999697327614,1.9492167358005803,0.8965004700576029,1.0883588674547735,-1.3532949982262734,0.15486337477341294,12.001970291137695,3.140441417694092,2.7549803256988525,,,,,,,,
E4b,823,0.004607999697327614,1.808542885714107,0.8880212128990226,1.0403331810149794,-1.258860462156701,0.1065753591246903,12.0830717086792,3.136044979095459,2.7685155868530273,,,,,,,,
E4b,827,0.006656000390648842,1.9326986740860674,0.8844397373438354,1.1486218672787853,-1.3535755724749632,0.13098999578505754,11.892730712890625,3.1392059326171875,2.7818374633789062,,,,,,,,
E4b,831,0.008192000910639763,1.9580849114628065,0.8635363582344282,1.1111181478724996,-1.4049462242687623,0.14923246740363538,12.02685832977295,3.1394143104553223,2.7953097820281982,,,,,,,,
E4b,835,0.008192000910639763,1.8407035671647578,0.8467450309249144,1.1248784136416308,-1.3208724543570527,0.16666961857117712,12.014229774475098,3.1352481842041016,2.808767795562744,,,,,,,,
E4b,839,0.009216001257300377,1.998322667524455,0.8345673561450981,1.231323746081664,-1.4415264551320837,0.14361988310702145,12.049248695373535,3.1418614387512207,2.8222649097442627,,,,,,,,
E4b,843,0.009216001257300377,1.815595047282321,0.8749219804765687,1.073094334686175,-1.2739924477442863,0.19659204160173735,11.807982444763184,3.137742042541504,2.8354954719543457,,,,,,,,
E4b,847,0.009728001430630684,1.7964737763598797,0.8644920750447209,1.0519614672642756,-1.2571037229786197,0.19887507474049926,12.018501281738281,3.137998580932617,2.8489582538604736,,,,,,,,
E4b,851,0.009728001430630684,1.7774657335664545,0.9332311211656483,0.938283078476731,-1.2143658472868126,0.1352463987423107,12.040297508239746,3.1385035514831543,2.862445592880249,,,,,,,,
E4b,855,0.009728001430630684,1.8198439362976286,0.8532102608550636,1.1495894713521893,-1.2943631661630841,0.12498088926076889,11.998788833618164,3.1402077674865723,2.8758904933929443,,,,,,,,
E4b,859,0.00870400108397007,1.967374746879888,0.8701923266348858,1.1541237683980656,-1.4009789994729327,0.16532307502347976,11.909895896911621,3.136596202850342,2.889240264892578,,,,,,,,
E4b,863,0.010240001603960991,1.925727331153457,0.8366744209021802,1.2085900120437145,-1.372714265700548,0.10654024046380073,12.018599510192871,3.148159980773926,2.902703046798706,,,,,,,,
E4b,867,0.009216001257300377,1.8208807152769868,0.9119167977589226,0.9928102247667179,-1.254775213417671,0.1641044346615672,12.049756050109863,3.1399693489074707,2.916208505630493,,,,,,,,
E4b,871,0.009216001257300377,1.895380903242363,0.8853697327394334,1.0969731732924928,-1.3259942534690101,0.12302023323718458,12.01617431640625,3.1377615928649902,2.929673910140991,,,,,,,,
E4b,875,0.007168000563979149,1.75919681012867,0.9525721722119858,0.9078955358075006,-1.1777618590535388,0.1585198654793203,11.90488052368164,3.139960765838623,2.943023443222046,,,,,,,,
E4b,879,0.009216001257300377,1.7903358094275943,0.8515018552305207,1.0715974475840913,-1.273060299943955,0.17504283413290977,11.981809616088867,3.1399645805358887,2.9564454555511475,,,,,,,,
E4b,883,0.006144000217318535,1.7036641668676147,0.9304686684220557,0.9627870942549362,-1.1445582339074463,0.1734246916603297,11.974006652832031,3.1378846168518066,2.9698586463928223,,,,,,,,
E4b,887,0.006144000217318535,1.7987355103213636,0.9120977807730909,1.0619660134552353,-1.234402705368305,0.12434686033520848,11.990724563598633,3.1353044509887695,2.983290433883667,,,,,,,,
E4b,891,0.005119999870657921,1.8041800889703963,0.8844723857584453,0.990313792983487,-1.2772998420137263,0.16131347767077386,11.959061622619629,3.1331515312194824,2.9966866970062256,,,,,,,,
E4b,895,0.006656000390648842,1.8381001936301353,0.8509648716638959,1.137756481162036,-1.3081107641485268,0.1283242334611714,12.057865142822266,3.140280246734619,3.0101935863494873,,,,,,,,
E4b,899,0.006656000390648842,1.8641248308122158,0.9297998696491714,1.0599951231018154,-1.3099074709813097,0.13000592170283198,12.045877456665039,3.1380772590637207,3.0236871242523193,,,,,,,,
E4b,903,0.006656000390648842,1.7355036092182947,0.8644866559004026,1.0436482810026118,-1.2145984337280786,0.162162228487432,12.030831336975098,3.1369214057922363,3.0371646881103516,,,,,,,,
E4b,907,0.006656000390648842,1.8772132755331103,0.9115405988007311,1.1082406981819959,-1.2928982956615824,0.13826097020258507,11.852288246154785,3.1393589973449707,3.050443410873413,,,,,,,,
E4b,911,0.007168000563979149,2.074875925490189,0.8001219362966598,1.227898260286606,-1.5327662031077558,0.11788876808714122,12.020477294921875,3.1388168334960938,3.066973924636841,,,,,,,,
E4b,915,0.007168000563979149,1.83491691052618,0.8906711170242892,1.1092154261162643,-1.2918029130207345,0.19625101634301245,12.044425964355469,3.139805316925049,3.0804660320281982,,,,,,,,
E4b,919,0.010240001603960991,1.921943455579735,0.825758382382374,1.138039248550672,-1.385050594030569,0.14270428963936865,12.053598403930664,3.140158176422119,3.09397029876709,,,,,,,,
E4b,923,0.010240001603960991,1.9246618618656481,0.8272374679763166,1.2524753289658632,-1.3851532667047448,0.20128734305035323,11.912915229797363,3.139538288116455,3.107314348220825,,,,,,,,
E4b,927,0.009728001430630684,1.769876167887733,0.874404611893826,1.0147238025969978,-1.2394324096754963,0.1416541775688529,11.945950508117676,3.139841079711914,3.1206958293914795,,,,,,,,
E4b,931,0.009728001430630684,1.901823284311427,0.8483759081138978,1.1640016672187554,-1.376157349097498,0.1466070736059919,12.017309188842773,3.1419930458068848,3.1341614723205566,,,,,,,,
E4b,935,0.00870400108397007,1.8735581003129482,0.8503006048618801,1.1579302937598592,-1.345017370490712,0.16163528512697667,12.115734100341797,3.138597011566162,3.147733211517334,,,,,,,,
E4b,940,0.011776002123951912,1.925550845170778,0.8111592761226116,1.1293048129396153,-1.4028083826341327,0.21320019848644733,11.946148872375488,3.1669845581054688,3.1611151695251465,,,,,,,,
E4b,944,0.010240001603960991,1.8165811618996992,0.8741050580191234,1.1057537431731375,-1.2807348365156306,0.14785412058699876,12.037104606628418,3.14072322845459,3.174598455429077,,,,,,,,
E4b,948,0.012288002297282219,1.9640730664370551,0.8340286431863667,1.154724374316188,-1.4391605391569937,0.1270906061399728,12.108769416809082,3.1402673721313477,3.188162088394165,,,,,,,,
E4b,952,0.010240001603960991,1.8592839041754368,0.8422187129183422,1.1228217253628283,-1.3471523839980364,0.21194094070233405,12.068634986877441,3.137887477874756,3.2016866207122803,,,,,,,,
E4b,956,0.010240001603960991,1.8141536664749895,0.823763844631021,1.1217446381351286,-1.311036026448987,0.1964752171188593,11.975883483886719,3.1403450965881348,3.215101718902588,,,,,,,,
E4b,960,0.009728001430630684,1.8505196605055105,0.8518161027736607,1.1625573464196677,-1.323561192105805,0.12108484143391252,11.989116668701172,3.141934394836426,3.2285315990448,,,,,,,,
E4b,964,0.00870400108397007,2.000933666373529,0.8336228323538625,1.334573142077607,-1.45896374516093,0.10880029993131757,12.007474899291992,3.140829086303711,3.241990327835083,,,,,,,,
E4b,968,0.010752001777291298,2.0632792422695765,0.8417337932993495,1.261439934164397,-1.5075927857930462,0.16503740334883332,12.037878036499023,3.144318103790283,3.255479574203491,,,,,,,,
E4b,972,0.011776002123951912,1.8381140967683187,0.8451205345373305,1.1143339169493904,-1.3314970268402249,0.1803278693308433,11.853642463684082,3.1388230323791504,3.268759250640869,,,,,,,,
E4b,976,0.013312002643942833,2.0666602973545354,0.7652143918509994,1.423331444040497,-1.570790450447165,0.15549272275529802,12.04198932647705,3.1423301696777344,3.2822484970092773,,,,,,,,
E4b,980,0.015360003337264061,1.8435633505384128,0.83374686905789,1.0861201541178596,-1.3515527671025622,0.17835172777995467,12.029839515686035,3.151876926422119,3.2957239151000977,,,,,,,,
E4b,984,0.015360003337264061,1.894884835573889,0.8281465933495571,1.274511320961278,-1.3693995051130297,0.1462496486492455,12.065278053283691,3.1396379470825195,3.309239387512207,,,,,,,,
E4b,988,0.014336002990603447,1.8973021225796805,0.8542234136294278,1.1230423398552212,-1.3571163451166026,0.1705649383366108,11.904908180236816,3.1396923065185547,3.3225748538970947,,,,,,,,
E4b,992,0.015360003337264061,2.0579379047193225,0.8203735270552219,1.3523569984166925,-1.5260229573939883,0.11634788499213755,12.017861366271973,3.139065742492676,3.3360371589660645,,,,,,,,
E4b,996,0.015360003337264061,2.099181089845915,0.803428238376029,1.309614912738829,-1.5581390024975887,0.1448323962977156,12.017292976379395,3.1402816772460938,3.3494985103607178,,,,,,,,
E4b,1000,0.018432004377245903,1.9867051611580546,0.7686624681606652,1.2906070082142616,-1.491727934581124,0.21833759802393615,12.048312187194824,3.1419243812561035,3.362994909286499,,,,,,,,
E4b,1004,0.021504005417227745,2.0865592084351987,0.813387080864419,1.3783408469701213,-1.5468171792241583,0.1038964883191511,11.949275016784668,3.141383171081543,3.376380205154419,,,,,,,,
E4b,1008,0.020992005243897438,1.927771886869792,0.8491857419056552,1.2135600399142548,-1.3864049515243442,0.16102270199917257,12.06973648071289,3.13995361328125,3.3899004459381104,,,,,,,,
E4b,1012,0.023040005937218666,2.049149310600663,0.7977683852234531,1.3162875526320579,-1.5286779043039247,0.12821848806925118,12.092936515808105,3.139986991882324,3.4065022468566895,,,,,,,,
E4b,1016,0.023040005937218666,1.924817666115742,0.8084140995606071,1.174828310785537,-1.414773753167884,0.23241354571655393,12.01518440246582,3.139726161956787,3.419961452484131,,,,,,,,
E4b,1020,0.02406400628387928,1.8494185357694588,0.8127103111159707,1.211765130161683,-1.3656709680910266,0.1931279907003045,11.94812297821045,3.140747547149658,3.433345317840576,,,,,,,,
E4b,1024,0.023552006110548973,1.7674744540145473,0.8403909506778868,1.089885091728795,-1.2742962129118423,0.2004139292985201,12.072371482849121,3.1410374641418457,3.446868658065796,,,,,,,,
E4b,1028,0.023552006110548973,1.8668778113547773,0.8234029065167147,1.1676816436142397,-1.3618941371890878,0.1969651049003005,12.002548217773438,3.1405234336853027,3.460315465927124,,,,,,,,
E4b,1032,0.02252800576388836,1.8106484580489377,0.8467385351421342,1.106573900781266,-1.2770049003071138,0.19437457667663693,12.019838333129883,3.141300678253174,3.4737794399261475,,,,,,,,
E4b,1036,0.0256000068038702,1.9457430830668836,0.8208933708864072,1.2982989800035616,-1.4152999290538626,0.11197418378045161,11.914095878601074,3.141089916229248,3.4871275424957275,,,,,,,,
E4b,1040,0.026112006977200508,1.8309137400476232,0.8490490264126233,1.0942045182629085,-1.304114199657407,0.20265541784465313,11.880650520324707,3.139619827270508,3.5004355907440186,,,,,,,,
E4b,1044,0.028160007670521736,1.8991075929195163,0.7843767588455526,1.2163478609438596,-1.4177974421634443,0.1921112141571939,12.092613220214844,3.1414241790771484,3.5139808654785156,,,,,,,,
E4b,1048,0.026112006977200508,1.7519648048494543,0.8858743603563025,1.104011420744346,-1.2135644860136958,0.17302222247235477,12.05416202545166,3.141094207763672,3.5274837017059326,,,,,,,,
E4b,1052,0.02918400801718235,1.843191306565016,0.8661480252113607,1.1094617991041003,-1.3206686941825503,0.20234363269992173,11.978511810302734,3.156026840209961,3.5409021377563477,,,,,,,,
E4b,1056,0.03072000853717327,1.8346986466102184,0.8496061235015827,1.1531399549402075,-1.311697992958158,0.1304916141089052,12.017814636230469,3.139664649963379,3.55436372756958,,,,,,,,
E4b,1060,0.033792007714509964,1.8881568723609523,0.9076525554179199,1.0617770687746468,-1.3173863754999484,0.14383189816726372,12.053007125854492,3.142763137817383,3.567866325378418,,,,,,,,
E4b,1065,0.033792007714509964,1.9328057189427672,0.8369300035198056,1.2411795149369638,-1.4308351690489207,0.1302779985126108,12.063117980957031,3.141234874725342,3.5813791751861572,,,,,,,,
E4b,1069,0.03481600806117058,1.8472984251640145,0.8387012121578058,1.1329686347770491,-1.320549517903211,0.1893292514141649,12.036526679992676,3.147792339324951,3.594876766204834,,,,,,,,
E4b,1073,0.035328008234500885,1.8458353639949883,0.8362930272779767,1.1455186065216896,-1.3412562853264962,0.16344351274892688,12.010022163391113,3.138782024383545,3.608330011367798,,,,,,,,
E4b,1077,0.0363520085811615,1.9430553125779306,0.8178561855521467,1.3388249036063677,-1.4301103696666866,0.13016734784469008,12.076452255249023,3.1477694511413574,3.6218578815460205,,,,,,,,
E4b,1081,0.0363520085811615,1.8847006805950688,0.8186161226873833,1.1756007275787363,-1.386625729290591,0.21327328868210316,11.93520736694336,3.153231143951416,3.6352274417877197,,,,,,,,
E4b,1085,0.035328008234500885,1.8077423253821001,0.840361172717715,1.1357572278939188,-1.3167530264953033,0.19055140716955066,11.860262870788574,3.1434645652770996,3.6485202312469482,,,,,,,,
E4b,1089,0.033792007714509964,1.858918174273438,0.821607985075504,1.1780858660714506,-1.3499565322380809,0.2042162660509348,12.033975601196289,3.142549514770508,3.6620004177093506,,,,,,,,
E4b,1093,0.03584000840783119,1.8829825670709686,0.8128785172566062,1.210203723252209,-1.3823578459328958,0.19362929090857506,12.071681022644043,3.1485257148742676,3.675523042678833,,,,,,,,
E4b,1097,0.03481600806117058,1.7862236886506988,0.8353539514281447,1.1302434927227893,-1.2854999986455022,0.1726444063242525,12.046808242797852,3.1476993560791016,3.6890175342559814,,,,,,,,
E4b,1101,0.036864008754491806,1.9973822464309041,0.8030443199806743,1.2915025947361507,-1.4812268905142056,0.18344880485286316,11.888054847717285,3.151409149169922,3.702336072921753,,,,,,,,
E4b,1105,0.0363520085811615,1.7725614389729878,0.9039557976500382,0.7890561624124313,-1.2110496343627188,0.19532717345282435,12.051660537719727,3.1488513946533203,3.7158358097076416,,,,,,,,
E4b,1109,0.03942400962114334,1.8894173714021842,0.8117164105236058,1.1933114589261475,-1.3938535229221636,0.1866354695521295,12.029033660888672,3.1595711708068848,3.7293105125427246,,,,,,,,
E4b,1113,0.04147201031446457,1.8358289974312934,0.8080082232398647,1.1381640399931305,-1.3446810690109574,0.1987642883323133,12.075761795043945,3.147796154022217,3.74586820602417,,,,,,,,
E4b,1117,0.040448009967803955,1.8062996413736117,0.8743940185873754,1.1718823049189662,-1.2864799122880435,0.15118906274437904,11.973814964294434,3.1429762840270996,3.7592809200286865,,,,,,,,
E4b,1121,0.041984010487794876,1.9403449735707707,0.7973789478105212,1.3020593832775171,-1.4390207528920165,0.13407972094137222,12.1057767868042,3.143766403198242,3.772841453552246,,,,,,,,
E4b,1125,0.044032011181116104,1.8486007114961034,0.8715463518386796,1.2009003227507111,-1.3339083250575063,0.16369605681393296,12.016826629638672,3.147860527038574,3.7863025665283203,,,,,,,,
E4b,1129,0.04300801083445549,1.7734131359510006,0.8470737915486097,1.0542941081212527,-1.2716119888512092,0.20601281756535172,12.094356536865234,3.1459498405456543,3.7998504638671875,,,,,,,,
E4b,1133,0.044032011181116104,1.7604265270074682,0.8287372390724836,1.138512686631684,-1.2861838975869533,0.19700170680880547,11.944356918334961,3.1456007957458496,3.8132307529449463,,,,,,,,
E4b,1137,0.045568011701107025,1.826538385379882,0.8135202958411167,1.2537050288059373,-1.3204416960906533,0.16100726427976042,12.078155517578125,3.1445260047912598,3.82676100730896,,,,,,,,
E4b,1141,0.04454401135444641,1.8970449872551456,0.8383742222887656,1.25350705421627,-1.3771348177872982,0.1404377898434177,12.081856727600098,3.181483745574951,3.8402962684631348,,,,,,,,
E4b,1145,0.04454401135444641,1.9130651162020744,0.8147828470738161,1.1405532881200535,-1.4048192730295428,0.23973902640864253,12.055580139160156,3.1439027786254883,3.8538033962249756,,,,,,,,
E4b,1149,0.04659201204776764,1.7667553433113627,0.8478162785371145,1.1563906442624197,-1.2664944276671917,0.1777145443484187,11.954973220825195,3.144721508026123,3.8671951293945312,,,,,,,,
E4b,1153,0.047104012221097946,1.9276649044264877,0.8194791009383542,1.2283171496367944,-1.3997383440349487,0.17913605133071542,12.025187492370605,3.142458915710449,3.8806653022766113,,,,,,,,
E4b,1157,0.05017601326107979,1.9093367062390796,0.7839395306294873,1.295922450276453,-1.4153301801499245,0.1481734965927899,12.021862983703613,3.1669726371765137,3.8941359519958496,,,,,,,,
E4b,1161,0.052224013954401016,1.841638442365423,0.868898693176489,1.1639681000526605,-1.326029321688804,0.12479567341506481,12.034136772155762,3.1445131301879883,3.907639265060425,,,,,,,,
E4b,1165,0.052224013954401016,1.875263646511095,0.8401037936823236,1.1635057307624568,-1.3496360609618325,0.2061323681846261,11.906017303466797,3.1488232612609863,3.920978307723999,,,,,,,,
E4b,1169,0.05376001447439194,1.8110230449173186,0.8636068498922719,1.1610302408990354,-1.2964998007241992,0.1945306845009327,11.998425483703613,3.1463518142700195,3.9344186782836914,,,,,,,,
E4b,1173,0.0583680160343647,1.8810266369273738,0.7886232958130893,1.3073580131671434,-1.4070938857464446,0.15295556327328086,12.01573657989502,3.146514415740967,3.94787859916687,,,,,,,,
E4b,1177,0.0583680160343647,1.8682091124060134,0.8266104800951859,1.1113845681834187,-1.3652869457146153,0.17103150603361428,11.941250801086426,3.153585433959961,3.961254596710205,,,,,,,,
E4b,1181,0.059392016381025314,1.827627507112329,0.841335336544684,1.105330708530495,-1.3222286921005608,0.20696211070753634,11.928274154663086,3.1591930389404297,3.974616527557373,,,,,,,,
E4b,1185,0.06144001707434654,1.8242480349209573,0.8363831353979925,1.2476578578978443,-1.337309250992442,0.12061197450384498,12.020135879516602,3.1546945571899414,3.988081216812134,,,,,,,,
E4b,1190,0.06144001707434654,1.7177684033319118,0.8706217519938946,1.135570425213551,-1.204628068410481,0.21314661297947168,12.064318656921387,3.1683597564697266,4.001601219177246,,,,,,,,
E4b,1194,0.06348801404237747,1.9315040357529172,0.817646182452639,1.276002455363745,-1.4289843779766844,0.1035278954077512,12.028908729553223,3.1472768783569336,4.01507568359375,,,,,,,,
E4b,1198,0.06451200693845749,2.014690147387603,0.807276294699737,1.3015881598676875,-1.4998308826230526,0.150065575260669,11.964620590209961,3.1497864723205566,4.028481483459473,,,,,,,,
E4b,1202,0.0650240033864975,1.9524478102250704,0.7818709096265217,1.3278442657093947,-1.4559857040950437,0.21458648960106075,12.003427505493164,3.1505675315856934,4.041927337646484,,,,,,,,
E4b,1206,0.06604799628257751,1.736351649868228,0.8708597437611648,1.098417435195853,-1.236117768895975,0.1874494975199923,12.018131256103516,3.1712851524353027,4.055389881134033,,,,,,,,
E4b,1210,0.06707198917865753,1.8398084795871188,0.8331536681406082,1.1874828724878659,-1.328822653895865,0.1889802012592554,12.044646263122559,3.1442928314208984,4.0688886642456055,,,,,,,,
E4b,1214,0.06707198917865753,1.8081835455719442,0.8235929112526632,1.1185597013682127,-1.3336153683356113,0.2099355636164546,11.950453758239746,3.1528306007385254,4.085381507873535,,,,,,,,
E4b,1218,0.07065596431493759,1.7666809441787856,0.788824788220818,1.157522008705662,-1.301003883609415,0.24662791518494487,12.136187553405762,3.1445794105529785,4.098976135253906,,,,,,,,
E4b,1222,0.07065596431493759,1.7349098052474714,0.8581911416221706,1.0640328655422513,-1.2495733065020649,0.18178814859129488,12.167669296264648,3.1524486541748047,4.112606048583984,,,,,,,,
E4b,1226,0.0711679607629776,1.718164083858331,0.8738811751088452,1.1511094876245331,-1.2100086697517702,0.14684961247257888,12.133885383605957,3.1534924507141113,4.126200199127197,,,,,,,,
E4b,1230,0.07219195365905762,1.7645794071020589,0.8411362433717364,1.193466074369622,-1.272098384047341,0.14260904273639122,11.909984588623047,3.1503491401672363,4.139543056488037,,,,,,,,
E4b,1234,0.07270395010709763,1.8370751522126652,0.8377619798457812,1.0911781908666243,-1.334200668329787,0.19595072092488408,12.077714920043945,3.162318229675293,4.153071880340576,,,,,,,,
E4b,1238,0.07475193589925766,1.6343111794087148,0.889253366856821,1.039264888481807,-1.123770504687277,0.18383005424402654,12.158315658569336,3.156036376953125,4.166691303253174,,,,,,,,
E4b,1242,0.07577592879533768,1.8008001616431608,0.8533445020309753,1.1198777278412635,-1.2966499657717547,0.16324951709248126,12.132919311523438,3.1793670654296875,4.180282115936279,,,,,,,,
E4b,1246,0.07475193589925766,1.8247982362906139,0.8139771756730856,1.3115424648858607,-1.3417474255446227,0.13808236201293766,11.955244064331055,3.1556310653686523,4.193674087524414,,,,,,,,
E4b,1250,0.07526393234729767,1.8995781166863346,0.8412988725162688,1.2807191924483918,-1.3857251840554887,0.14573774300515652,12.040820121765137,3.1458921432495117,4.207161903381348,,,,,,,,
E4b,1254,0.07526393234729767,1.7900212988375672,0.782872097684987,1.1772744653663083,-1.345485168487011,0.2200020793825388,12.026331901550293,3.151979446411133,4.220633506774902,,,,,,,,
E4b,1258,0.07526393234729767,1.7673785258380195,0.8354180530304947,1.110470454173802,-1.2772190285336582,0.21107142325490713,11.914103507995605,3.1501097679138184,4.233982086181641,,,,,,,,
E4b,1262,0.07935990393161774,1.8340151668895806,0.8161020774157748,1.267269385631071,-1.3474161323706901,0.16523033240810037,11.888256072998047,3.145519256591797,4.247310161590576,,,,,,,,
E4b,1266,0.07987190037965775,1.833653508729878,0.8435481727744142,1.208089645614903,-1.3367029409984954,0.15290369442664087,12.058123588562012,3.1671833992004395,4.260817050933838,,,,,,,,
E4b,1270,0.07884790748357773,1.8084600622218752,0.8582004212020409,1.1143570750145548,-1.3000457982407025,0.15572311356663704,12.033656120300293,3.178511142730713,4.27429723739624,,,,,,,,
E4b,1274,0.07987190037965775,1.7308783735784272,0.8295243760304791,1.1275188575860169,-1.2483477959268918,0.23106745071709156,12.063685417175293,3.1560325622558594,4.287810325622559,,,,,,,,
E4b,1278,0.08089589327573776,1.7488463783547992,0.8263173774771747,1.1297706796808529,-1.2815703863411076,0.1750753119122237,11.94249439239502,3.165153980255127,4.301187515258789,,,,,,,,
E4b,1282,0.08243188261985779,1.8266640152663938,0.8469467547145628,1.2136048001459618,-1.3113681733874338,0.14608142781071365,12.07089614868164,3.1850595474243164,4.314709186553955,,,,,,,,
E4b,1286,0.08243188261985779,1.8103693376576144,0.8059311035783991,1.1949112727133029,-1.3374816559011204,0.2222202238626778,12.044914245605469,3.1597142219543457,4.328201770782471,,,,,,,,
E4b,1290,0.08243188261985779,1.6603719373898846,0.9021959924508655,0.9970014557284095,-1.141471130695815,0.16403884277679026,12.102531433105469,3.1856493949890137,4.341760635375977,,,,,,,,
E4b,1294,0.0834558755159378,1.6844801305541917,0.8668926338709536,1.0497103473877138,-1.178145998785834,0.2398941529293855,11.949723243713379,3.1626648902893066,4.355149269104004,,,,,,,,
E4b,1298,0.0829438790678978,1.7019243181816168,0.8361206363945727,1.125238081912941,-1.220291251324058,0.17014452605508268,12.060443878173828,3.1513867378234863,4.368659019470215,,,,,,,,
E4b,1302,0.08396787196397781,1.753326807644159,0.8479270607469573,1.122871449161599,-1.257566799550125,0.19542547781020403,11.935701370239258,3.1554198265075684,4.382029056549072,,,,,,,,
E4b,1306,0.08396787196397781,1.676824767024271,0.8659386753385502,1.0939847952477746,-1.1894025832215058,0.21009093755856156,12.023483276367188,3.1807079315185547,4.395498275756836,,,,,,,,
E4b,1310,0.0834558755159378,1.7267330959734937,0.8456953087496379,1.0660965075758078,-1.2381857829519534,0.16565316799096763,11.90644645690918,3.158295154571533,4.408835411071777,,,,,,,,
E4b,1314,0.0829438790678978,1.6931308318106901,0.8953462155269725,1.008757759344333,-1.1662157836835831,0.1717875209869817,11.926819801330566,3.169541358947754,4.425275802612305,,,,,,,,
E4b,1319,0.08396787196397781,1.7048307228537778,0.8596161082978286,1.0491978975026799,-1.221623338415243,0.1672549380455166,11.993803024291992,3.1518845558166504,4.438713550567627,,,,,,,,
E4b,1323,0.08703985065221786,1.7980470298419868,0.8039613988191362,1.2032226244084983,-1.3139616596320318,0.177376898820512,12.04831600189209,3.1592512130737305,4.452209949493408,,,,,,,,
E4b,1327,0.08806384354829788,1.7551975086449632,0.8792989104690533,1.1074591677344001,-1.2445274328458167,0.15944012335967273,11.999776840209961,3.1588926315307617,4.465651988983154,,,,,,,,
E4b,1331,0.08652785420417786,1.619498678763944,0.8826423198694274,0.9937334228307009,-1.1226495376728949,0.19575751177035272,12.069192886352539,3.151609420776367,4.4791717529296875,,,,,,,,
E4b,1335,0.08806384354829788,1.7706368830173262,0.8651308060461094,1.1644477519595913,-1.264008732046932,0.15407725027762353,12.08635425567627,3.1593003273010254,4.492710590362549,,,,,,,,
E4b,1339,0.09011182934045792,1.8216045437351105,0.8144595304592734,1.2264126753782048,-1.332544519691654,0.17062831111252308,12.028660774230957,3.1615853309631348,4.506185054779053,,,,,,,,
E4b,1343,0.08806384354829788,1.7615386867333973,0.8492868494183298,1.0622914035999174,-1.2723025222685898,0.21391931921243668,11.918782234191895,3.1556482315063477,4.519537925720215,,,,,,,,
E4b,1347,0.08755184710025787,1.7458260465295068,0.8394756107812836,1.1343408395091432,-1.2507974005799505,0.18846138939261436,12.042160987854004,3.2024717330932617,4.533027172088623,,,,,,,,
E4b,1351,0.08959983289241791,1.6803428838177332,0.8946177433762286,0.9664923490803522,-1.1665665521877744,0.17937414444168098,12.055842399597168,3.1598172187805176,4.546532154083252,,,,,,,,
E4b,1355,0.08959983289241791,1.6619849090893117,0.8472084669721505,1.0982766922618916,-1.1778428330204436,0.19146846001967788,12.090738296508789,3.1542410850524902,4.560075759887695,,,,,,,,
E4b,1359,0.08959983289241791,1.6774113454989024,0.9052761989453483,1.0254806010123116,-1.152964626623702,0.15426511286447445,11.891414642333984,3.1628775596618652,4.573398590087891,,,,,,,,
E4b,1363,0.09113582223653793,1.8826615994884854,0.8081554556413303,1.315340337836976,-1.3976028847530306,0.13387244287878275,12.08098030090332,3.1482887268066406,4.5869317054748535,,,,,,,,
E4b,1367,0.09215981513261795,1.8884394175358235,0.8489288849430898,1.2129238149179007,-1.3616008951923706,0.1294232909567654,12.062829971313477,3.1475043296813965,4.6004438400268555,,,,,,,,
E4b,1371,0.095231793820858,1.8704376164528111,0.8154773779863876,1.183012074915998,-1.3803296649185497,0.18212288105860353,12.053202629089355,3.1831583976745605,4.613946437835693,,,,,,,,
E4b,1375,0.09420780092477798,1.7691840296093788,0.919607712517655,1.133881303328854,-1.2169673481350025,0.1984449508599937,11.92636775970459,3.158799648284912,4.627320289611816,,,,,,,,
E4b,1379,0.095231793820858,1.6540453276109128,0.8319599188509441,1.0727326487288324,-1.1829928930604918,0.20267996843904257,12.039741516113281,3.159487724304199,4.640807151794434,,,,,,,,
E4b,1383,0.09318380802869797,1.6340463220600099,0.8494072612670679,1.085847370576725,-1.1701448727177368,0.19274953519925475,12.016948699951172,3.1516928672790527,4.654268741607666,,,,,,,,
E4b,1387,0.095231793820858,1.6686368409012045,0.8174734260768645,1.0995950064997175,-1.209265594479687,0.214551554992795,12.057918548583984,3.1943869590759277,4.667778968811035,,,,,,,,
E4b,1391,0.095231793820858,1.7624687541217086,0.8746327307548315,1.1526018083512561,-1.2476522015474205,0.12551585445180535,11.888368606567383,3.1647353172302246,4.681096076965332,,,,,,,,
E4b,1395,0.09779177606105804,1.9629005153500845,0.8303192965390663,1.2192373827044198,-1.4192469408735633,0.17036561493296176,12.039519309997559,3.157111167907715,4.694582462310791,,,,,,,,
E4b,1399,0.09983976185321808,1.822415875064002,0.8226676070027881,1.204514418951055,-1.3410572188089616,0.219524169806391,12.03712272644043,3.179882049560547,4.708066463470459,,,,,,,,
E4b,1403,0.10188774764537811,1.643258508560913,0.8426471078206622,1.057398310834681,-1.165321665871445,0.21922064432874322,12.049118041992188,3.1511964797973633,4.721564292907715,,,,,,,,
E4b,1407,0.10291174054145813,1.6936023915334353,0.8589158836929571,1.0897985460486874,-1.199966051275768,0.1764665984082967,11.901921272277832,3.169933795928955,4.734898567199707,,,,,,,,
E4b,1411,0.10444772988557816,1.6561685913493709,0.8662388873183064,1.0326554358505935,-1.1655233399055542,0.17136599274817854,12.046429634094238,3.164945602416992,4.748392581939697,,,,,,,,
E4b,1415,0.1013757511973381,1.6556793006639632,0.9083974121049756,0.9843301143803036,-1.1439015488010935,0.16733438265509903,12.003039360046387,3.177781581878662,4.7649078369140625,,,,,,,,
E4b,1419,0.10239974409341812,1.6054593201667544,0.8570806954115157,1.0620655120600626,-1.1319530183331123,0.1980369114317,11.749101638793945,3.158811569213867,4.778071403503418,,,,,,,,
E4b,1423,0.10342373698949814,1.6868328612356904,0.8609204559572159,1.092440136725958,-1.1970578201765578,0.1808350815748175,11.91540813446045,3.159240245819092,4.791420936584473,,,,,,,,
E4b,1427,0.10393573343753815,1.6938195695716238,0.8683273354101748,1.080669918611868,-1.2054458132553254,0.17233961587771773,12.014275550842285,3.1689982414245605,4.804879188537598,,,,,,,,
E4b,1431,0.10342373698949814,1.6756611407276183,0.8344212167615456,1.111017453143679,-1.2063812264980422,0.21128714154474437,12.068638801574707,3.1679677963256836,4.8183979988098145,,,,,,,,
E4b,1435,0.10547172278165817,1.621013873094131,0.8814289058957782,1.0390177260417102,-1.136810490340438,0.15385032864287496,12.11524486541748,3.177036762237549,4.831969261169434,,,,,,,,
E4b,1439,0.1075197085738182,1.7113827869650864,0.8715640655940488,1.1088184642452579,-1.2020232617478108,0.18694755202159286,12.015724182128906,3.1585288047790527,4.845428943634033,,,,,,,,
E4b,1444,0.10905569791793823,1.739347416316233,0.8541815642799649,1.1151020644899847,-1.2553164175349392,0.14929111953824759,12.042059898376465,3.176201343536377,4.858918190002441,,,,,,,,
E4b,1448,0.10905569791793823,1.7256475950162562,0.8218877043811574,1.1396444921882183,-1.2466674103763782,0.22030551033094525,12.067448616027832,3.155864715576172,4.872436046600342,,,,,,,,
E4b,1452,0.11059168726205826,1.7545560293254399,0.8103213283632483,1.1774743595091042,-1.28431963518868,0.16523210238665342,12.084599494934082,3.1544313430786133,4.885974884033203,,,,,,,,
E4b,1456,0.11263967305421829,1.710001864544456,0.8439161714225535,1.1047317500837814,-1.228306661518882,0.23260241001844406,11.983612060546875,3.2060818672180176,4.8994011878967285,,,,,,,,
E4b,1460,0.11110368371009827,1.6331447491215334,0.8527398571253769,1.060158598584248,-1.1586559633650477,0.21015734504908323,12.034366607666016,3.1676993370056152,4.912881374359131,,,,,,,,
E4b,1464,0.11161568015813828,1.6156236184021784,0.8876784715269294,1.0777932078396875,-1.1238870943807775,0.15589678240939975,12.095831871032715,3.164987564086914,4.926430702209473,,,,,,,,
E4b,1468,0.11263967305421829,1.712522104086857,0.8521678213562284,1.1413038385990284,-1.2420128456331672,0.15631619794294238,12.034585952758789,3.1758522987365723,4.939918041229248,,,,,,,,
E4b,1472,0.11059168726205826,1.6689821975453505,0.8668488604090516,1.0845349175410706,-1.182841164902562,0.1664934023283422,11.986892700195312,3.152082920074463,4.95334529876709,,,,,,,,
E4b,1476,0.11110368371009827,1.7650549298536682,0.8397638585773253,1.139114620045884,-1.2672868802448705,0.20958826201967895,12.050310134887695,3.1843037605285645,4.966844081878662,,,,,,,,
E4b,1480,0.10905569791793823,1.754191101247829,0.8507479062333466,1.0756572473780321,-1.2707181005657369,0.1693480454850942,12.07129955291748,3.181720733642578,4.980365753173828,,,,,,,,
E4b,1484,0.10905569791793823,1.7047521891811537,0.8359003927972581,1.1222160416655242,-1.2251356862049314,0.19389947527088225,12.0669527053833,3.1742935180664062,4.99388313293457,,,,,,,,
E4b,1488,0.10905569791793823,1.7428597986461625,0.8137562626765834,1.0879765607233187,-1.2891475850372531,0.22215936332941055,11.887027740478516,3.1670122146606445,5.007205486297607,,,,,,,,
E4b,1492,0.10803170502185822,1.6480926843507895,0.8573049261929497,1.0933593175193268,-1.17526515824942,0.19605870777741075,12.033430099487305,3.1718411445617676,5.020685195922852,,,,,,,,
E4b,1496,0.1070077121257782,1.715736090604748,0.8381305930929052,1.1516012393716555,-1.231636453737756,0.19891242752783,11.978453636169434,3.1514382362365723,5.034122467041016,,,,,,,,
E4b,1500,0.1070077121257782,1.8852431774139404,0.8361275941133499,0.2916136784479022,-1.6574667245149612,0.12979701976291835,10.303053855895996,3.1413726806640625,5.047854423522949,14.013164432310631,1,0.007512099575251341,0.5280200242996216,0.07547000050544739,1,1,1
